-- phpMyAdmin SQL Dump
-- version 3.2.4
-- http://www.phpmyadmin.net
--
-- Host: localhost
-- Generation Time: Dec 14, 2011 at 04:51 PM
-- Server version: 5.1.41
-- PHP Version: 5.3.1

SET SQL_MODE="NO_AUTO_VALUE_ON_ZERO";


/*!40101 SET @OLD_CHARACTER_SET_CLIENT=@@CHARACTER_SET_CLIENT */;
/*!40101 SET @OLD_CHARACTER_SET_RESULTS=@@CHARACTER_SET_RESULTS */;
/*!40101 SET @OLD_COLLATION_CONNECTION=@@COLLATION_CONNECTION */;
/*!40101 SET NAMES utf8 */;

--
-- Database: `sontest`
--

-- --------------------------------------------------------

--
-- Table structure for table `ibs_currency_type`
--

CREATE TABLE IF NOT EXISTS `ibs_currency_type` (
  `id` int(2) NOT NULL AUTO_INCREMENT,
  `name` varchar(100) COLLATE utf8_unicode_ci NOT NULL,
  PRIMARY KEY (`id`)
) ENGINE=InnoDB  DEFAULT CHARSET=utf8 COLLATE=utf8_unicode_ci AUTO_INCREMENT=3 ;

--
-- Dumping data for table `ibs_currency_type`
--

INSERT INTO `ibs_currency_type` (`id`, `name`) VALUES
(1, 'gold'),
(2, 'xu');

-- --------------------------------------------------------

--
-- Table structure for table `ibs_item`
--

CREATE TABLE IF NOT EXISTS `ibs_item` (
  `id` int(11) NOT NULL AUTO_INCREMENT,
  `item_id_text` varchar(100) COLLATE utf8_unicode_ci NOT NULL COMMENT 'Manual ItemId',
  `type` int(11) NOT NULL COMMENT 'Quy định kiểu item: item trang trí heo, item ngoại, item thuốc...',
  `name` varchar(255) COLLATE utf8_unicode_ci NOT NULL,
  `description` varchar(100) COLLATE utf8_unicode_ci NOT NULL,
  `quantity` int(11) NOT NULL,
  `have_default` tinyint(1) NOT NULL COMMENT 'Có phải item mặc định hay không',
  `item_key` varchar(100) COLLATE utf8_unicode_ci NOT NULL COMMENT 'Key item, bị ràng buộc bởi type. Change to item_key because key is private keyword of mysql',
  `effect` float NOT NULL,
  `limited` int(11) NOT NULL COMMENT 'Thời gian hết hạn (tính theo giờ). Nếu item không thời hạn: giá trị = -1',
  `use_at_home` tinyint(1) NOT NULL COMMENT 'Chỉ cho phép sử dụng ở nhà mình hay không? Default: false',
  `max_level` int(11) NOT NULL COMMENT 'Số level tối thiểu của  người chơi có thể mua item này',
  `exp` int(11) NOT NULL COMMENT 'Kinh nghiệm nhận được khi mua item',
  `refine_level` int(11) NOT NULL,
  `expired_coin` int(11) NOT NULL COMMENT 'Số tiền dùng để unlock ngoại trang khi hết hạn sử dụng (Giá trị xu)',
  `image` varchar(255) COLLATE utf8_unicode_ci NOT NULL COMMENT 'Tên hình hiển thị',
  PRIMARY KEY (`id`),
  UNIQUE KEY `ItemId` (`item_id_text`)
) ENGINE=InnoDB  DEFAULT CHARSET=utf8 COLLATE=utf8_unicode_ci AUTO_INCREMENT=319 ;

--
-- Dumping data for table `ibs_item`
--

INSERT INTO `ibs_item` (`id`, `item_id_text`, `type`, `name`, `description`, `quantity`, `have_default`, `item_key`, `effect`, `limited`, `use_at_home`, `max_level`, `exp`, `refine_level`, `expired_coin`, `image`) VALUES
(1, '1', 1, 'Cám gạo', 'Duy trì tốc độ sinh trưởng cơ bản, chỉ được mua đến cấp độ 15.', 120, 0, 'TI_LE_TANG_CAN', 0, 0, 0, 15, 0, 0, 15, 'BranRise.png'),
(2, '2', 1, 'Bắp thượng hạng', 'Tốc độ sinh trưởng tăng thêm 0.9kg/h so với tốc độ sinh trưởng cơ bản, chỉ được mua đến cấp 30.', 120, 0, 'TI_LE_TANG_CAN', 0.9, 0, 0, 30, 0, 0, 15, 'Maize.png'),
(3, '10', 2, 'Chuồng Heo bằng gỗ', 'Chuồng Heo bằng gỗ', 1, 1, 'CHUONG_HEO', 7, -1, 0, -1, 0, 0, 15, 'ArchPigsty1.png'),
(4, '11', 2, 'Chuồng Heo bằng rơm', 'Chuồng Heo bằng rơm', 1, 0, 'CHUONG_HEO', 9, 720, 0, -1, 0, 0, 15, 'ArchPigsty2.png'),
(5, '12', 2, 'Chuồng heo bằng xi măng', 'Chuồng heo bằng xi măng', 1, 0, 'CHUONG_HEO', 12, 720, 0, -1, 0, 0, 15, 'ArchPigsty3.png'),
(6, '15', 2, 'Chuồng heo cấp 3', 'Chứa 12 heo trong chuồng', 1, 0, 'CHUONG_HEO', 12, 720, 0, -1, 0, 0, 15, 'ArchPigsty3.png'),
(7, '16', 3, 'Sữa tươi', 'Sữa bò tươi nguyên chất ở vùng cao nguyên Mộc Châu. Sau khi cho uống sẽ lập tức tăng 1.8kg/heo/lần.', 1, 0, 'TANG_CAN', 1.8, 0, 1, -1, 0, 0, 15, 'IconMilk.png'),
(8, '17', 3, 'Tăng lực Heo cụng', 'Được pha chế từ các nguyên liệu đặc biệt, giúp bổ sung thể lực cho heo. Sau khi cho uống sẽ lập tức ', 1, 0, 'TANG_CAN', 5.4, 0, 1, -1, 0, 0, 15, 'IconRed.png'),
(9, '18', 3, 'Thuốc chữa bệnh', 'Sử dụng cho heo bị bệnh. Sau khi dùng thuốc, điểm Sức khỏe của Heo là 50 điểm.', 1, 0, 'CHUA_BENH', 50, 0, 0, -1, 0, 0, 15, 'IconMedicine.png'),
(10, '20', 4, 'Mũ bảo hiểm', 'Dùng để trang trí cho heo, hạn dùng 14 ngày.', 1, 0, 'TRANG_TRI_MU', 1, 336, 0, -1, 0, 0, 15, 'HatHelmet.png'),
(11, '21', 1, 'Hamburger', 'Tốc độ sinh trưởng tăng thêm 3.6kg/h so với tốc độ sinh trưởng cơ bản.', 120, 0, 'TI_LE_TANG_CAN', 3.6, 0, 0, -1, 0, 0, 15, 'FastFood.png'),
(12, '22', 2, 'Ngoại cảnh bộ Vườn Cỏ', 'Ngoại cảnh bộ Vườn Cỏ', 1, 1, 'BO_TRANGTRI', 30, -1, 0, -1, 0, 0, 15, 'Bo1.png'),
(13, '23', 2, 'Ngoại cảnh bộ Mùa Thu', 'Ngoại cảnh bộ Mùa Thu', 1, 0, 'BO_TRANGTRI', 30, 720, 0, -1, 0, 0, 15, 'Bo2.png'),
(14, '24', 2, 'Ngoại cảnh bộ Công Trường', 'Ngoại cảnh bộ Công Trường', 1, 0, 'BO_TRANGTRI', 30, 720, 0, -1, 0, 0, 15, 'Bo3.png'),
(15, '32', 4, 'Mũ cao bồi', 'Kinh nghiệm nhận được khi mua: 20 exp, hạn dùng 14 ngày.', 1, 0, 'TRANG_TRI_MU', 1, 336, 0, -1, 20, 0, 15, 'HatCowboy.png'),
(16, '33', 4, 'Kính hoa', 'Kinh nghiệm nhận được khi mua: 20 exp, hạn dùng 14 ngày.', 1, 0, 'TRANG_TRI_KINH', 1, 336, 0, -1, 20, 0, 15, 'GlassesFlower.png'),
(17, '34', 3, 'Thuốc gây bệnh', 'Sử dụng cho Heo khỏe mạnh ở chuồng heo nhà bạn bè. Sau khi dùng thuốc, điểm Sức khỏe của Heo còn 5 đ', 1, 0, 'GAY_BENH', 5, 0, 0, -1, 0, 0, 15, 'IconCreateSick.png'),
(18, '35', 4, 'Nón lá', 'Kinh nghiệm nhận được khi mua: 10 exp, hạn dùng 14 ngày.', 1, 0, 'TRANG_TRI_MU', 1, 336, 0, -1, 10, 0, 15, 'HatLeaf.png'),
(19, '36', 4, 'Mũ hồng', 'Kinh nghiệm nhận được khi mua: 10 exp, hạn dùng 14 ngày.', 1, 0, 'TRANG_TRI_MU', 1, 336, 0, -1, 10, 0, 15, 'HatPink.png'),
(20, '37', 4, 'Mũ Giáng Sinh', 'Kinh nghiệm nhận được khi mua: 20 exp, hạn dùng 14 ngày.', 1, 0, 'TRANG_TRI_MU', 1, 336, 0, -1, 20, 0, 15, 'HatChirstmas.png'),
(21, '38', 4, 'Mũ ảo thuật', 'Kinh nghiệm nhận được khi mua: 20 exp, hạn dùng 14 ngày.', 1, 0, 'TRANG_TRI_MU', 1, 336, 0, -1, 20, 0, 15, 'HatMagic.png'),
(22, '39', 4, 'Mặt nạ', 'Dùng để trang trí cho heo, hạn dùng 14 ngày.', 1, 0, 'TRANG_TRI_KINH', 1, 336, 0, -1, 0, 0, 15, 'GlassesMaskResist.png'),
(23, '40', 4, 'Kính tròn xanh', 'Kinh nghiệm nhận được khi mua: 10 exp, hạn dùng 14 ngày.', 1, 0, 'TRANG_TRI_KINH', 1, 336, 0, -1, 10, 0, 15, 'GlassesBlue.png'),
(24, '41', 4, 'Kính siêu nhân', 'Kinh nghiệm nhận được khi mua: 20 exp, hạn dùng 14 ngày.', 1, 0, 'TRANG_TRI_KINH', 1, 336, 0, -1, 20, 0, 15, 'GlassesSuperman.png'),
(25, '42', 4, 'Mũi cà chua', 'Kinh nghiệm nhận được khi mua: 20 exp, hạn dùng 14 ngày.', 1, 0, 'TRANG_TRI_KINH', 1, 336, 0, -1, 20, 0, 15, 'GlassesTomato.png'),
(26, '43', 4, 'Kính cảnh sát', 'Kinh nghiệm nhận được khi mua: 20 exp, hạn dùng 14 ngày.', 1, 0, 'TRANG_TRI_KINH', 1, 336, 0, -1, 20, 0, 15, 'GlassesPolice.png'),
(27, '44', 2, 'Chuồng chó bằng gỗ', 'Chuồng chó bằng gỗ', 1, 1, 'CHUONG_CHO', 1, -1, 0, -1, 0, 0, 15, 'ArchDogsty1.png'),
(28, '45', 2, 'Xưởng chế biến bằng gỗ', 'Xưởng chế biến bằng gỗ', 1, 1, 'XUONG_CHE_BIEN', 1, -1, 0, -1, 0, 0, 15, 'ArchStudio1.png'),
(29, '46', 2, 'Máng ăn bằng gỗ', 'Máng ăn bằng gỗ', 1, 1, 'MANG_AN', 1, -1, 0, -1, 0, 0, 15, 'ArchEatGutter1.png'),
(30, '47', 2, 'Giếng tắm bằng gỗ', 'Giếng tắm bằng gỗ', 1, 1, 'VOI_TAM', 1, -1, 0, -1, 0, 0, 15, 'ArchWashup1.png'),
(31, '49', 4, 'Kính cướp biển', 'Kinh nghiệm nhận được khi mua: 10 exp, hạn dùng 14 ngày.', 1, 0, 'TRANG_TRI_KINH', 1, 336, 0, -1, 10, 0, 15, 'GlassesPirate.png'),
(32, '50', 4, 'Kính mát hồng', 'Kinh nghiệm nhận được khi mua: 20 exp, hạn dùng 14 ngày.', 1, 0, 'TRANG_TRI_KINH', 1, 336, 0, -1, 20, 0, 15, 'GlassesRose.png'),
(33, '51', 4, 'Mũ lễ hội', 'Kinh nghiệm nhận được khi mua: 20 exp, hạn dùng 14 ngày.', 1, 0, 'TRANG_TRI_MU', 1, 336, 0, -1, 20, 0, 15, 'HatParty.png'),
(34, '52', 4, 'Mũ xanh lá', 'Kinh nghiệm nhận được khi mua: 10 exp, hạn dùng 14 ngày.', 14, 0, 'TRANG_TRI_MU', 1, 336, 0, -1, 10, 0, 15, 'HatGreen.png'),
(35, '53', 4, 'Áo ba lỗ', 'Dùng để trang trí cho heo, hạn dùng 14 ngày, hạn dùng 14 ngày.', 1, 0, 'TRANG_TRI_AO', 1, 336, 0, -1, 0, 0, 15, 'ShirtBalo.png'),
(36, '54', 4, 'Áo sơ mi', 'Kinh nghiệm nhận được khi mua: 30 exp, hạn dùng 14 ngày.', 1, 0, 'TRANG_TRI_AO', 1, 336, 0, -1, 30, 0, 15, 'ShirtSomi.png'),
(37, '55', 4, 'Kính bác học', 'Kinh nghiệm nhận được khi mua: 20 exp, hạn dùng 14 ngày.', 1, 0, 'TRANG_TRI_KINH', 1, 336, 0, -1, 20, 0, 15, 'GlassesScientis.png'),
(38, '56', 4, 'Kính ngôi sao', 'Kinh nghiệm nhận được khi mua: 20 exp, hạn dùng 14 ngày.', 1, 0, 'TRANG_TRI_KINH', 1, 336, 0, -1, 20, 0, 15, 'GlassesStar.png'),
(39, '57', 4, 'Kính Nobita', 'Kinh nghiệm nhận được khi mua: 20 exp, hạn dùng 14 ngày.', 1, 0, 'TRANG_TRI_KINH', 1, 336, 0, -1, 20, 0, 15, 'GlassesNobita.png'),
(40, '58', 4, 'Kính sành điệu', 'Kinh nghiệm nhận được khi mua: 20 exp, hạn dùng 14 ngày.', 1, 0, 'TRANG_TRI_KINH', 1, 336, 0, -1, 20, 0, 15, 'GlassesSanhDieu.png'),
(41, '60', 4, 'Kính người nhện', 'Kinh nghiệm nhận được khi mua: 20 exp, hạn dùng 14 ngày.', 1, 0, 'TRANG_TRI_KINH', 1, 336, 0, -1, 20, 0, 15, 'GlassesSpider.png'),
(42, '61', 4, 'Kính thiên thần', 'Kinh nghiệm nhận được khi mua: 20 exp, hạn dùng 14 ngày.', 1, 0, 'TRANG_TRI_KINH', 1, 336, 0, -1, 20, 0, 15, 'GlassesThienThan.png'),
(43, '62', 4, 'Nơ hồng', 'Kinh nghiệm nhận được khi mua: 10 exp, hạn dùng 14 ngày.', 1, 0, 'TRANG_TRI_MU', 1, 336, 0, -1, 10, 0, 15, 'HatNoHong.png'),
(44, '63', 4, 'Mũ tennis', 'Kinh nghiệm nhận được khi mua: 20 exp, hạn dùng 14 ngày.', 1, 0, 'TRANG_TRI_MU', 1, 336, 0, -1, 20, 0, 15, 'HatTennis.png'),
(45, '64', 4, 'Vương miện', 'Kinh nghiệm nhận được khi mua: 20 exp, hạn dùng 14 ngày.', 1, 0, 'TRANG_TRI_MU', 1, 336, 0, -1, 20, 0, 15, 'HatVuongMien.png'),
(46, '65', 4, 'Áo ba lê', 'Kinh nghiệm nhận được khi mua: 40 exp, hạn dùng 14 ngày.', 1, 0, 'TRANG_TRI_AO', 1, 336, 0, -1, 40, 0, 15, 'ShirtBale.png'),
(47, '66', 4, 'Áo ghilê', 'Kinh nghiệm nhận được khi mua: 40 exp, hạn dùng 14 ngày.', 1, 0, 'TRANG_TRI_AO', 1, 336, 0, -1, 40, 0, 15, 'ShirtGile.png'),
(48, '67', 4, 'Áo gilê sơ mi', 'Kinh nghiệm nhận được khi mua: 30 exp, hạn dùng 14 ngày.', 1, 0, 'TRANG_TRI_AO', 1, 336, 0, -1, 30, 0, 15, 'ShirtGileSomi.png'),
(49, '68', 4, 'Áo khoác đỏ', 'Kinh nghiệm nhận được khi mua: 30 exp, hạn dùng 14 ngày.', 1, 0, 'TRANG_TRI_AO', 1, 336, 0, -1, 30, 0, 15, 'ShirtRedCoat.png'),
(50, '69', 4, 'Áo nữ sinh', 'Kinh nghiệm nhận được khi mua: 30 exp, hạn dùng 14 ngày.', 1, 0, 'TRANG_TRI_AO', 1, 336, 0, -1, 30, 0, 15, 'ShirtNuSinh.png'),
(51, '70', 4, 'Áo siêu nhân', 'Kinh nghiệm nhận được khi mua: 40 exp, hạn dùng 14 ngày.', 1, 0, 'TRANG_TRI_AO', 1, 336, 0, -1, 40, 0, 15, 'ShirtSuperMan.png'),
(52, '71', 2, 'Chuồng chó bằng rơm', 'Chuồng chó bằng rơm', 1, 0, 'CHUONG_CHO', 1, 720, 0, -1, 0, 0, 15, 'ArchDogsty2.png'),
(53, '72', 2, 'Xưởng chế biến bằng rơm', 'Xưởng chế biến bằng rơm', 1, 0, 'XUONG_CHE_BIEN', 1, 720, 0, -1, 0, 0, 15, 'ArchStudio2.png'),
(54, '73', 2, 'Máng ăn bằng rơm', 'Máng ăn bằng rơm', 1, 0, 'MANG_AN', 1, 720, 0, -1, 0, 0, 15, 'ArchEatGutter2.png'),
(55, '74', 2, 'Giếng tắm bằng rơm', 'Giếng tắm bằng rơm', 1, 0, 'VOI_TAM', 1, 720, 0, -1, 0, 0, 15, 'ArchWashup2.png'),
(56, '75', 3, 'Thuốc đuổi bệnh', 'Sử dụng cho heo bị bệnh. Sau khi dùng thuốc, điểm Sức khỏe của Heo là 100 điểm.', 1, 0, 'CHUA_BENH', 100, 0, 0, -1, 0, 0, 15, 'IconMedicineSpec.png'),
(57, '76', 3, 'Thuốc bổ', 'Sử dụng cho heo khỏe mạnh. Tăng 40 điểm sức khỏe/heo/lần.', 1, 0, 'THUOC_BO', 40, 0, 0, -1, 0, 0, 15, 'IconTonic.png'),
(58, '77', 1, 'Bột Protein', 'Tốc độ sinh trưởng tăng thêm 7.2kg/h so với tốc độ sinh trưởng cơ bản.', 120, 0, 'TI_LE_TANG_CAN', 7.2, 0, 0, -1, 0, 0, 15, 'ProteinFood.png'),
(59, '78', 3, 'PigMama', 'Sử dụng cho Heo cái đang mang thai. Rút ngắn thời gian mang thai, heo cái rút ngắn 3 giờ mang thai.', 1, 0, 'SINH_NHANH', 3, 0, 1, -1, 0, 0, 15, 'PregnentA.png'),
(60, '79', 3, 'ProMama', 'Sử dụng cho Heo cái đang mang thai. Rút ngắn thời gian mang thai, heo cái đẻ được ngay.', 1, 0, 'SINH_NHANH', 6, 0, 1, -1, 0, 0, 15, 'PregnentL.png'),
(61, '80', 3, 'Thuốc thần xanh', 'Sử dụng cho Heo con. Rút ngắn thời gian trưởng thành, heo rút ngắn 24 giờ trưởng thành.', 1, 0, 'TRUONG_THANH_NHANH', 24, 0, 1, -1, 0, 0, 15, 'SpeedMatureA.png'),
(62, '81', 3, 'Thuốc thần đỏ', 'Sử dụng cho Heo con. Rút ngắn thời gian trưởng thành, heo trưởng thành ngay.', 1, 0, 'TRUONG_THANH_NHANH', 48, 0, 1, -1, 0, 0, 15, 'SpeedMatureL.png'),
(63, '82', 3, 'Heo sâm', 'Kéo dài tuổi thọ heo thêm 10 ngày. Mỗi con heo chỉ được dùng 1 lần.', 1, 0, 'TANG_TUOI_THO', 240, 0, 1, -1, 0, 0, 15, 'IncreaseAge.png'),
(64, '83', 3, 'Pin tiểu', 'Tăng 10 năng lượng. Chỉ có thể sử dụng khi đang ở trại heo bạn bè.', 1, 0, 'NAP_NANG_LUONG', 10, 0, 1, -1, 0, 0, 15, 'IconEnergySmall.png'),
(65, '84', 3, 'Pin trung', 'Mỗi lần sử dụng 1 đơn vị, tăng thêm 50 điểm năng lượng. Chỉ có thể sử dụng khi đang ở trại heo của b', 1, 0, 'NAP_NANG_LUONG', 50, 0, 1, -1, 0, 0, 15, 'IconEnergyAverage.png'),
(66, '85', 3, 'Pin đại', 'Mỗi lần sử dụng 1 đơn vị, tăng thêm 100 điểm năng lượng. Chỉ có thể sử dụng khi đang ở trại heo của ', 1, 0, 'NAP_NANG_LUONG', 100, 0, 1, -1, 0, 0, 15, 'IconEnergyLarge.png'),
(67, '86', 2, 'Chuồng chó bằng xi măng', 'Chuồng chó bằng xi măng', 1, 0, 'CHUONG_CHO', 1, 720, 0, -1, 0, 0, 15, 'ArchDogsty3.png'),
(68, '87', 2, 'Xưởng chế biến bằng xi măng', 'Xưởng chế biến bằng xi măng', 1, 0, 'XUONG_CHE_BIEN', 1, 720, 0, -1, 0, 0, 15, 'ArchStudio3.png'),
(69, '88', 2, 'Máng ăn bằng xi măng', 'Máng ăn bằng xi măng', 1, 0, 'MANG_AN', 1, 720, 0, -1, 0, 0, 15, 'ArchEatGutter3.png'),
(70, '89', 2, 'Giếng tắm bằng xi măng', 'Giếng tắm bằng xi măng', 1, 0, 'VOI_TAM', 1, 720, 0, -1, 0, 0, 15, 'ArchWashup3.png'),
(71, '90', 3, 'Thức ăn chó 10h', 'Dùng để duy trì khả năng bảo vệ trại của Chó trong 10 giờ.', 1, 0, 'THUC_AN_CHO', 600, 0, 0, -1, 0, 0, 15, 'FoodDog.png'),
(72, '91', 3, 'Thức ăn chó 24h', 'Dùng để duy trì khả năng bảo vệ trại của Chó trong 24 giờ.', 1, 0, 'THUC_AN_CHO', 1440, 0, 0, -1, 0, 0, 15, 'FoodDog2.png'),
(73, '92', 2, 'Chuồng heo bằng rơm', 'Chuồng heo bằng rơm', 1, 0, 'CHUONG_HEO', 12, 720, 0, -1, 0, 0, 15, 'ArchPigsty5.png'),
(74, '93', 2, 'Chuồng chó bằng rơm', 'Chuồng chó bằng rơm', 1, 0, 'CHUONG_CHO', 1, 720, 0, -1, 0, 0, 15, 'ArchDogsty5.png'),
(75, '94', 2, 'Xưởng chế biến bằng rơm', 'Xưởng chế biến bằng rơm', 1, 0, 'XUONG_CHE_BIEN', 1, 720, 0, -1, 0, 0, 15, 'ArchStudio5.png'),
(76, '95', 2, 'Máng ăn bằng rơm', 'Máng ăn bằng rơm', 1, 0, 'MANG_AN', 1, 720, 0, -1, 0, 0, 15, 'ArchEatGutter5.png'),
(77, '96', 2, 'Giếng tắm bằng rơm', 'Giếng tắm bằng rơm', 1, 0, 'VOI_TAM', 1, 720, 0, -1, 0, 0, 15, 'ArchWashup5.png'),
(78, '97', 2, 'Bộ ngoại cảnh Bãi Biển', 'Bộ ngoại cảnh Bãi Biển', 1, 0, 'BO_TRANGTRI', 30, 720, 0, -1, 0, 0, 15, 'Bo5.png'),
(79, '108', 4, 'Váy hawai 1', 'Kinh nghiệm nhận được khi mua: 40 exp, hạn dùng 14 ngày.', 1, 0, 'TRANG_TRI_AO', 1, 336, 0, -1, 40, 0, 15, 'ShirtVayHawaii.png'),
(80, '109', 4, 'Kính bơi', 'Kinh nghiệm nhận được khi mua: 20 exp, hạn dùng 14 ngày.', 1, 0, 'TRANG_TRI_KINH', 1, 336, 0, -1, 20, 0, 15, 'GlassesSwim.png'),
(81, '110', 4, 'Vòng hoa Hawai', 'Kinh nghiệm nhận được khi mua: 20 exp, hạn dùng 14 ngày.', 1, 0, 'TRANG_TRI_MU', 1, 336, 0, -1, 20, 0, 15, 'HatVongHoaHawaii.png'),
(82, '111', 2, 'Chuồng heo bộ bóng đá', 'Chuồng heo bộ bóng đá', 1, 0, 'CHUONG_HEO', 12, 720, 0, -1, 0, 0, 15, 'ArchPigsty6.png'),
(83, '112', 2, 'Chuồng chó bộ bóng đá', 'Chuồng chó bộ bóng đá', 1, 0, 'CHUONG_CHO', 1, 720, 0, -1, 0, 0, 15, 'ArchDogsty6.png'),
(84, '113', 2, 'Xưởng chế biến bộ bóng đá', 'Xưởng chế biến bộ bóng đá', 1, 0, 'XUONG_CHE_BIEN', 1, 720, 0, -1, 0, 0, 15, 'ArchStudio6.png'),
(85, '114', 2, 'Máng ăn bộ bóng đá', 'Máng ăn bộ bóng đá', 1, 0, 'MANG_AN', 1, 720, 0, -1, 0, 0, 15, 'ArchEatGutter6.png'),
(86, '115', 2, 'Giếng tắm bọ bóng đá', 'Giếng tắm bọ bóng đá', 1, 0, 'VOI_TAM', 1, 720, 0, -1, 0, 0, 15, 'ArchWashup6.png'),
(87, '116', 2, 'Bộ ngoại cảnh Bóng đá', 'Bộ ngoại cảnh Bóng đá', 1, 0, 'BO_TRANGTRI', 30, 720, 0, -1, 0, 0, 15, 'Bo6.png'),
(88, '117', 3, 'Thẻ Hoán heo đổi lợn', 'Tăng tỷ lệ đổi được x-heo khác x-heo hiện có thêm 15%.', 1, 0, 'HOLY_EXCHANGE_TYPE1', 15, 0, 0, -1, 0, 0, 15, 'IconHolyExchange1.png'),
(89, '118', 3, 'Thẻ Trộm heo tráo lợn', 'Tăng tỷ lệ đổi được x-heo đột biến thêm 15%.', 1, 0, 'HOLY_EXCHANGE_TYPE2', 15, 0, 0, -1, 0, 0, 15, 'IconHolyExchange2.png'),
(90, '119', 3, 'Thẻ Trộm Long Tráo Phụng', 'Tăng tỷ lệ đổi được x-heo chúa thêm 15%.', 1, 0, 'HOLY_EXCHANGE_TYPE3', 15, 0, 0, -1, 0, 0, 15, 'IconHolyExchange3.png'),
(91, '120', 3, 'Thuốc x-heo cấp 1', 'Tăng 2% khả năng ra x-heo.', 1, 0, 'HOLY_MEDICINE', 2, 0, 0, -1, 0, 1, 15, 'IconHolyMedicine1.png'),
(92, '121', 3, 'Thuốc x-heo cấp 2', 'Tăng 4% khả năng ra x-heo.', 1, 0, 'HOLY_MEDICINE', 4, 0, 0, -1, 0, 2, 15, 'IconHolyMedicine2.png'),
(93, '122', 3, 'Thuốc x-heo cấp 3', 'Tăng 6% khả năng ra x-heo.', 1, 0, 'HOLY_MEDICINE', 6, 0, 0, -1, 0, 3, 15, 'IconHolyMedicine3.png'),
(94, '123', 3, 'Thuốc x-heo cấp 4', 'Tăng 9% khả năng ra x-heo.', 1, 0, 'HOLY_MEDICINE', 9, 0, 0, -1, 0, 4, 15, 'IconHolyMedicine4.png'),
(95, '124', 3, 'Thuốc x-heo cấp 5', 'Tăng 12% khả năng ra x-heo.', 1, 0, 'HOLY_MEDICINE', 12, 0, 0, -1, 0, 5, 15, 'IconHolyMedicine5.png'),
(96, '125', 3, 'Thuốc x-heo cấp 6', 'Tăng 16% khả năng ra x-heo.', 1, 0, 'HOLY_MEDICINE', 16, 0, 0, -1, 0, 6, 15, 'IconHolyMedicine6.png'),
(97, '126', 3, 'Thuốc x-heo cấp 7', 'Tăng 22% khả năng ra x-heo.', 1, 0, 'HOLY_MEDICINE', 22, 0, 0, -1, 0, 7, 15, 'IconHolyMedicine7.png'),
(98, '127', 3, 'Thuốc x-heo cấp 8', 'Tăng 29% khả năng ra x-heo.', 1, 0, 'HOLY_MEDICINE', 29, 0, 0, -1, 0, 8, 15, 'IconHolyMedicine8.png'),
(99, '128', 3, 'Thuốc x-heo cấp 9', 'Tăng 38% khả năng ra x-heo.', 1, 0, 'HOLY_MEDICINE', 38, 0, 0, -1, 0, 9, 15, 'IconHolyMedicine9.png'),
(100, '129', 3, 'Thuốc x-heo cấp 10', 'Tăng 50% khả năng ra x-heo.', 1, 0, 'HOLY_MEDICINE', 50, 0, 0, -1, 0, 10, 15, 'IconHolyMedicine10.png'),
(101, '130', 3, 'Phiếu đấu giá', 'Phiếu đấu giá.', 1, 0, 'AUCTION', 50, 0, 0, -1, 0, 0, 15, 'IconMedicine.png'),
(102, '131', 4, 'Áo Jean', 'Kinh nghiệm nhận được khi mua: 40 exp, hạn dùng 30 ngày.', 1, 0, 'TRANG_TRI_AO', 1, 720, 0, -1, 40, 0, 15, 'ShirtJeans.png'),
(103, '132', 4, 'Kính thời trang', 'Kinh nghiệm nhận được khi mua: 20 exp, hạn dùng 30 ngày.', 1, 0, 'TRANG_TRI_KINH', 1, 720, 0, -1, 20, 0, 15, 'Glasses16Super.png'),
(104, '133', 4, 'Mũ Jean', 'Kinh nghiệm nhận được khi mua: 20 exp, hạn dùng 30 ngày.', 1, 0, 'TRANG_TRI_MU', 1, 720, 0, -1, 20, 0, 15, 'HatJeans.png'),
(105, '134', 2, 'Chuồng heo bộ ngoại cảnh trung thu', 'Chuồng heo - bộ ngoại cảnh trung thu', 1, 0, 'CHUONG_HEO', 12, 720, 0, -1, 0, 0, 15, 'ArchPigsty8.png'),
(106, '135', 2, 'Chuồng chó bộ ngoại cảnh trung thu', 'Chuồng chó - bộ ngoại cảnh trung thu', 1, 0, 'CHUONG_CHO', 1, 720, 0, -1, 0, 0, 15, 'ArchDogsty8.png'),
(107, '136', 2, 'Xưởng chế biến bộ ngoại cảnh trung thu', 'Xưởng chế biến - bộ ngoại cảnh trung thu', 1, 0, 'XUONG_CHE_BIEN', 1, 720, 0, -1, 0, 0, 15, 'ArchStudio8.png'),
(108, '137', 2, 'Máng ăn bộ ngoại cảnh trung thu', 'Máng ăn - bộ ngoại cảnh trung thu', 1, 0, 'MANG_AN', 1, 720, 0, -1, 0, 0, 15, 'ArchEatGutter8.png'),
(109, '138', 2, 'Giếng tắm bộ ngoại cảnh trung thu', 'Giếng tắm - bộ ngoại cảnh trung thu', 1, 0, 'VOI_TAM', 1, 720, 0, -1, 0, 0, 15, 'ArchWashup8.png'),
(110, '139', 2, 'Bộ ngoại cảnh Trung thu', 'Bộ ngoại cảnh trung thu', 1, 0, 'BO_TRANGTRI', 30, 720, 0, -1, 0, 0, 15, 'Bo8.png'),
(111, '140', 4, 'Váy hoa sen', 'Kinh nghiệm nhận được khi mua: 40 exp, hạn dùng 30 ngày.', 1, 0, 'TRANG_TRI_AO', 1, 720, 0, -1, 40, 0, 15, 'ShirtXiXon.png'),
(112, '141', 4, 'Áo Cao bồi', 'Kinh nghiệm nhận được khi mua: 40 exp, hạn dùng 30 ngày.', 1, 0, 'TRANG_TRI_AO', 1, 720, 0, -1, 40, 0, 15, 'ShirtCowBoy.png'),
(113, '142', 4, 'Nón kép', 'Kinh nghiệm nhận được khi mua: 20 exp, hạn dùng 30 ngày.', 1, 0, 'TRANG_TRI_MU', 1, 720, 0, -1, 20, 0, 15, 'HatDaoPho.png'),
(114, '143', 4, 'Áo thủy thủ', 'Kinh nghiệm nhận được khi mua: 40 exp, hạn dùng 30 ngày.', 1, 0, 'TRANG_TRI_AO', 1, 720, 0, -1, 40, 0, 15, 'ShirtThuyThu.png'),
(115, '144', 4, 'Mũ thủy thủ', 'Kinh nghiệm nhận được khi mua: 20 exp, hạn dùng 30 ngày.', 1, 0, 'TRANG_TRI_MU', 1, 720, 0, -1, 20, 0, 15, 'HatThuyThu.png'),
(116, '145', 4, 'Kính đi biển ', 'Kinh nghiệm nhận được khi mua: 20 exp, hạn dùng 30 ngày.', 1, 0, 'TRANG_TRI_KINH', 1, 720, 0, -1, 20, 0, 15, 'GlassesThuyThu.png'),
(117, '146', 4, 'Áo Chú hề', 'Kinh nghiệm nhận được khi mua: 40 exp, hạn dùng 30 ngày.', 1, 0, 'TRANG_TRI_AO', 1, 720, 0, -1, 40, 0, 15, 'ShirtChuHe.png'),
(118, '148', 4, 'Mũ Chú hề', 'Kinh nghiệm nhận được khi mua: 20 exp, hạn dùng 30 ngày.', 1, 0, 'TRANG_TRI_MU', 1, 720, 0, -1, 20, 0, 15, 'HatChuHe.png'),
(119, '147', 4, 'Kính vui vẻ', 'Kinh nghiệm nhận được khi mua: 20 exp, hạn dùng 30 ngày.', 1, 0, 'TRANG_TRI_KINH', 1, 720, 0, -1, 20, 0, 15, 'GlassesChuHe.png'),
(120, '149', 4, 'Mu cao bồi', 'Kinh nghiệm nhận được khi mua: 20 exp, hạn dùng 30 ngày.', 1, 0, 'TRANG_TRI_MU', 1, 720, 0, -1, 20, 0, 15, 'HatCowboy.png'),
(121, '150', 4, 'Kính hoa', 'Kinh nghiệm nhận được khi mua: 20 exp, hạn dùng 30 ngày.', 1, 0, 'TRANG_TRI_KINH', 1, 720, 0, -1, 20, 0, 15, 'GlassesFlower.png'),
(122, '151', 4, 'Mũ hồng', 'Kinh nghiệm nhận được khi mua: 30 exp, hạn dùng 14 ngày.', 1, 0, 'TRANG_TRI_MU', 1, 720, 0, -1, 10, 0, 15, 'HatPink.png'),
(123, '152', 4, 'Kính cảnh sát', 'Kinh nghiệm nhận được khi mua: 20 exp, hạn dùng 30 ngày.', 1, 0, 'TRANG_TRI_KINH', 1, 720, 0, -1, 20, 0, 15, 'GlassesPolice.png'),
(124, '153', 4, 'Kính ngôi sao', 'Kinh nghiệm nhận được khi mua: 20 exp, hạn dùng 30 ngày.', 1, 0, 'TRANG_TRI_KINH', 1, 720, 0, -1, 20, 0, 15, 'GlassesStar.png'),
(125, '154', 4, 'Kính sành điệu', 'Kinh nghiệm nhận được khi mua: 20 exp, hạn dùng 30 ngày.', 1, 0, 'TRANG_TRI_KINH', 1, 720, 0, -1, 20, 0, 15, 'GlassesSanhDieu.png'),
(126, '155', 4, 'Nơ hồng', 'Kinh nghiệm nhận được khi mua: 10 exp, hạn dùng 30 ngày.', 1, 0, 'TRANG_TRI_MU', 1, 720, 0, -1, 10, 0, 15, 'HatNoHong.png'),
(127, '156', 4, 'Áo khoác đỏ', 'Kinh nghiệm nhận được khi mua: 30 exp, hạn dùng 30 ngày.', 1, 0, 'TRANG_TRI_AO', 1, 720, 0, -1, 30, 0, 15, 'ShirtRedCoat.png'),
(128, '157', 4, 'Áo nữ sinh', 'Kinh nghiệm nhận được khi mua: 30 exp, hạn dùng 30 ngày.', 1, 0, 'TRANG_TRI_AO', 1, 720, 0, -1, 30, 0, 15, 'ShirtNuSinh.png'),
(129, '158', 4, 'Mũ Trạng lợn', 'Kinh nghiệm nhận được khi mua: 50 exp, hạn dùng 14 ngày.', 1, 0, 'TRANG_TRI_MU', 1, 336, 0, -1, 50, 0, 15, 'HatTrangLon.png'),
(130, '159', 4, 'Trâm hoa mai', 'Kinh nghiệm nhận được khi mua: 20 exp, hạn dùng 14 ngày.', 1, 0, 'TRANG_TRI_MU', 1, 336, 0, -1, 20, 0, 15, 'HatHoaMai.png'),
(131, '160', 4, 'Áo Tím hoa sim', 'Kinh nghiệm nhận được khi mua: 50 exp, hạn dùng 14 ngày.', 1, 0, 'TRANG_TRI_AO', 1, 336, 0, -1, 50, 0, 15, 'ShirtHoaSim.png'),
(132, '161', 4, 'Mũ bảo hiểm mô tô', 'Kinh nghiệm nhận được khi mua: 50 exp, hạn dùng 14 ngày.', 1, 0, 'TRANG_TRI_MU', 1, 336, 0, -1, 50, 0, 15, 'HatHelmetGlass.png'),
(133, '162', 4, 'Kính tướng quân', 'Kinh nghiệm nhận được khi mua: 20 exp, hạn dùng 30 ngày.', 1, 0, 'TRANG_TRI_KINH', 1, 720, 0, -1, 20, 0, 15, 'GlassesTuongQuan.png'),
(134, '163', 4, 'Mũ tướng quân', 'Kinh nghiệm nhận được khi mua: 10 exp, hạn dùng 30 ngày.', 1, 0, 'TRANG_TRI_MU', 1, 720, 0, -1, 10, 0, 15, 'HatTuongQuan.png'),
(135, '164', 4, 'Áo tướng quân', 'Kinh nghiệm nhận được khi mua: 30 exp, hạn dùng 30 ngày.', 1, 0, 'TRANG_TRI_AO', 1, 720, 0, -1, 30, 0, 15, 'ShirtTuongQuan.png'),
(136, '165', 2, 'Chuồng heo hoàng cung', 'Chuồng heo - bộ ngoại cảnh hoàng cung', 1, 0, 'CHUONG_HEO', 12, 720, 0, -1, 0, 0, 15, 'ArchPigsty9.png'),
(137, '166', 2, 'Chuồng chó hoàng cung', 'Chuồng chó - bộ ngoại cảnh hoàng cung', 1, 0, 'CHUONG_CHO', 1, 720, 0, -1, 0, 0, 15, 'ArchDogsty9.png'),
(138, '167', 2, 'Xưởng chế biến hoàng cung', 'Xưởng chế biến - bộ ngoại cảnh hoàng cung', 1, 0, 'XUONG_CHE_BIEN', 1, 720, 0, -1, 0, 0, 15, 'ArchStudio9.png'),
(139, '168', 2, 'Máng ăn hoàng cung', 'Máng ăn - bộ ngoại cảnh hoàng cung', 1, 0, 'MANG_AN', 1, 720, 0, -1, 0, 0, 15, 'ArchEatGutter9.png'),
(140, '169', 2, 'Suối tắm hoàng cung', 'Suối tắm - bộ ngoại cảnh hoàng cung', 1, 0, 'VOI_TAM', 1, 720, 0, -1, 0, 0, 15, 'ArchWashup9.png'),
(141, '170', 2, 'Bộ ngoại cảnh hoàng cung', 'Bộ ngoại cảnh hoàng cung', 1, 0, 'BO_TRANGTRI', 30, 720, 0, -1, 0, 0, 15, 'Bo9.png'),
(142, '171', 3, 'Heo sâm đặc biệt', 'Kéo dài tuổi thọ heo thêm 20 ngày. Mỗi con heo chỉ được dùng 1 lần.', 1, 0, 'TANG_TUOI_THO', 480, 0, 1, -1, 0, 0, 15, 'IncreaseAge.png'),
(143, '172', 3, 'Thuốc x-heo cấp 4', 'Tăng 9% khả năng ra x-heo.', 1, 0, 'HOLY_MEDICINE', 9, 0, 0, -1, 0, 4, 15, 'IconHolyMedicine4.png'),
(144, '173', 3, 'Thuốc x-heo cấp 5', 'Tăng 12% khả năng ra x-heo.', 1, 0, 'HOLY_MEDICINE', 12, 0, 0, -1, 0, 5, 15, 'IconHolyMedicine5.png'),
(145, '174', 4, 'Mũ Chú hề', 'Kinh nghiệm nhận được khi mua: 50 exp, hạn dùng 14 ngày.', 1, 0, 'TRANG_TRI_MU', 1, 336, 0, -1, 50, 0, 15, 'HatChuHe.png'),
(146, '175', 4, 'Mắt kính violet', 'Kinh nghiệm nhận được khi mua: 20 exp, hạn dùng 14 ngày.', 1, 0, 'TRANG_TRI_KINH', 1, 336, 0, -1, 20, 0, 15, 'GlassesChuHe.png'),
(147, '176', 4, 'Áo hoa hồng', 'Kinh nghiệm nhận được khi mua: 50 exp, hạn dùng 14 ngày.', 1, 0, 'TRANG_TRI_AO', 1, 336, 0, -1, 50, 0, 15, 'ShirtXiXon.png'),
(148, '177', 4, 'Áo xanh Thảo Nguyên', 'Kinh nghiệm nhận được khi mua: 50 exp, hạn dùng 14 ngày.', 1, 0, 'TRANG_TRI_AO', 1, 336, 0, -1, 50, 0, 15, 'ShirtVayHawaii.png'),
(149, '600', 6, 'Ngọc cấp 1', 'Cấp càng cao tỉ lệ thành công càng cao', 1, 0, 'REFINE_PEAR', 1, 0, 0, -1, 0, 1, 3, 'Pear1.png'),
(150, '601', 6, 'Ngọc cấp 2', 'Cấp càng cao tỉ lệ thành công càng cao', 1, 0, 'REFINE_PEAR', 2, 0, 0, -1, 0, 2, 3, 'Pear2.png'),
(151, '602', 6, 'Ngọc cấp 3', 'Cấp càng cao tỉ lệ thành công càng cao', 1, 0, 'REFINE_PEAR', 3, 0, 0, -1, 0, 3, 3, 'Pear3.png'),
(152, '603', 6, 'Ngọc cấp 4', 'Cấp càng cao tỉ lệ thành công càng cao', 1, 0, 'REFINE_PEAR', 4, 0, 0, -1, 0, 4, 3, 'Pear4.png'),
(153, '604', 6, 'Ngọc cấp 5', 'Cấp càng cao tỉ lệ thành công càng cao', 1, 0, 'REFINE_PEAR', 5, 0, 0, -1, 0, 5, 3, 'Pear5.png'),
(154, '605', 6, 'Ngọc cấp 6', 'Cấp càng cao tỉ lệ thành công càng cao', 1, 0, 'REFINE_PEAR', 6, 0, 0, -1, 0, 6, 3, 'Pear6.png'),
(155, '606', 6, 'Ngọc cấp 7', 'Cấp càng cao tỉ lệ thành công càng cao', 1, 0, 'REFINE_PEAR', 7, 0, 0, -1, 0, 7, 3, 'Pear7.png'),
(156, '607', 6, 'Sao May Mắn 1', 'Giữ lại được 1 Ngọc tinh luyện khi tinh luyện thất bại', 1, 0, 'LUCKY_STAR', 1, 0, 0, -1, 0, 1, 3, 'LuckyStar1.png'),
(157, '608', 6, 'Sao May Mắn 2', 'Giữ lại được 2 Ngọc tinh luyện khi tinh luyện thất bại', 1, 0, 'LUCKY_STAR', 2, 0, 0, -1, 0, 2, 3, 'LuckyStar2.png'),
(158, '609', 6, 'Sao May Mắn 3', 'Giữ lại được 3 Ngọc tinh luyện khi tinh luyện thất bại', 1, 0, 'LUCKY_STAR', 3, 0, 0, -1, 0, 3, 3, 'LuckyStar3.png'),
(159, '610', 6, 'Sao May Mắn 4', 'Giữ lại được 4 Ngọc tinh luyện khi tinh luyện thất bại', 1, 0, 'LUCKY_STAR', 4, 0, 0, -1, 0, 4, 3, 'LuckyStar4.png'),
(160, '611', 6, 'Sao May Mắn 5', 'Giữ lại được 5 Ngọc tinh luyện khi tinh luyện thất bại', 1, 0, 'LUCKY_STAR', 5, 0, 0, -1, 0, 5, 3, 'LuckyStar5.png'),
(161, '612', 6, 'Sao May Mắn 6', 'Giữ lại được 6 Ngọc tinh luyện khi tinh luyện thất bại', 1, 0, 'LUCKY_STAR', 6, 0, 0, -1, 0, 6, 3, 'LuckyStar6.png'),
(162, '700', 3, 'Kẹo bòn bon', 'kẹo bòn bon, ăn vào tăng được 100k kinh nghiệm.', 1, 0, 'ITEM_EFFECT_PICEVENT', 100000, 0, 1, -1, 0, 0, 15, 'KeoBonBon.png'),
(163, '702', 7, 'Túi bột', 'Thêm 30 bột.', 30, 0, 'LAM_BANH_NL', 0, 0, 0, -1, 0, 0, 0, 'lambanh_bot_icon'),
(164, '703', 7, 'Đậu xanh', 'Thêm 30 đậu.', 30, 0, 'LAM_BANH_NL', 0, 0, 0, -1, 0, 0, 0, 'lambanh_dau_icon'),
(165, '704', 7, 'Trứng', 'Thêm 30 trứng.', 30, 0, 'LAM_BANH_NL', 0, 0, 0, -1, 0, 0, 0, 'lambanh_trung_icon'),
(166, '705', 8, 'Tăng cân thần tốc', 'Bao gồm 30 sữa tươi, 30 tăng lực heo cụng', 1, 0, 'ITEM_GIFT_PACKAGE', 0, 0, 1, -1, 0, 0, 15, 'P6.png'),
(167, '706', 8, 'Lớn nhanh - sanh lẹ', 'Bao gồm 20 ProMama, 20 thuốc thần đỏ', 1, 0, 'ITEM_GIFT_PACKAGE', 0, 0, 1, -1, 0, 0, 15, 'P3.png'),
(168, '707', 8, 'Bách niên giai lão', 'Bao gồm 10 heo sâm.', 1, 0, 'ITEM_GIFT_PACKAGE', 0, 0, 1, -1, 0, 0, 15, 'P1.png'),
(169, '708', 8, 'Trúng số độc đắc', 'Bao gồm 500.000 vàng', 1, 0, 'ITEM_GIFT_PACKAGE', 0, 0, 1, -1, 0, 0, 15, 'P4.png'),
(170, '709', 8, 'Hun, hun nữa, hun mãi', 'Bao gồm 1.000 nụ hôn', 1, 0, 'ITEM_GIFT_PACKAGE', 1000, 0, 1, -1, 0, 0, 15, 'P2.png'),
(171, '710', 8, 'Chăm sóc cún yêu', 'Bao gồm 10 thức ăn chó 24h', 1, 0, 'ITEM_GIFT_PACKAGE', 0, 0, 1, -1, 0, 0, 15, 'P7.png'),
(172, '711', 8, 'Năng lượng dồi dào', 'Bao gồm 50 pin đại', 1, 0, 'ITEM_GIFT_PACKAGE', 0, 0, 1, -1, 0, 0, 15, 'P5.png'),
(173, '713', 3, 'Kẹo Bi', 'Kẹo bi, ăn vào tăng được 50k kinh nghiệm.', 1, 0, 'ITEM_EFFECT_PICEVENT', 50000, 0, 1, -1, 0, 0, 15, 'KeoQue.png'),
(174, '714', 8, 'Phần thưởng trung thu mốc 50 loại Thập Cẩm', 'Gói phần thưởng trung thu mốc 50 loại Thập Cẩm.', 1, 0, 'ITEM_GIFT_PACKAGE', 0, 0, 1, -1, 0, 0, 0, 'HopQuaEvent.png'),
(175, '715', 8, 'Phần thưởng trung thu mốc 100 loại Thập Cẩm', 'Gói phần thưởng trung thu mốc 100 loại Thập Cẩm.', 1, 0, 'ITEM_GIFT_PACKAGE', 0, 0, 1, -1, 0, 0, 0, 'HopQuaEvent.png'),
(176, '716', 8, 'Phần thưởng trung thu mốc 200 loại Thập Cẩm', 'Gói phần thưởng trung thu mốc 200 loại Thập Cẩm.', 1, 0, 'ITEM_GIFT_PACKAGE', 0, 0, 1, -1, 0, 0, 0, 'HopQuaEvent.png'),
(177, '717', 8, 'Phần thưởng trung thu mốc 300 loại Thập Cẩm', 'Gói phần thưởng trung thu mốc 300 loại Thập Cẩm.', 1, 0, 'ITEM_GIFT_PACKAGE', 0, 0, 1, -1, 0, 0, 0, 'HopQuaEvent.png'),
(178, '718', 8, 'Phần thưởng trung thu mốc 50 loại Dẻo', 'Gói phần thưởng trung thu mốc 50 loại Dẻo.', 1, 0, 'ITEM_GIFT_PACKAGE', 0, 0, 1, -1, 0, 0, 0, 'HopQuaEvent.png'),
(179, '719', 8, 'Phần thưởng trung thu mốc 100 loại Dẻo', 'Gói phần thưởng trung thu mốc 100 loại Dẻo.', 1, 0, 'ITEM_GIFT_PACKAGE', 0, 0, 1, -1, 0, 0, 0, 'HopQuaEvent.png'),
(180, '720', 8, 'Phần thưởng trung thu mốc 200 loại Dẻo', 'Gói phần thưởng trung thu mốc 200 loại Dẻo.', 1, 0, 'ITEM_GIFT_PACKAGE', 0, 0, 1, -1, 0, 0, 0, 'HopQuaEvent.png'),
(181, '721', 8, 'Phần thưởng trung thu mốc 300 loại Dẻo', 'Gói phần thưởng trung thu mốc 300 loại Dẻo.', 1, 0, 'ITEM_GIFT_PACKAGE', 0, 0, 1, -1, 0, 0, 0, 'HopQuaEvent.png'),
(182, '722', 8, 'Phần thưởng trung thu mốc 50 loại Đậu xanh', 'Gói phần thưởng trung thu mốc 50 loại Đậu xanh.', 1, 0, 'ITEM_GIFT_PACKAGE', 0, 0, 1, -1, 0, 0, 0, 'HopQuaEvent.png'),
(183, '723', 8, 'Phần thưởng trung thu mốc 100 loại Đậu xanh', 'Gói phần thưởng trung thu mốc 100 loại Đậu xanh.', 1, 0, 'ITEM_GIFT_PACKAGE', 0, 0, 1, -1, 0, 0, 0, 'HopQuaEvent.png'),
(184, '724', 8, 'Phần thưởng trung thu mốc 200 loại Đậu xanh', 'Gói phần thưởng trung thu mốc 200 loại Đậu xanh.', 1, 0, 'ITEM_GIFT_PACKAGE', 0, 0, 1, -1, 0, 0, 0, 'HopQuaEvent.png'),
(185, '725', 8, 'Phần thưởng trung thu mốc 300 loại Đậu xanh', 'Gói phần thưởng trung thu mốc 300 loại Đậu xanh.', 1, 0, 'ITEM_GIFT_PACKAGE', 0, 0, 1, -1, 0, 0, 0, 'HopQuaEvent.png'),
(186, '726', 8, 'Phần thưởng thu hoạch cà rốt mốc 300', 'Gói phần thưởng thu hoạch cà rốt mốc 300.', 1, 0, 'ITEM_GIFT_PACKAGE', 0, 0, 1, -1, 0, 0, 0, 'HopQuaEvent.png'),
(187, '727', 8, 'Phần thưởng thu hoạch cà rốt mốc 600', 'Gói phần thưởng thu hoạch cà rốt mốc 600.', 1, 0, 'ITEM_GIFT_PACKAGE', 0, 0, 1, -1, 0, 0, 0, 'HopQuaEvent.png'),
(188, '728', 8, 'Phần thưởng thu hoạch cà rốt mốc 900', 'Gói phần thưởng thu hoạch cà rốt mốc 900.', 1, 0, 'ITEM_GIFT_PACKAGE', 0, 0, 1, -1, 0, 0, 0, 'HopQuaEvent.png'),
(189, '729', 8, 'Phần thưởng thu hoạch cà rốt mốc 1200', 'Gói phần thưởng thu hoạch cà rốt mốc 1200.', 1, 0, 'ITEM_GIFT_PACKAGE', 0, 0, 1, -1, 0, 0, 0, 'HopQuaEvent.png'),
(190, '730', 8, 'Phần thưởng thu hoạch cà rốt mốc 1350', 'Gói phần thưởng thu hoạch cà rốt mốc 1350.', 1, 0, 'ITEM_GIFT_PACKAGE', 0, 0, 1, -1, 0, 0, 0, 'HopQuaEvent.png'),
(191, '731', 8, 'Phần thưởng thu hoạch cà rốt mốc 1500', 'Gói phần thưởng thu hoạch cà rốt mốc 1500.', 1, 0, 'ITEM_GIFT_PACKAGE', 0, 0, 1, -1, 0, 0, 0, 'HopQuaEvent.png'),
(192, '732', 8, 'Hun hơn trăm lần', 'Bao gồm 150 nụ hôn', 1, 0, 'ITEM_GIFT_PACKAGE', 150, 0, 1, -1, 0, 0, 15, 'kiss150.png'),
(193, '733', 8, 'Hun 500 lần', 'Bao gồm 500 nụ hôn', 1, 0, 'ITEM_GIFT_PACKAGE', 500, 0, 1, -1, 0, 0, 15, 'kiss500.png'),
(194, '734', 8, 'Hun nghìn lần', 'Bao gồm 1200 nụ hôn', 1, 0, 'ITEM_GIFT_PACKAGE', 1200, 0, 1, -1, 0, 0, 15, 'kiss1200.png'),
(195, '735', 8, 'Đôi bạn cùng tiến', 'Bao gồm heo Trúc xanh và heo Tiến sĩ', 1, 0, 'ITEM_GIFT_PACKAGE', 0, 0, 1, -1, 0, 0, 15, 'doibancungtien.png'),
(196, '736', 8, 'Nhanh tay lẹ mắt', 'Bao gồm heo Pikaheo và heo Thỏ ngọc', 1, 0, 'ITEM_GIFT_PACKAGE', 0, 0, 1, -1, 0, 0, 15, 'nhanhtay.png'),
(197, '737', 8, 'Bộ tứ siêu đẳng', 'Bao gồm heo Messi, Kaka, Santos, Santa Cruz', 1, 0, 'ITEM_GIFT_PACKAGE', 0, 0, 1, -1, 0, 0, 15, 'botusieudang.png'),
(198, '738', 8, 'Heo đặc biệt thường', 'Bao gồm heo Cheshire, Robo, Garfield, Night fury', 1, 0, 'ITEM_GIFT_PACKAGE', 0, 0, 1, -1, 0, 0, 15, 'heodacbietthuong.png'),
(199, '739', 8, 'Trăng rằm lung linh', 'Bao gồm bộ ngoại cảnh Trung thu', 1, 0, 'ITEM_GIFT_PACKAGE', 0, 0, 1, -1, 0, 0, 15, 'trangramlunglinh.png'),
(200, '740', 8, 'Hawaii ngày nắng', 'Bao gồm bộ ngoại cảnh Bãi biển', 1, 0, 'ITEM_GIFT_PACKAGE', 0, 0, 1, -1, 0, 0, 15, 'hawaiingaynang.png'),
(201, '741', 8, 'Old Trafford', 'Bao gồm bộ ngoại cảnh Sân vận động', 1, 0, 'ITEM_GIFT_PACKAGE', 0, 0, 1, -1, 0, 0, 15, 'oldtrafold.png'),
(202, '742', 8, 'Phần thưởng trung thu đặc biệt', 'Gói phần thưởng trung thu đặc biệt.', 1, 0, 'ITEM_GIFT_PACKAGE', 0, 0, 1, -1, 0, 0, 0, 'HopQuaEvent.png'),
(203, '743', 8, 'Siêu sao Nam Mỹ', 'Bao gồm trọn bộ 11 heo bóng đá', 1, 0, 'ITEM_GIFT_PACKAGE', 0, 0, 1, -1, 0, 0, 15, 'sieusaonammy.png'),
(204, '744', 8, 'Đổi heo khác', 'Bao gồm 3 thẻ Hoán heo đổi lợn', 1, 0, 'ITEM_GIFT_PACKAGE', 0, 0, 1, -1, 0, 0, 15, 'hoanheodoilon.png'),
(205, '745', 8, 'Đổi heo Đột biến', 'Bao gồm 3 thẻ Trộm heo tráo lợn', 1, 0, 'ITEM_GIFT_PACKAGE', 0, 0, 1, -1, 0, 0, 15, 'tromheotraolon.png'),
(206, '746', 8, 'Đổi heo Chúa', 'Bao gồm 3 thẻ Trộm long tráo phụng', 1, 0, 'ITEM_GIFT_PACKAGE', 0, 0, 1, -1, 0, 0, 15, 'tromlongtraophung.png'),
(207, '747', 8, 'Thuốc X-Heo LV 1', 'Bao gồm 20 Thuốc X-Heo LV 1 (+2%)', 1, 0, 'ITEM_GIFT_PACKAGE', 0, 0, 1, -1, 0, 0, 15, 'xheolv1.png'),
(208, '748', 8, 'Thuốc X-Heo LV 2', 'Bao gồm 15 Thuốc X-Heo LV 2 (+4%)', 1, 0, 'ITEM_GIFT_PACKAGE', 0, 0, 1, -1, 0, 0, 15, 'xheolv2.png'),
(209, '749', 8, 'Thuốc X-Heo LV 3', 'Bao gồm 10 Thuốc X-Heo LV 3 (+6%)', 1, 0, 'ITEM_GIFT_PACKAGE', 0, 0, 1, -1, 0, 0, 15, 'xheolv3.png'),
(210, '750', 2, 'Chuồng heo', 'Chuồng heo - bộ ngoại cảnh trung thu', 1, 0, 'CHUONG_HEO', 12, 336, 0, -1, 0, 0, 15, 'ArchPigsty8.png'),
(211, '751', 2, 'Chuồng chó', 'Chuồng chó - bộ ngoại cảnh trung thu', 1, 0, 'CHUONG_CHO', 1, 336, 0, -1, 0, 0, 15, 'ArchDogsty8.png'),
(212, '752', 2, 'Xưởng chế biến', 'Xưởng chế biến - bộ ngoại cảnh trung thu', 1, 0, 'XUONG_CHE_BIEN', 1, 336, 0, -1, 0, 0, 15, 'ArchStudio8.png'),
(213, '753', 2, 'Máng ăn', 'Máng ăn - bộ ngoại cảnh trung thu', 1, 0, 'MANG_AN', 1, 336, 0, -1, 0, 0, 15, 'ArchEatGutter8.png'),
(214, '754', 2, 'Giếng tắm', 'Giếng tắm - bộ ngoại cảnh trung thu', 1, 0, 'VOI_TAM', 1, 336, 0, -1, 0, 0, 15, 'ArchWashup8.png'),
(215, '755', 2, 'Bộ ngoại cảnh Trung thu', 'Bộ ngoại cảnh trung thu', 1, 0, 'BO_TRANGTRI', 30, 336, 0, -1, 0, 0, 15, 'Bo8.png'),
(216, '756', 9, 'Kim ỉn lệnh', 'Kim ỉn lệnh', 5, 0, 'KIM_IN_LENH', 0, 0, 0, -1, 0, 0, 0, 'KimInLenh.png'),
(217, '757', 8, 'Phần thưởng vẽ tranh mốc 10', 'Gói phần thưởng vẽ tranh mốc 10.', 1, 0, 'ITEM_GIFT_PACKAGE', 0, 0, 1, -1, 0, 0, 0, 'HopQuaEvent.png'),
(218, '758', 8, 'Phần thưởng vẽ tranh mốc 20', 'Gói phần thưởng vẽ tranh mốc 20.', 1, 0, 'ITEM_GIFT_PACKAGE', 0, 0, 1, -1, 0, 0, 0, 'HopQuaEvent.png'),
(219, '759', 8, 'Phần thưởng vẽ tranh mốc 30', 'Gói phần thưởng vẽ tranh mốc 30.', 1, 0, 'ITEM_GIFT_PACKAGE', 0, 0, 1, -1, 0, 0, 0, 'HopQuaEvent.png'),
(220, '760', 4, 'Đế lệnh', 'Đế lệnh.', 1, 0, 'ITEM_GIFT_PACKAGE', 0, 0, 1, -1, 0, 0, 0, 'HopQuaEvent.png'),
(221, '761', 10, 'Giấy màu', 'Thêm 30 giấy màu.', 30, 0, 'LAM_THIEP', 0, 0, 0, -1, 0, 0, 0, 'giaymau_icon'),
(222, '762', 10, 'Dây thừng', 'Thêm 30 dây thừng.', 30, 0, 'LAM_THIEP', 0, 0, 0, -1, 0, 0, 0, 'daythung_icon'),
(223, '763', 10, 'Hạt trang trí', 'Thêm 30 hạt trang trí.', 30, 0, 'LAM_THIEP', 0, 0, 0, -1, 0, 0, 0, 'hattrangtri_icon'),
(224, '764', 10, 'Tem chữ', 'Thêm 30 tem chữ.', 30, 0, 'LAM_THIEP', 0, 0, 0, -1, 0, 0, 0, 'temchu_icon'),
(225, '765', 8, 'Phần thưởng làm thiệp tri ân gói heo mốc 100', 'Phần thưởng làm thiệp tri ân gói heo mốc 100.', 1, 0, 'ITEM_GIFT_PACKAGE', 0, 0, 1, -1, 0, 0, 0, 'HopQuaEvent.png'),
(226, '766', 8, 'Phần thưởng làm thiệp tri ân gói heo mốc 300', 'Phần thưởng làm thiệp tri ân gói heo mốc 300.', 1, 0, 'ITEM_GIFT_PACKAGE', 0, 0, 1, -1, 0, 0, 0, 'HopQuaEvent.png'),
(227, '767', 8, 'Phần thưởng làm thiệp tri ân gói heo mốc 500', 'Phần thưởng làm thiệp tri ân gói heo mốc 500.', 1, 0, 'ITEM_GIFT_PACKAGE', 0, 0, 1, -1, 0, 0, 0, 'HopQuaEvent.png'),
(228, '768', 8, 'Phần thưởng làm thiệp tri ân gói heo mốc 700', 'Phần thưởng làm thiệp tri ân gói heo mốc 700.', 1, 0, 'ITEM_GIFT_PACKAGE', 0, 0, 1, -1, 0, 0, 0, 'HopQuaEvent.png'),
(229, '769', 8, 'Phần thưởng làm thiệp tri ân gói heo mốc 1000', 'Phần thưởng làm thiệp tri ân gói heo mốc 1000.', 1, 0, 'ITEM_GIFT_PACKAGE', 0, 0, 1, -1, 0, 0, 0, 'HopQuaEvent.png'),
(230, '770', 3, 'Đế ấn', 'Đế ấn, tăng được 1000000 kinh nghiệm.', 1, 0, 'ITEM_EFFECT_KILEVENT', 1e+006, 0, 1, -1, 0, 0, 15, 'DeAn.png'),
(231, '771', 8, 'Phần thưởng hạng lông, thành viên hạng may mắn', 'Gói phần thưởng nam thiên .', 1, 0, 'ITEM_GIFT_PACKAGE', 0, 0, 1, -1, 0, 0, 0, 'HopQuaEvent.png'),
(232, '772', 8, 'Phần thưởng hạng lông, thành viên hạng khuyến khích', 'Gói phần thưởng nam thiên.', 1, 0, 'ITEM_GIFT_PACKAGE', 0, 0, 1, -1, 0, 0, 0, 'HopQuaEvent.png'),
(233, '773', 8, 'Phần thưởng hạng lông, thành viên hạng ba', 'Gói phần thưởng nam thiên.', 1, 0, 'ITEM_GIFT_PACKAGE', 0, 0, 1, -1, 0, 0, 0, 'HopQuaEvent.png'),
(234, '774', 8, 'Phần thưởng hạng lông, thành viên hạng nhì', 'Gói phần thưởng nam thiên.', 1, 0, 'ITEM_GIFT_PACKAGE', 0, 0, 1, -1, 0, 0, 0, 'HopQuaEvent.png'),
(235, '775', 8, 'Phần thưởng hạng lông, thành viên hạng nhất', 'Gói phần thưởng nam thiên.', 1, 0, 'ITEM_GIFT_PACKAGE', 0, 0, 1, -1, 0, 0, 0, 'HopQuaEvent.png'),
(236, '776', 8, 'Phần thưởng hạng lông, cá nhân xuất sắc hạng may mắn', 'Gói phần thưởng nam thiên.', 1, 0, 'ITEM_GIFT_PACKAGE', 0, 0, 1, -1, 0, 0, 0, 'HopQuaEvent.png'),
(237, '777', 8, 'Phần thưởng hạng lông, cá nhân xuất sắc hạng khuyến khích', 'Gói phần thưởng nam thiên.', 1, 0, 'ITEM_GIFT_PACKAGE', 0, 0, 1, -1, 0, 0, 0, 'HopQuaEvent.png'),
(238, '778', 8, 'Phần thưởng hạng lông, cá nhân xuất sắc hạng ba', 'Gói phần thưởng nam thiên.', 1, 0, 'ITEM_GIFT_PACKAGE', 0, 0, 1, -1, 0, 0, 0, 'HopQuaEvent.png'),
(239, '779', 8, 'Phần thưởng hạng lông, cá nhân xuất sắc hạng nhì', 'Gói phần thưởng nam thiên.', 1, 0, 'ITEM_GIFT_PACKAGE', 0, 0, 1, -1, 0, 0, 0, 'HopQuaEvent.png'),
(240, '780', 8, 'Phần thưởng hạng lông, cá nhân xuất sắc hạng nhất', 'Gói phần thưởng nam thiên.', 1, 0, 'ITEM_GIFT_PACKAGE', 0, 0, 1, -1, 0, 0, 0, 'HopQuaEvent.png'),
(241, '781', 8, 'Phần thưởng hạng lông, nhóm trưởng hạng may mắn', 'Gói phần thưởng nam thiên.', 1, 0, 'ITEM_GIFT_PACKAGE', 0, 0, 1, -1, 0, 0, 0, 'HopQuaEvent.png'),
(242, '782', 8, 'Phần thưởng hạng lông, nhóm trưởng hạng khuyến khích', 'Gói phần thưởng nam thiên.', 1, 0, 'ITEM_GIFT_PACKAGE', 0, 0, 1, -1, 0, 0, 0, 'HopQuaEvent.png'),
(243, '783', 8, 'Phần thưởng hạng lông, nhóm trưởng hạng ba', 'Gói phần thưởng nam thiên.', 1, 0, 'ITEM_GIFT_PACKAGE', 0, 0, 1, -1, 0, 0, 0, 'HopQuaEvent.png'),
(244, '784', 8, 'Phần thưởng hạng lông, nhóm trưởng hạng nhì', 'Gói phần thưởng nam thiên.', 1, 0, 'ITEM_GIFT_PACKAGE', 0, 0, 1, -1, 0, 0, 0, 'HopQuaEvent.png'),
(245, '785', 8, 'Phần thưởng hạng lông, nhóm trưởng hạng nhất', 'Gói phần thưởng nam thiên.', 1, 0, 'ITEM_GIFT_PACKAGE', 0, 0, 1, -1, 0, 0, 0, 'HopQuaEvent.png'),
(246, '786', 8, 'Phần thưởng hạng ruồi, thành viên hạng may mắn', 'Gói phần thưởng nam thiên .', 1, 0, 'ITEM_GIFT_PACKAGE', 0, 0, 1, -1, 0, 0, 0, 'HopQuaEvent.png'),
(247, '787', 8, 'Phần thưởng hạng ruồi, thành viên hạng khuyến khích', 'Gói phần thưởng nam thiên.', 1, 0, 'ITEM_GIFT_PACKAGE', 0, 0, 1, -1, 0, 0, 0, 'HopQuaEvent.png'),
(248, '788', 8, 'Phần thưởng hạng ruồi, thành viên hạng ba', 'Gói phần thưởng nam thiên.', 1, 0, 'ITEM_GIFT_PACKAGE', 0, 0, 1, -1, 0, 0, 0, 'HopQuaEvent.png'),
(249, '789', 8, 'Phần thưởng hạng ruồi, thành viên hạng nhì', 'Gói phần thưởng nam thiên.', 1, 0, 'ITEM_GIFT_PACKAGE', 0, 0, 1, -1, 0, 0, 0, 'HopQuaEvent.png'),
(250, '790', 8, 'Phần thưởng hạng ruồi, thành viên hạng nhất', 'Gói phần thưởng nam thiên.', 1, 0, 'ITEM_GIFT_PACKAGE', 0, 0, 1, -1, 0, 0, 0, 'HopQuaEvent.png'),
(251, '791', 8, 'Phần thưởng hạng ruồi, cá nhân xuất sắc hạng may mắn', 'Gói phần thưởng nam thiên.', 1, 0, 'ITEM_GIFT_PACKAGE', 0, 0, 1, -1, 0, 0, 0, 'HopQuaEvent.png'),
(252, '792', 8, 'Phần thưởng hạng ruồi, cá nhân xuất sắc hạng khuyến khích', 'Gói phần thưởng nam thiên.', 1, 0, 'ITEM_GIFT_PACKAGE', 0, 0, 1, -1, 0, 0, 0, 'HopQuaEvent.png'),
(253, '793', 8, 'Phần thưởng hạng ruồi, cá nhân xuất sắc hạng ba', 'Gói phần thưởng nam thiên.', 1, 0, 'ITEM_GIFT_PACKAGE', 0, 0, 1, -1, 0, 0, 0, 'HopQuaEvent.png'),
(254, '794', 8, 'Phần thưởng hạng ruồi, cá nhân xuất sắc hạng nhì', 'Gói phần thưởng nam thiên.', 1, 0, 'ITEM_GIFT_PACKAGE', 0, 0, 1, -1, 0, 0, 0, 'HopQuaEvent.png'),
(255, '795', 8, 'Phần thưởng hạng ruồi, cá nhân xuất sắc hạng nhất', 'Gói phần thưởng nam thiên.', 1, 0, 'ITEM_GIFT_PACKAGE', 0, 0, 1, -1, 0, 0, 0, 'HopQuaEvent.png'),
(256, '796', 8, 'Phần thưởng hạng ruồi, nhóm trưởng hạng may mắn', 'Gói phần thưởng nam thiên.', 1, 0, 'ITEM_GIFT_PACKAGE', 0, 0, 1, -1, 0, 0, 0, 'HopQuaEvent.png'),
(257, '797', 8, 'Phần thưởng hạng ruồi, nhóm trưởng hạng khuyến khích', 'Gói phần thưởng nam thiên.', 1, 0, 'ITEM_GIFT_PACKAGE', 0, 0, 1, -1, 0, 0, 0, 'HopQuaEvent.png'),
(258, '798', 8, 'Phần thưởng hạng ruồi, nhóm trưởng hạng ba', 'Gói phần thưởng nam thiên.', 1, 0, 'ITEM_GIFT_PACKAGE', 0, 0, 1, -1, 0, 0, 0, 'HopQuaEvent.png'),
(259, '799', 8, 'Phần thưởng hạng ruồi, nhóm trưởng hạng nhì', 'Gói phần thưởng nam thiên.', 1, 0, 'ITEM_GIFT_PACKAGE', 0, 0, 1, -1, 0, 0, 0, 'HopQuaEvent.png'),
(260, '800', 8, 'Phần thưởng hạng ruồi, nhóm trưởng hạng nhất', 'Gói phần thưởng nam thiên.', 1, 0, 'ITEM_GIFT_PACKAGE', 0, 0, 1, -1, 0, 0, 0, 'HopQuaEvent.png'),
(261, '801', 8, 'Phần thưởng hạng thịt, thành viên hạng may mắn', 'Gói phần thưởng nam thiên .', 1, 0, 'ITEM_GIFT_PACKAGE', 0, 0, 1, -1, 0, 0, 0, 'HopQuaEvent.png'),
(262, '802', 8, 'Phần thưởng hạng thịt, thành viên hạng khuyến khích', 'Gói phần thưởng nam thiên.', 1, 0, 'ITEM_GIFT_PACKAGE', 0, 0, 1, -1, 0, 0, 0, 'HopQuaEvent.png'),
(263, '803', 8, 'Phần thưởng hạng thịt, thành viên hạng ba', 'Gói phần thưởng nam thiên.', 1, 0, 'ITEM_GIFT_PACKAGE', 0, 0, 1, -1, 0, 0, 0, 'HopQuaEvent.png'),
(264, '804', 8, 'Phần thưởng hạng thịt, thành viên hạng nhì', 'Gói phần thưởng nam thiên.', 1, 0, 'ITEM_GIFT_PACKAGE', 0, 0, 1, -1, 0, 0, 0, 'HopQuaEvent.png'),
(265, '805', 8, 'Phần thưởng hạng thịt, thành viên hạng nhất', 'Gói phần thưởng nam thiên.', 1, 0, 'ITEM_GIFT_PACKAGE', 0, 0, 1, -1, 0, 0, 0, 'HopQuaEvent.png'),
(266, '806', 8, 'Phần thưởng hạng thịt, cá nhân xuất sắc hạng may mắn', 'Gói phần thưởng nam thiên.', 1, 0, 'ITEM_GIFT_PACKAGE', 0, 0, 1, -1, 0, 0, 0, 'HopQuaEvent.png'),
(267, '807', 8, 'Phần thưởng hạng thịt, cá nhân xuất sắc hạng khuyến khích', 'Gói phần thưởng nam thiên.', 1, 0, 'ITEM_GIFT_PACKAGE', 0, 0, 1, -1, 0, 0, 0, 'HopQuaEvent.png'),
(268, '808', 8, 'Phần thưởng hạng thịt, cá nhân xuất sắc hạng ba', 'Gói phần thưởng nam thiên.', 1, 0, 'ITEM_GIFT_PACKAGE', 0, 0, 1, -1, 0, 0, 0, 'HopQuaEvent.png'),
(269, '809', 8, 'Phần thưởng hạng thịt, cá nhân xuất sắc hạng nhì', 'Gói phần thưởng nam thiên.', 1, 0, 'ITEM_GIFT_PACKAGE', 0, 0, 1, -1, 0, 0, 0, 'HopQuaEvent.png'),
(270, '810', 8, 'Phần thưởng hạng thịt, cá nhân xuất sắc hạng nhất', 'Gói phần thưởng nam thiên.', 1, 0, 'ITEM_GIFT_PACKAGE', 0, 0, 1, -1, 0, 0, 0, 'HopQuaEvent.png'),
(271, '811', 8, 'Phần thưởng hạng thịt, nhóm trưởng hạng may mắn', 'Gói phần thưởng nam thiên.', 1, 0, 'ITEM_GIFT_PACKAGE', 0, 0, 1, -1, 0, 0, 0, 'HopQuaEvent.png'),
(272, '812', 8, 'Phần thưởng hạng thịt, nhóm trưởng hạng khuyến khích', 'Gói phần thưởng nam thiên.', 1, 0, 'ITEM_GIFT_PACKAGE', 0, 0, 1, -1, 0, 0, 0, 'HopQuaEvent.png'),
(273, '813', 8, 'Phần thưởng hạng thịt, nhóm trưởng hạng ba', 'Gói phần thưởng nam thiên.', 1, 0, 'ITEM_GIFT_PACKAGE', 0, 0, 1, -1, 0, 0, 0, 'HopQuaEvent.png'),
(274, '814', 8, 'Phần thưởng hạng thịt, nhóm trưởng hạng nhì', 'Gói phần thưởng nam thiên.', 1, 0, 'ITEM_GIFT_PACKAGE', 0, 0, 1, -1, 0, 0, 0, 'HopQuaEvent.png'),
(275, '815', 8, 'Phần thưởng hạng thịt, nhóm trưởng hạng nhất', 'Gói phần thưởng nam thiên.', 1, 0, 'ITEM_GIFT_PACKAGE', 0, 0, 1, -1, 0, 0, 0, 'HopQuaEvent.png'),
(276, '816', 8, 'Phần thưởng cá nhân tích cực', 'Gói phần thưởng nam thiên.', 1, 0, 'ITEM_GIFT_PACKAGE', 0, 0, 1, -1, 0, 0, 0, 'HopQuaEvent.png'),
(277, '817', 8, 'Thuốc X-Heo LV 3', 'Bao gồm 30 Thuốc X-Heo LV 3 (+6%)', 1, 0, 'ITEM_GIFT_PACKAGE', 0, 0, 1, -1, 0, 0, 15, 'xheolv3new.png'),
(278, '818', 8, 'Thuốc X-Heo LV 4', 'Bao gồm 5 Thuốc X-Heo LV 4 (+9%)', 1, 0, 'ITEM_GIFT_PACKAGE', 0, 0, 1, -1, 0, 0, 15, 'xheolv4.png'),
(279, '819', 8, 'Heo Bò Sữa (cái)', 'Bao gồm 10 Heo Bò Sữa cái', 1, 0, 'ITEM_GIFT_PACKAGE', 0, 0, 1, -1, 0, 0, 15, 'saleoffbosua.png'),
(280, '820', 8, 'Phần thưởng làm thiệp tri ân gói vật phẩm mốc 500', 'Phần thưởng làm thiệp tri ân gói vật phẩm mốc 500.', 1, 0, 'ITEM_GIFT_PACKAGE', 0, 0, 1, -1, 0, 0, 0, 'HopQuaEvent.png'),
(281, '821', 8, 'Phần thưởng làm thiệp tri ân gói vật phẩm mốc 700', 'Phần thưởng làm thiệp tri ân gói vật phẩm mốc 700.', 1, 0, 'ITEM_GIFT_PACKAGE', 0, 0, 1, -1, 0, 0, 0, 'HopQuaEvent.png'),
(282, '822', 8, 'Phần thưởng làm thiệp tri ân gói vật phẩm mốc 1000', 'Phần thưởng làm thiệp tri ân gói vật phẩm mốc 1000.', 1, 0, 'ITEM_GIFT_PACKAGE', 0, 0, 1, -1, 0, 0, 0, 'HopQuaEvent.png'),
(283, '823', 8, 'Phần thưởng làm thiệp tri ân gói ngoại cảnh mốc 1000', 'Phần thưởng làm thiệp tri ân gói ngoại cảnh mốc 1000.', 1, 0, 'ITEM_GIFT_PACKAGE', 0, 0, 1, -1, 0, 0, 0, 'HopQuaEvent.png'),
(284, '824', 8, 'Phần thưởng hạng thịt, nhóm trưởng hạng nhất', 'Gói phần thưởng nam thiên bổ sung.', 1, 0, 'ITEM_GIFT_PACKAGE', 0, 0, 1, -1, 0, 0, 0, 'HopQuaEvent.png'),
(285, '825', 8, 'Phần thưởng hạng thịt, cá nhân hạng nhất', 'Gói phần thưởng nam thiên bổ sung.', 1, 0, 'ITEM_GIFT_PACKAGE', 0, 0, 1, -1, 0, 0, 0, 'HopQuaEvent.png'),
(286, '826', 8, 'Phần thưởng hạng thịt, thành viên hạng nhất', 'Gói phần thưởng nam thiên bổ sung.', 1, 0, 'ITEM_GIFT_PACKAGE', 0, 0, 1, -1, 0, 0, 0, 'HopQuaEvent.png'),
(287, '827', 8, 'Phần thưởng hạng thịt, nhóm trưởng hạng nhì', 'Gói phần thưởng nam thiên bổ sung.', 1, 0, 'ITEM_GIFT_PACKAGE', 0, 0, 1, -1, 0, 0, 0, 'HopQuaEvent.png'),
(288, '828', 8, 'Phần thưởng hạng thịt, cá nhân hạng nhì', 'Gói phần thưởng nam thiên bổ sung.', 1, 0, 'ITEM_GIFT_PACKAGE', 0, 0, 1, -1, 0, 0, 0, 'HopQuaEvent.png'),
(289, '829', 8, 'Phần thưởng hạng thịt, thành viên hạng nhì', 'Gói phần thưởng nam thiên bổ sung.', 1, 0, 'ITEM_GIFT_PACKAGE', 0, 0, 1, -1, 0, 0, 0, 'HopQuaEvent.png'),
(290, '830', 8, 'Phần thưởng hạng thịt, nhóm trưởng hạng ba', 'Gói phần thưởng nam thiên bổ sung.', 1, 0, 'ITEM_GIFT_PACKAGE', 0, 0, 1, -1, 0, 0, 0, 'HopQuaEvent.png'),
(291, '831', 8, 'Phần thưởng hạng thịt, cá nhân hạng  ba', 'Gói phần thưởng nam thiên bổ sung.', 1, 0, 'ITEM_GIFT_PACKAGE', 0, 0, 1, -1, 0, 0, 0, 'HopQuaEvent.png'),
(292, '832', 8, 'Phần thưởng hạng thịt, thành viên hạng  ba', 'Gói phần thưởng nam thiên bổ sung.', 1, 0, 'ITEM_GIFT_PACKAGE', 0, 0, 1, -1, 0, 0, 0, 'HopQuaEvent.png');
INSERT INTO `ibs_item` (`id`, `item_id_text`, `type`, `name`, `description`, `quantity`, `have_default`, `item_key`, `effect`, `limited`, `use_at_home`, `max_level`, `exp`, `refine_level`, `expired_coin`, `image`) VALUES
(293, '833', 8, 'Phần thưởng hạng thịt, nhóm trưởng hạng khuyến khích', 'Gói phần thưởng nam thiên bổ sung.', 1, 0, 'ITEM_GIFT_PACKAGE', 0, 0, 1, -1, 0, 0, 0, 'HopQuaEvent.png'),
(294, '834', 8, 'Phần thưởng hạng thịt, cá nhân hạng khuyến khích', 'Gói phần thưởng nam thiên bổ sung.', 1, 0, 'ITEM_GIFT_PACKAGE', 0, 0, 1, -1, 0, 0, 0, 'HopQuaEvent.png'),
(295, '835', 8, 'Phần thưởng hạng thịt, thành viên hạng khuyến khích', 'Gói phần thưởng nam thiên bổ sung.', 1, 0, 'ITEM_GIFT_PACKAGE', 0, 0, 1, -1, 0, 0, 0, 'HopQuaEvent.png'),
(296, '836', 8, 'Phần thưởng hạng thịt, nhóm trưởng hạng may mắn', 'Gói phần thưởng nam thiên bổ sung.', 1, 0, 'ITEM_GIFT_PACKAGE', 0, 0, 1, -1, 0, 0, 0, 'HopQuaEvent.png'),
(297, '837', 8, 'Phần thưởng hạng thịt, cá nhân hạng may mắn', 'Gói phần thưởng nam thiên bổ sung.', 1, 0, 'ITEM_GIFT_PACKAGE', 0, 0, 1, -1, 0, 0, 0, 'HopQuaEvent.png'),
(298, '838', 8, 'Phần thưởng hạng thịt, thành viên hạng may mắn', 'Gói phần thưởng nam thiên bổ sung.', 1, 0, 'ITEM_GIFT_PACKAGE', 0, 0, 1, -1, 0, 0, 0, 'HopQuaEvent.png'),
(299, '839', 8, 'Phần thưởng hạng thịt, gói quà xin lỗi', 'Gói phần thưởng nam thiên bổ sung.', 1, 0, 'ITEM_GIFT_PACKAGE', 0, 0, 1, -1, 0, 0, 0, 'HopQuaEvent.png'),
(300, '840', 3, 'Thức ăn chó 24/24', 'Dùng để duy trì khả năng bảo vệ 100% trại của Chó trong 24 giờ.', 1, 0, 'THUC_AN_CHO', 1440, 0, 0, -1, 0, 0, 15, 'FoodDog3.png'),
(301, '841', 3, 'Thức ăn chó 24/7', 'Dùng để duy trì khả năng bảo vệ 100% trại của Chó trong 168 giờ - 7 ngày.', 1, 0, 'THUC_AN_CHO', 10080, 0, 0, -1, 0, 0, 15, 'FoodDog4.png'),
(302, '842', 8, 'Heo Bùng Binh (cái)', 'Bao gồm 10 Heo Bùng Binh cái', 1, 0, 'ITEM_GIFT_PACKAGE', 0, 0, 1, -1, 0, 0, 15, 'saleoffbungbinhcai.png'),
(303, '843', 8, 'Heo Bò Sữa (đực)', 'Bao gồm 10 Heo Bò Sữa Đực', 1, 0, 'ITEM_GIFT_PACKAGE', 0, 0, 1, -1, 0, 0, 15, 'saleoffbosuaduc.png'),
(304, '844', 8, 'Thuốc X-heo lv 4', 'Bao gồm 30 Thuốc X-heo level 4', 1, 0, 'ITEM_GIFT_PACKAGE', 0, 0, 1, -1, 0, 0, 15, 'saleoffxheolv4.png'),
(305, '845', 8, 'Thuốc X-heo lv 5', 'Bao gồm 30 Thuốc X-heo level 5', 1, 0, 'ITEM_GIFT_PACKAGE', 0, 0, 1, -1, 0, 0, 15, 'saleoffxheolv5.png'),
(306, '846', 8, 'Thuốc X-heo lv 6', 'Bao gồm 30 Thuốc X-heo level 6', 1, 0, 'ITEM_GIFT_PACKAGE', 0, 0, 1, -1, 0, 0, 15, 'saleoffxheolv6.png'),
(307, '847', 2, 'Chuồng heo bộ ngoại cảnh Hạ Long', 'Chuồng heo - bộ ngoại cảnh Hạ Long', 1, 0, 'CHUONG_HEO', 12, 336, 0, -1, 0, 0, 15, 'ArchPigsty10.png'),
(308, '848', 2, 'Chuồng chó bộ ngoại cảnh Hạ Long', 'Chuồng chó - bộ ngoại cảnh Hạ Long', 1, 0, 'CHUONG_CHO', 1, 336, 0, -1, 0, 0, 15, 'ArchDogsty10.png'),
(309, '849', 2, 'Xưởng chế biến bộ ngoại cảnh Hạ Long', 'Xưởng chế biến - bộ ngoại cảnh Hạ Long', 1, 0, 'XUONG_CHE_BIEN', 1, 336, 0, -1, 0, 0, 15, 'ArchStudio10.png'),
(310, '850', 2, 'Máng ăn bộ ngoại cảnh Hạ Long', 'Máng ăn - bộ ngoại cảnh Hạ Long', 1, 0, 'MANG_AN', 1, 336, 0, -1, 0, 0, 15, 'ArchEatGutter10.png'),
(311, '851', 2, 'Giếng tắm', 'Giếng tắm - bộ ngoại cảnh Hạ Long', 1, 0, 'VOI_TAM', 1, 336, 0, -1, 0, 0, 15, 'ArchWashup10.png'),
(312, '852', 2, 'Bộ ngoại cảnh Hạ Long', 'Bộ ngoại cảnh Hạ Long', 1, 0, 'BO_TRANGTRI', 30, 336, 0, -1, 0, 0, 15, 'BoHL.png'),
(313, '853', 2, 'Chuồng heo Sân trường', 'Chuồng heo - bộ ngoại cảnh Sân trường', 1, 0, 'CHUONG_HEO', 12, 336, 0, -1, 0, 0, 15, 'ArchPigsty11.png'),
(314, '854', 2, 'Chuồng chó Sân trường', 'Chuồng chó - bộ ngoại cảnh Sân trường', 1, 0, 'CHUONG_CHO', 1, 336, 0, -1, 0, 0, 15, 'ArchDogsty11.png'),
(315, '855', 2, 'Xưởng chế biến Sân trường', 'Xưởng chế biến - bộ ngoại cảnh Sân trường', 1, 0, 'XUONG_CHE_BIEN', 1, 336, 0, -1, 0, 0, 15, 'ArchStudio11.png'),
(316, '856', 2, 'Máng ăn Sân trường', 'Máng ăn - bộ ngoại cảnh Sân trường', 1, 0, 'MANG_AN', 1, 336, 0, -1, 0, 0, 15, 'ArchEatGutter11.png'),
(317, '857', 2, 'Giếng tắm Sân trường', 'Giếng tắm - bộ ngoại cảnh Sân trường', 1, 0, 'VOI_TAM', 1, 336, 0, -1, 0, 0, 15, 'ArchWashup11.png'),
(318, '858', 2, 'Bộ ngoại cảnh Sân trường', 'Bộ ngoại cảnh Sân trường', 1, 0, 'BO_TRANGTRI', 30, 336, 0, -1, 0, 0, 15, 'Bo11.png');

-- --------------------------------------------------------

--
-- Table structure for table `ibs_item_type`
--

CREATE TABLE IF NOT EXISTS `ibs_item_type` (
  `id` int(3) NOT NULL,
  `name` varchar(100) COLLATE utf8_unicode_ci NOT NULL,
  PRIMARY KEY (`id`,`name`)
) ENGINE=InnoDB DEFAULT CHARSET=utf8 COLLATE=utf8_unicode_ci;

--
-- Dumping data for table `ibs_item_type`
--

INSERT INTO `ibs_item_type` (`id`, `name`) VALUES
(0, 'AUCTION'),
(0, 'CHUA_BENH'),
(0, 'GAY_BENH'),
(0, 'HOLY_EXCHANGE_TYPE1'),
(0, 'HOLY_EXCHANGE_TYPE2'),
(0, 'HOLY_EXCHANGE_TYPE3'),
(0, 'HOLY_MEDICINE'),
(0, 'ITEM_EFFECT_PICEVENT'),
(0, 'ITEM_GIFT_PACKAGE'),
(0, 'LAM_BANH_NL'),
(0, 'LUCKY_STAR'),
(0, 'NAP_NANG_LUONG'),
(0, 'REFINE_PEAR'),
(0, 'SINH_NHANH'),
(0, 'TANG_CAN'),
(0, 'TANG_TUOI_THO'),
(0, 'THUC_AN_CHO'),
(0, 'THUOC_BO'),
(0, 'TRANG_TRI_AO'),
(0, 'TRANG_TRI_KINH'),
(0, 'TRANG_TRI_MU'),
(0, 'TRUONG_THANH_NHANH'),
(1, 'TI_LE_TANG_CAN'),
(2, 'BO_TRANGTRI'),
(2, 'CHUONG_CHO'),
(2, 'CHUONG_HEO'),
(2, 'MANG_AN'),
(2, 'VOI_TAM'),
(2, 'XUONG_CHE_BIEN');

-- --------------------------------------------------------

--
-- Table structure for table `ibs_localize_dictionary`
--

CREATE TABLE IF NOT EXISTS `ibs_localize_dictionary` (
  `code` varchar(100) COLLATE utf8_unicode_ci NOT NULL,
  `description` varchar(255) COLLATE utf8_unicode_ci NOT NULL
) ENGINE=InnoDB DEFAULT CHARSET=utf8 COLLATE=utf8_unicode_ci;

--
-- Dumping data for table `ibs_localize_dictionary`
--

INSERT INTO `ibs_localize_dictionary` (`code`, `description`) VALUES
('welcomeMsg#0', 'welcome0'),
('welcomeMsg#1', 'welcome1'),
('welcomeMsg#2', 'welcome2'),
('welcomeMsg#3', 'welcome3'),
('welcomeMsg#4', 'welcome4'),
('EventPicture#1', 'Chúc mừng'),
('EventPicture#2', 'Hoàn thành 370 bức tranh'),
('EventPicture#3', '9999'),
('EventPicture#4', 'Bộ ngoại cảnh mùa thu'),
('EventPicture#5', '(Bật mí: ngoại cảnh nằm trong rương chứa đồ)'),
('fm#1', 'Bạn cần có 18 hoặc 23 bé heo để xếp đội hình này.'),
('fm#2', 'Thông báo: Bạn cần có 18 hoặc 23 bé heo để xếp đội hình này.'),
('shop#1', 'Tính năng chưa mở'),
('shop#2', 'Ngoại cảnh'),
('login#1', 'Máy chủ đã đầy, bạn vui lòng đăng nhập vào 1 thời điểm khác'),
('pika#1', 'Pikaheo.'),
('pika#2', 'Chú ý.'),
('pika#3', 'Gỡ càng nhiều -> điểm càng cao -> phần thưởng càng lớn.'),
('pika#4', 'Người chơi có thể sử dụng vật phẩm hỗ trợ.'),
('pika#5', 'Bí mật: Nhận quà khủng nếu chơi hết 5 màn.'),
('pika#6', 'Màn'),
('pika#7', 'Điểm'),
('pika#8', 'Hỗ trợ.'),
('pika#9', 'Bắt đầu.'),
('test#1', 'skip time'),
('1', 'Gỡ trang trí mũ'),
('2', 'Gỡ trang trí kính'),
('3', 'Gỡ trang trí áo'),
('4', 'Tỉ lệ tăng: {0} kg/h'),
('5', 'Giá bán: {0} vàng/kg'),
('6', 'Vòng đời của heo'),
('7', 'Sức khỏe của heo'),
('8', 'Bán heo'),
('9', 'Giao phối'),
('10', 'Đấm bóp'),
('11', 'Cửa hàng'),
('12', 'Áo'),
('13', 'Kính'),
('14', 'Mũ'),
('15', '{0} kg/h'),
('16', 'Chuồng heo cấp {0}'),
('17', 'Máng cấp {0}'),
('18', 'Nâng cấp'),
('19', '{0} Ngày'),
('20', 'Bạn có muốn nâng cấp trại heo của mình không?'),
('21', 'Cấp'),
('22', 'Để mở rộng trại heo lên cấp {0} bạn cần đạt cấp {1} và {2} vàng'),
('23', 'u0020hoặc có {0} xu '),
('24', 'Bạn chưa đủ cấp độ hoặc tiền vàng để nâng cấp'),
('25', 'Bạn chưa đủ cấp độ hoặc tiền xu để nâng cấp'),
('26', 'Bạn chưa mở rộng chuồng thứ {0}'),
('27', 'Thông báo: Bạn chưa chọn đội hình.'),
('28', 'Thông báo: Bạn cần nhập nội dung chào khách.'),
('29', 'Không có heo trong chuồng'),
('30', '{0}\nThời gian còn lại: {1}'),
('31', 'Lên Cấp'),
('32', 'Phần thưởng'),
('33', 'Kinh nghiệm'),
('34', 'Tiền vàng'),
('35', 'Heo'),
('36', 'Tích lũy'),
('37', 'Tiền vàng'),
('38', 'Có {0} heo trong chuồng'),
('39', 'Đạt <font size=''14'' >{0}</font> danh vọng'),
('40', 'Phần thưởng'),
('41', 'Đạt đến cấp  '),
('42', 'Bạn chỉ có thể trộm heo mới sinh'),
('43', 'Heo sẽ đói sau:'),
('44', 'Không đủ tiền'),
('45', '{0} giờ'),
('46', '{0} phút'),
('47', 'Heo còn sống được: {0}'),
('48', 'Sức khỏe heo: {0}/{1}'),
('49', 'Giao phối'),
('50', 'Bán heo'),
('51', 'Giá phối'),
('52', 'Chia sẻ'),
('53', 'Số lượng heo trong chuồng của bạn đã vượt quá giới hạn. Hãy bán bớt heo hoặc nâng cấp chuồng heo lên nhé'),
('54', 'Rương đồ'),
('55', 'Cửa hàng'),
('56', 'Chào mừng'),
('57', 'Xếp đội hình'),
('58', 'Chữa bệnh'),
('59', 'Gây bệnh'),
('60', 'Trộm heo'),
('61', 'Trộm heo'),
('62', 'Không có heo trong chuồng'),
('63', 'Tổng số heo'),
('64', 'Tiền xu'),
('65', 'Trại heo 2'),
('66', 'Chuồng chó'),
('67', 'Xưởng chế biến'),
('68', 'Giếng tắm'),
('69', 'Tắm cho heo'),
('70', 'Cho heo uống nước'),
('71', 'Cấp tiếp theo'),
('72', 'Cho heo ăn'),
('73', 'Trại heo'),
('74', 'Nâng cấp chuồng heo'),
('75', 'Chuồng heo'),
('76', '{0}\nThời gian còn lại:{1}'),
('77', 'Máng cho heo ăn'),
('78', 'Bí mật sắp bật mí. Bạn đợi thêm xíu xiu nữa nha!'),
('79', 'Máng ăn của bạn đã được nâng cấp'),
('80', 'Không đủ tiền'),
('81', 'Ý, bị lỗi rùi. Bạn thông cảm nha!'),
('82', 'Aaaaa! Trộm được heo rùi!!!'),
('83', 'Heo bận măm măm. Bạn đợi xíu nha!'),
('84', 'Heo đang uống nước. Bạn đợi xíu nha!'),
('85', 'Heo no căng bụng rùi á!'),
('86', 'Heo sạch sẽ, hông có ghẻ, hông cần tắm đâu!'),
('87', 'Heo đang bận tắm nà!'),
('88', 'Heo no căng bụng rùi á!'),
('89', 'Ý, hông đủ thức ăn rùi! '),
('90', 'Không tồn tại heo này'),
('91', 'Không tồn tại'),
('92', 'Số heo tối đa của bạn là {0}'),
('93', 'Mua thành công {0} {1}'),
('94', 'Không có heo bị bệnh'),
('95', 'Không có heo bị hôn mê'),
('96', 'Tất cả heo đều đang bị bệnh'),
('97', 'Không tồn tại'),
('98', 'Mua thành công {0} {1}'),
('99', 'Thành công'),
('100', 'Thất bại'),
('101', 'Đăng lên tường của bạn không thành công'),
('102', 'Heo hệ thống'),
('103', 'Không có heo mới sinh'),
('104', 'Không đấm bóp được'),
('105', 'Tất cả heo đều bị bệnh hoặc hôn mê'),
('106', 'Số lượng vật phẩm không đủ'),
('107', 'Đăng lên tường của bạn thành công'),
('108', 'Bạn không đủ năng lượng'),
('109', 'Mở rộng trại heo lên cấp'),
('110', 'Cấp độ yêu cầu'),
('111', 'Tiền vàng cần'),
('112', 'Nâng cấp'),
('113', 'Cấp'),
('114', '<font size=''12'' color=''#3c2417''>Kinh nghiệm hiện tại: </font><font size=''14'' color=''#7B5139''>{0}</font><br><font size=''12'' color=''#3c2417''>Kinh nghiệm cần để lên cấp: </font><font size=''14'' color=''#7B5139''>{1}</font>'),
('115', 'Kinh nghiệm'),
('116', 'Bạn có muốn nhận nhiệm vụ tân thủ để làm quen với Ủn Ỉn ko?'),
('117', 'Bật mí: Click vào heo và hộp quà để làm nhiệm vụ!'),
('118', 'Bỏ qua nhiệm vụ Tân Thủ, có thể bạn sẽ không hiểu cách chơi Ủn Ỉn đó nha!'),
('119', 'Tổng phần thưởng'),
('120', 'Kinh nghiệm'),
('121', 'Câu'),
('122', 'Câu hỏi'),
('123', 'Click vào heo và hộp quà có mũi tên để làm nhiệm vụ Tân Thủ nhe!'),
('124', 'Hồi'),
('125', 'Nạp đầy'),
('126', 'Xếp hàng chào khách:\n\n+ Chọn đội hình\n+ Nhập câu chào khách\n+ Chọn XẾP THỬ để xem trước\n+ Chọn ĐỒNG Ý để lưu cài đặt'),
('127', 'Tiếp tục'),
('128', 'Nhận'),
('129', 'Bỏ qua'),
('130', 'Quay lại'),
('131', 'Chào bạn!'),
('132', 'Quyết định bỏ qua?'),
('133', 'Năng lượng đã đầy.'),
('134', 'Điểm kinh nghiệm cơ bản khi bán heo: {0}/{1} điểm'),
('135', 'Điểm kinh nghiệm.'),
('136', 'Bỏ qua!'),
('145', 'Mở rộng trại heo đến các mốc 10, 15, 20, 25, 30 sẽ nhận được thêm 1, 2, 3, 4, 5 rương báu mỗi ngày.'),
('146', 'Pig Farm'),
('148', 'Vật phẩm hổ trợ'),
('149', 'Ngoại trang'),
('150', 'Heo đặc biệt'),
('151', 'Chợ heo'),
('152', 'Thực phẩm'),
('153', '<span color=''#000000'' >{0}</span> vừa <span color=''{1}'' >trộm</span> bé heo <span color=''#000000'' >{2}</span> của bạn mất rồi. HuHu...'),
('154', '<span color=''#000000'' >{0}</span> vừa qua <span color=''{1}'' >tắm</span> cho các bé heo của bạn.'),
('155', '<span color=''#000000'' >{0}</span> vừa qua cho heo bạn <span color=''{1}'' >ăn</span> {2}'),
('156', '<span color=''#000000'' >{0}</span> vừa qua <span color=''{1}'' >đấm bóp</span> cho heo của bạn.'),
('157', '<span color=''#000000'' >{0}</span> sang thăm nhà bạn'),
('158', '<span color=''#000000'' >{0}</span> sang nhặt hộp quà.'),
('159', '<span color=''#000000'' >{0}</span> vừa <span color=''{1}'' >gây bệnh</span> cho em bé heo. <span fontStyle=""italic"">Thiệt là tội quá đi à. (T.T)</span>'),
('160', '<span color=''#000000'' >{0}</span> sang <span color=''{1}'' >chữa bệnh</span> cho heo của bạn. <span fontStyle=""italic"">''IU'' ghê cơ. (^3^)</span>'),
('161', '<span color=''#000000'' >{0}</span> sang trả lời heo Trạng guyên.'),
('162', '<span color=''#000000'' >{0}</span> sang <span color=''{1}'' >chữa bệnh</span> cho heo của bạn. <span fontStyle=""italic"">''IU'' ghê cơ. (^3^)</span>'),
('163', 'Xem nhật ký'),
('164', 'Chúc mừng bạn hoàn thành nhiệm vụ số {0}'),
('165', 'Bạn được tặng {0} lần Quay số hoặc {1} thẻ bài./nHãy chọn <span fontWeight=''bold''>Quay số</span> hoặc <span fontWeight=''bold''>Nhận thẻ bài</span> để nhận phần thưởng đặc biệt.'),
('166', 'Bạn nhận được 1 thẻ bài. Bạn đã sưu tập được {0} thẻ bài.'),
('167', 'Heo sinh ra không thể phối giống'),
('168', 'Tốn {0} xu để hoàn thành Nhiệm vụ {1}. \nBạn không đủ xu. '),
('169', 'Tốn {0} xu để hoàn thành Nhiệm vụ {1}.'),
('170', 'Xin chúc mừng!\nBạn nhận được {0}.'),
('171', 'Xin chúc mừng!\nBạn dùng {0} thẻ bài đổi thành công {1} {2}.'),
('172', 'Nhật ký rỗng'),
('173', 'thành công'),
('174', 'thất bại'),
('175', 'Nhiệm vụ số {0}'),
('176', 'Mỗi ngày được nhận <span fontWeight=''bold''>10</span> nhiệm vụ.\nNhiệm vụ thứ <span fontWeight=''bold''>1, 2, 3 miễn phí.</span>'),
('177', 'Số heo của {0} đã vượt quá chuồng. Bạn không thể cho heo ăn được!'),
('178', 'Nhận nhiệm vụ số {0} bằng'),
('179', 'Phần thưởng'),
('180', 'Đặc biệt'),
('181', 'Xu'),
('182', 'Nhắc nhở'),
('183', 'Không có'),
('184', 'Thẻ bài'),
('185', 'Quay số'),
('186', 'Quay số'),
('187', 'Số thẻ bài'),
('188', '<span color=''#000000'' >{0}</span> xém chút nữa đã trộm được heo của bạn… Nguy hiểm quá đó nha! Phew...'),
('189', 'Nhận'),
('190', 'Bạn có muốn mua {0} có giá {1} xu này không?'),
('191', 'Áaaaaa! Trúng lớn rồi! Bạn nhận được {0}'),
('192', 'Chúc mừng bạn hoàn thành nhiệm vụ số {0} - nhiệm vụ số {1}'),
('193', '193=Bạn muốn dùng {0} xu để hoàn thành mục tiêu ngay?'),
('194', 'Hẻm ăn đâu, pé đã măm heo sâm rồi!'),
('195', 'Pé hem ăn sâm được nữa rồi!'),
('196', 'Mỗi ngày bạn chỉ có thể có tối đa 50 heo đất!'),
('197', '197=Chút nữa thôi bạn là anh tài rùi… kekeke...'),
('198', '198=Xứng danh anh tài'),
('199', '199=Số thẻ còn lại: {0}/24'),
('200', '200=Wow! Rinh phần thưởng về nào...'),
('201', '201=Bạn có muốn bỏ qua Nhiệm vụ tân thủ không?'),
('202', '202=Bỏ nhiệm vụ'),
('203', 'Nhiệm vụ hằng ngày'),
('204', '204=Bạn không còn nụ hôn nào cả. Hãy tìm thêm nụ hôn nhé!'),
('205', 'Bạn có muốn đổi quà không?'),
('206', 'Nhận được {0}'),
('207', 'Sau khi đập hết {0} Heo Đất, bạn may mắn nhận được thêm {1}. '),
('208', 'Tặng quà thành công cho {0} người bạn.\n Bạn nhận được {1} năng lượng'),
('210', 'Heo đất'),
('211', 'Hun heo xí quà'),
('212', 'Xem nhật ký'),
('213', '213=Bạn có muốn mua {0} nụ hôn bằng {1} không?'),
('214', 'Chuồng nhà bạn quá 30 bé heo rùi kìa, về bán bớt đi rồi quay lại chơi típ nhá!'),
('215', 'u0020- Thu thập Phiếu Tặng Quà trong lúc nhặt Hộp Quà. Với mỗi Phiếu Tặng Quà có thể gửi một Heo Đất cho một người bạn. \n - Càng có nhiều bạn, gửi và nhận quà càng có nhiều phần thưởng. Nếu may mắn còn có thể nhận được <span color=''#FF0000'' >heo đặc biệt '),
('216', 'Bạn có muốn trả {0} xu để thử ngay không?'),
('217', '<span color=''#000000'' >{0}</span> tặng heo đất cho bạn.'),
('218', '218=Chúc bạn may mắn lần sau nhá (^^)'),
('219', '219=Wow! Hem được phần thưởng nào hết(T.T)'),
('220', 'Bạn có muốn bán con heo {0} thuộc giống {1} này không?'),
('221', '221=Nhiệm vụ thu thập'),
('222', '222=NHIỆM VỤ HÔM NAY LÀ GÌ?'),
('223', '223=Ta là Heo Lang Bạt, thích đi khắp nơi thu thập những vật phẩm đặc biệt.\n\nMỗi ngày ta sẽ đến tìm kiếm các vật phẩm quý cần thiết vào 1 lúc nào đó.\n\nNếu có thì hãy giữ lại và chờ ta đến lấy đấy nhé.'),
('224', '224=nữa sẽ kết thúc nhiệm vụ'),
('225', '225=nữa sẽ có nhiệm vụ tiếp theo'),
('226', '226=Giỏi quá! Đúng {0}/5 câu rùi. Xin tặng bạn: {1} kinh nghiệm, {2} vàng.'),
('227', '227=Ặc Ặc! Sai 5/5 câu luôn. Tặng bạn: {0} kinh nghiệm, {1} vàng.'),
('228', '228=Nhận liền!'),
('229', '229=Chào mừng bạn đến với Ủn Ỉn!\n\nTặng bạn chút quà làm quen nè!'),
('230', 'Nhận nhiệm vụ số {0} miễn phí'),
('231', 'Hoàn thành nhiệm vụ số {0} trước đã nha'),
('232', 'Nhờ Ủn Ỉn làm giúp với'),
('233', 'Tốn {0} xu để nhận Nhiệm vụ {1}. \nBạn không đủ xu. '),
('234', 'Tốn {0} xu để nhận Nhiệm vụ {1}.'),
('235', 'Ăn miếng bánh, uống miếng nước đã! Đợi lên cấp {0} tính tiếp.'),
('236', '<span color=''#000000'' >{0}</span> bơm bong bóng cho bạn.'),
('237', 'Đồng ý'),
('238', 'Hôm nay mình quá xuất sắc! Nghỉ chút đã, 12 giờ trưa tiếp tục!'),
('239', 'Đổi thẻ bài thành công!\nBạn nhận được:\n{0}'),
('240', 'Bí\nmật\nsắp\nbật\nmí'),
('241', '241=Yêu cầu: Cấp {0}'),
('242', '242=Bạn chưa nhận nhiệm vụ nào cả!'),
('243', '243=Tặng quà cho bạn bè'),
('244', '244=Bạn có muốn mua {0} giá {1} xu này không?'),
('245', 'Thao tác không thực hiện được. Bạn vui lòng thử lại!'),
('246', '1575=Vòng {0}'),
('247', '247=Wow!!! hay quá mở hết rồi'),
('248', '248=Chơi tiếp để nhận phần thưởng hấp dẫn hơn hoặc nhận quà ngay'),
('249', '249=1000 điểm !!! Không thể tin !!! Phần thưởng khủng dành cho bạn'),
('250', '250=Bạn nhận được {0} điểm'),
('251', '251=Chuẩn bị sẵn sàng chưa nào'),
('252', '252=Bạn muốn trả {0} xu để mua trợ giúp?'),
('253', '253=Bạn đã hết hỗ trợ tìm kiếm rồi!'),
('254', '254=Bạn đã hết hỗ trợ đảo vị trí rồi!'),
('255', '255=Hướng dẫn:'),
('256', '256=Tìm'),
('257', '257=Hoán vị trí'),
('258', '258=Nhận quà'),
('259', '259=Hôm nay sẽ tặng gì cho Hằng Nga ???'),
('260', '260=Hạt giống'),
('261', '<span color=''#000000''>{0}</span> <span color=''{1}''> tưới cà rốt</span> cho bạn.'),
('262', '262=Cà rốt'),
('263', '263=Nạp xu'),
('264', 'Hủy cài đặt'),
('265', '265=Bạn có muốn trả {0} {1} để mua {2} hạt giống này không?'),
('266', '266=Bạn đã nhận thẻ bài thành công!'),
('267', '267=Bạn còn {0} giây nữa mới được tiếp tục chat.'),
('268', '268=Bạn cần có 100000 vàng và level trên 50'),
('269', '269=Tên nhóm đấu không hợp lệ'),
('270', '270=Tinh luyện thành công!'),
('271', '271=Tinh luyện thất bại!'),
('272', 'Bạn muốn trả {0} xu để mua vật phẩm này không?'),
('273', '273=* Nhấn F5 sẽ không được nhận phần thưởng'),
('274', '274=** Các thẻ hình sẽ rơi xuống sau khi gỡ được một cặp hình'),
('275', '277=** Các thẻ hình sẽ dịch sang phải sau khi gỡ được một cặp hình'),
('276', '276=** Các thẻ hình sẽ dịch sang trái sau khi gỡ được một cặp hình'),
('277', '276=** Các thẻ hình sẽ dịch sang trái sau khi gỡ được một cặp hình'),
('278', '278={0} {1}\nThuộc tính: {2}\nThời gian còn lại: {3}'),
('279', '279=Đã sử dụng được: {0}'),
('280', '280=Bạn có muốn dùng ngoại trang này thay cho ngoại trang công năng không?'),
('281', '281=Sử dụng {0} xu để gia hạn thời gian sử dụng'),
('282', '282=Tổng vàng cơ bản'),
('283', '283=Vàng cộng thêm'),
('284', '284=Điểm kinh nghiệm cơ bản: {0}/{1} điểm'),
('285', '285=Điểm kinh nghiệm cộng thêm\nThời gian tác dụng còn lại: {0}'),
('286', '286=Bạn có muốn gỡ bỏ ngoại trang công năng không?'),
('287', '287=Trọng lượng cơ bản'),
('288', '288=Trọng lượng cộng thêm'),
('289', '289=Bạn có muốn dùng {0} xu để tăng thời gian sử dụng {1} này không?'),
('1001', '1001=Oh! Tuyệt quá! (o.O)\nMay mắn phối giống ra x-heo rồi kìa, 6 giờ nữa sẽ có em bé x-heo'),
('1002', '1002=Cấp độ heo quá thấp. Không thể phối giống x-heo.'),
('1003', '1003=Bạn đã đổi thành công sang {0}. Xin chúc mừng!'),
('1004', '1004=Oái! Thật xui xẻo. Đổi x-heo thất bại rồi!'),
('1005', '1005=Oh! Bạn vẽ nhiều quá, Ủn ỉn hết mực rồi, đợi vài hôm nữa vẽ tiếp nhé!'),
('1006', '1006=Oh! Hết tranh để vẽ rồi!'),
('1007', '1007=Oh! Tranh đã đầy rồi không thể vẽ tiếp được!'),
('1008', '1008=Oh! Bạn đã vẽ tranh cho nhà này rồi!'),
('1009', '1009=Oh! Bạn đã thu hoạch hết số tranh của mình!'),
('1010', '1010=Bạn cần tốn một ít tiền để vẽ tranh?'),
('1011', '1011=Thu hoạch tranh'),
('1012', '1012=Vẽ tranh'),
('1013', '1013=Tranh đã vẽ hoàn thành'),
('1014', '1014=Tranh vẽ càng nhiều kinh nghiệm càng khủng'),
('1015', '1015=Bạn chỉ thu hoạch tranh được khi đã vẽ hoàn thiện bức tranh ({0} lần vẽ)'),
('1016', 'Mỗi lần thu hoạch tranh được <span color=''#1730dd''>800 kinh nghiệm.</span> Mỗi lần vẽ tranh ở nhà bạn được <span color=''#1730dd''>4 kinh nghiệm</span>'),
('1017', '<span color=''#000000'' >{0}</span> vẽ tranh cho bạn.'),
('1018', 'Chúc mừng bạn đã hoàn thành sự kiện vẽ tranh, Ủn ỉn tặng bạn bộ ngoại cảnh Bóng Đá!'),
('1019', '1019=Tổng số kinh nghiệm kiếm được trong tuần'),
('1020', '1020=Tổng số vàng kiếm được trong tuần'),
('1021', '1021=Tổng số thẻ hình lật trúng trong tuần'),
('1022', '1022=(Lưu ý: Bảng xếp hạng reset lại hàng tuần lúc 12:00 vào mỗi thứ 2 hàng tuần)'),
('1023', '1023=Kết nối máy chủ tạm thời gián đoạn, bạn có muốn thử lại không?'),
('1024', '1024=Kết nối máy chủ tạm thời gián đoạn, vui lòng thử lại!'),
('1025', '1025=Thử lại!'),
('1026', '1026=x-heo nhóm {0}'),
('1027', '1027=x-heo nhóm'),
('1028', '1028=Hoán đổi x-heo'),
('1029', '1029=Sưu tập x-heo'),
('1030', 'Tặng quà'),
('1031', 'Hướng dẫn chơi game'),
('1032', 'Bảng xếp hạng'),
('1033', 'Hôm nay bạn được nhận {0} món quà từ Ủn Ỉn nè'),
('1034', 'Quay lại ngày mai để nhận {0} món quà từ Ủn Ỉn nhé bạn'),
('1035', 'Tốn 1 xu để mở món quà tiếp theo'),
('1036', 'Tốn {0} xu để mở món quà tiếp theo, bạn có đồng ý không?'),
('1037', 'Bạn không đủ năng lượng'),
('1500', '1500=Bạn đã có số lượng tranh tối đa( {0} )'),
('1501', '1501=Bạn đã mua thành công {0} giấy vẽ'),
('1502', 'Bạn chưa chọn bạn bè nào để tặng heo đất'),
('1503', 'Xác nhận'),
('1504', 'Tặng quà không thành công!'),
('1505', '1505=Bạn không nhận được phần quà nào cả (^^)'),
('1506', '1506=Hết hạt giống roài bạn ơi!'),
('1507', '1507=Cà rốt đã được trồng hoàn tất rồi'),
('1508', '1508=Đã tưới nước cho bạn này trước đó rồi'),
('1509', '1509=Bạn không đủ xu để mua vật phẩm!'),
('1510', '1510=Vật phẩm cần mua không hợp lệ!'),
('1511', '1511=Công thức làm bánh không hợp lệ!'),
('1512', '1512=Không đủ điều kiện làm bánh!'),
('1513', '1513=Chỉ làm được tối đa 300 cái bánh!'),
('1514', '1514=Đã nhận được {0} kinh nghiệm!'),
('1515', '1515=ERROR: Pig_type null, Please contact GSS Tech!'),
('1516', '1516=ERROR: Pig {0} is not available in client-side, Please contact GSS Tech!'),
('1517', 'Bạn không đủ tiền rùi'),
('1518', 'Không có hộp quà nào có thể nhặt trong chuồng cả'),
('1519', 'Bạn đã sử dụng thành công 1 {0}'),
('1522', 'Trộm heo thành công!'),
('1523', 'Trộm heo thất bại, heo cắn kìa!'),
('1524', 'Trộm heo thất bại, heo cắn kìa! eh, bị trừ một khoản tiền là {0}'),
('1525', 'Còn {0} mới đến thời kỳ massage cho heo'),
('1526', 'Bạn đã mua thành công 1 chú chó {0}'),
('1527', 'Mở khóa'),
('1528', 'Bạn có thể mua: '),
('1529', 'Số lượng: 0'),
('1530', 'Số lượng: '),
('1531', 'Hãy chọn các vật phẩm đi nào!'),
('1532', 'chọn đi nèo'),
('1533', 'Hình'),
('1534', 'Tên'),
('1535', 'Góp'),
('1536', 'Nhiệm vụ chính tuyến'),
('1537', 'Nhắc nhở'),
('1538', 'Giúp đở'),
('1539', 'Bạn nhận được phần thưởng: '),
('1540', 'Cân nặng(kg): 0'),
('1541', 'Cân nặng(kg): '),
('1542', 'Hãy chọn các pé heo đi nào!'),
('1543', 'Heo Nam Hà'),
('1544', 'Cân nặng(kg)'),
('1545', '360 độ heo'),
('1546', 'Nhận thưởng'),
('1547', 'Đã nhận'),
('1548', 'Chuồng không có heo hợp lệ!'),
('1549', 'Không có vật phẩm hợp lệ!'),
('1550', 'Nhấn vào một trong hai nút để ""Úm ba la"" hoàn thành ngay nhé'),
('1551', 'Úm Ba La'),
('1552', 'Phần thưởng'),
('1553', '1553=Ăn được {0} củ roài!'),
('1554', '1554=Heo đặc biệt không sử dụng được ngoại trang'),
('1555', '1555=Heo đang bị bệnh'),
('1556', 'Heo không bị bệnh'),
('1557', 'Vật phẩm này chỉ sử dụng cho heo không bị bệnh'),
('1558', 'Ăn được {0} củ roài!'),
('1559', 'Không sử dụng được cho heo này'),
('1560', 'Heo này đã sử dụng thuốc tăng tuổi thọ'),
('1561', 'Heo đặc biệt không sử dụng được ngoại trang'),
('1562', 'Xác nhận đổi tên heo'),
('1563', '1563=Thi({0}/{1})'),
('1564', '1564=Chơi({0}/{1})'),
('1565', '1565=Chơi'),
('1566', '1566=Còn {0} heo sẽ sinh con'),
('1567', '1567=Mỗi ngày trả lời được 10 câu hỏi'),
('1568', 'Mỗi ngày trả lời được 1 câu hỏi(nhà bạn)'),
('1569', 'Heo này chỉ nuôi để bán thịt'),
('1570', 'Heo trưởng thành có thể giao phối để sinh con'),
('1571', 'Còn {0} heo sẽ sinh con'),
('1572', 'Oh! phải mua thêm thức ăn thôi'),
('1573', '1573=Chưa đến thời gian chơi mà'),
('1574', '1574=Heo đã chết, không thể chơi được'),
('1575', '1575=Vòng {0}'),
('1576', '1576=Chúc mừng bạn đã vượt qua thử thách !!!\nHãy chọn cho mình 5 phần thưởng đi nào ^_^'),
('1577', '1577=Bạn phải dừng chân tại đây rùi!\nChúc bạn may mắn lần sau nhé!'),
('1578', '1578=Wow! Bạn chơi giỏi quá\nRinh phần thưởng về nào...'),
('1579', '1579=Bạn được thử lại duy nhất 1 lần nữa thôi. Cẩn thận nhé!'),
('1580', '1580=Chơi lại'),
('1581', '1581=Chúc mừng bạn vượt qua tất cả các thử thách của Heo Trạng Nguyên!'),
('1582', '1582=Đã hết giờ chơi.'),
('1583', '1583=Dữ liệu từ server không đúng ^^'),
('1584', '1584=Bí mật sắp bật mí'),
('1585', 'Tắm cho heo'),
('1586', 'Tất cả heo của bạn đã bị chết kìa!'),
('1587', 'Tất cả heo của bạn đang bệnh kìa!'),
('1588', 'Heo đang bị bệnh'),
('1589', 'Đổi quà'),
('1590', '1590=Số lần hoàn thành'),
('1591', 'Vòng đời của heo'),
('1592', '1592={0} điểm'),
('1593', '1593=Tỉ lệ thành công'),
('1594', '1594=(*) Càng nhiều ngọc tỉ lệ thành công càng cao'),
('1595', '1595=Sao May Mắn'),
('1596', '1596=Giữ lại ngọc khi tinh luyện thất bại'),
('1597', '1597=Tinh luyện'),
('1598', 'Để mở ô ngọc bạn cần tham gia tính năng {0} của Nhà Nghiên Cứu'),
('1599', '1599=Chưa chọn vật phẩm cần mua!'),
('1600', 'Tỉ lệ thành công'),
('1601', '1601=Bạn đã tinh chế thành công'),
('1602', '1602=Tinh chế thất bại'),
('1603', '1603=Tinh chế thuốc'),
('1604', '1604=Vật phẩm này đã đạt level cao nhất'),
('1605', '1605=Bạn cần {0} vàng để mở tất cả hộp quà!'),
('1606', '1606=Nạp thêm'),
('1607', '1607=Bạn đã đạt level cao nhất'),
('1608', '1608=Nạp năng lượng'),
('1609', '1609=Gia tộc'),
('1610', '1610=Còn {0} chó sẽ đói'),
('1611', '1611=Chó đang đói \nKhả năng chống trộm 0%'),
('1612', '1612=\nKhả năng chống trộm 70%'),
('1613', '1613=\nKhả năng chống trộm 80%'),
('1614', '1614=\nKhả năng chống trộm 90%'),
('1615', '1615=\nKhả năng chống trộm 100%'),
('1616', '1616=Chó đang no \nKhả năng chống trộm 100%'),
('1617', '1617=\nKhả năng chống trộm '),
('1618', '1618=Chó canh nhà'),
('1619', '1619=Làm bánh trung thu'),
('1620', '1620=Hộp thư'),
('1621', '1621=ngày'),
('1622', '1622=Đạt kinh nghiệm tối đa sau'),
('1623', '1623=giờ'),
('1624', '1624=Minigame: Trắc nghiệm vui'),
('1625', '1625=lần/ngày'),
('1626', '1626=Minigame:'),
('1627', '1627=Trúc xanh'),
('1628', '1628=Không'),
('1629', '1629=Mua nguyên bộ'),
('1630', '1630=Thời hạn sử dụng '),
('1631', '1631=heo'),
('1632', '1632=vàng'),
('1633', '1633=xu'),
('1634', '1634=điểm năng lượng'),
('1635', '1635=điểm kinh nghiệm'),
('1636', '1636=Heo đã chết bạn nên bán đi!'),
('1637', '1637=nữa sinh con'),
('1638', '1638=nữa để đấm bóp'),
('1639', '1639=sức khỏe'),
('1640', '1640=Heo đang đói'),
('1641', '1641=Heo đang no'),
('1642', '1642=nữa sẽ đói'),
('1643', '1643=Heo đang bị dơ'),
('1644', '1644=nữa sẽ dơ'),
('1645', '1645=Tổng thời gian: {0} Phút'),
('1646', '1646=Đang thực hiện...'),
('1647', '1647=Hoàn thành!'),
('1648', '1648=Thành công ADDMONEY'),
('1649', '1649=Giá trị không hợp lệ'),
('1650', '1650=Thành công testSetTuiHuong'),
('1651', '1651=Reset thành công quest 360 độ'),
('1652', '1652=Thành công onClickResetQuestHandler'),
('1653', '1653=Thành công onResultStartCollectHandler'),
('1654', '1654=Không thành công'),
('1655', '1655=Thành công-> Reset OB for userid'),
('1656', '1656=Thất bại-> Reset OB for userid'),
('1657', '1657=Thành công-> Nhận sự kiện OB for userid'),
('1658', '1658=Thất bại--> Nhận sự kiện OB for userid'),
('1659', '1659=Thành công-> set Blow'),
('1660', '1660=Thất bại--> set Blow for userid'),
('1661', '1661=Thành công-> set Lance, '),
('1662', '1662=Thất bại--> set Lance, '),
('1663', '1663=Thành công-> BlowAtFriend, '),
('1664', '1664=Thất bại--> BlowAtFriend, '),
('1665', '1665=Thành công-> set BuyPic, '),
('1666', '1666=Thất bại--> set BuyPic, '),
('1667', '1667=Thành công-> set BuyFree, '),
('1668', '1668=Thất bại--> set BuyFree, '),
('1669', '1669=Thời gian tối đa có thể cộng thêm'),
('1670', '1670=Thêm thời gian'),
('1671', '1671=Tiền trong game'),
('1672', '1672=Tiền ngoài game'),
('1673', '1673=Thiết lập tiền'),
('1674', '1674=Thiết lập danh vọng, lên cấp'),
('1675', '1675=Thiết lập danh vọng'),
('1676', '1676=Danh vọng'),
('1677', '1677=Lên cấp'),
('1678', '1678=Lên đến cấp'),
('1679', '1679=Thiết lập chuồng'),
('1680', '1680=Mở tất cả ô chuồng'),
('1681', '1681=Bán tất cả heo'),
('1682', '1682=Lượm tất cả quà'),
('1683', '1683=Hiển thị đường đi và các vùng va chạm'),
('1684', '1684=Hiển thị z-index'),
('1685', '1685=Hiển thị đa giác của heo'),
('1686', '1686=Khởi tạo users'),
('1687', '1687=Tạo tài khoản và Bỏ qua quest tuân thủ'),
('1688', '1688=Thực hiện'),
('1689', '1689=Trúc xanh - Không úp các thẻ hình đã lật'),
('1690', '1690=Sự kiện CB(Đập heo đất)'),
('1691', '1691=Phiếu quà còn lại'),
('1692', '1692=Phiếu quà đã tặng'),
('1693', '1693=Heo đất đã đập'),
('1694', '1694=Heo đất được tặng'),
('1695', '1695=Quest hàng ngày'),
('1696', '1696=Reset quest hằng ngày'),
('1697', '1697=Reset quest thu thập'),
('1698', '1698=Quest 360 độ'),
('1699', '1699=Chọn card'),
('1700', '1700=Sự kiện OB(Bong bóng)'),
('1701', '1701=Nhập vào UserID mà bạn muốn nhận sự kiện'),
('1702', '1702=Sự kiện vẽ tranh'),
('1703', '1703=Trồng cà rốt'),
('1704', '1704=Số lần tưới nước'),
('1705', '1705=Số hạt giống'),
('1706', '1706=Số cà rốt đã ăn'),
('1707', '1707=Tinh chế thuốc - Tinh Luyện Ngoại Trang-Chụp màn hình'),
('1708', '1708=ShowForm Tinh chế thuốc'),
('1709', '1709=ShowForm Tinh Luyện Ngoại Trang'),
('1710', '1710=Chụp màn hình'),
('1711', '1711=x-heo'),
('1712', '1712=Nhóm x-heo (1->9)'),
('1713', '1713=Thêm'),
('1714', '1714=Nhập vào nhóm Holy cần thêm'),
('1715', '1715=X-Heo Cầu Vồng cấp {0}'),
('1716', '1716=X-Heo Âm Nhạc cấp {0}'),
('1717', '1717=X-Heo Kỳ Quan cấp {0}'),
('1718', '1718=Ohw! Chỉ phối được 2 bé heo thường thôi. Xém chút nữa là phối giống ra X-Heo rồi.'),
('1719', '1719=Thêm bộ ngoại trang công năng'),
('1720', '1720=Bạn nhận được {0}'),
('1721', 'Nhận một nụ hôn từ Pig Farm'),
('1722', 'Không được để trống hoặc ký tự trống trong tên'),
('1723', 'Không được dùng ký tự ''|'''),
('1724', 'Nhận heo đen {0} và heo trắng {1}'),
('1725', 'Mới'),
('1726', 'Cùi Bắp'),
('1727', 'Kg'),
('1728', 'TÍNH NĂNG THÁNH 9/2011(0.29)'),
('1729', '1729=Ai đó'),
('1730', '1730=Còn {0} bạn sẽ nhận được kinh nghiệm từ Ủn Ỉn'),
('1733', '1733=Còn {0} bạn sẽ nhận được nụ hôn tiếp theo'),
('1734', '1734=Đã hết sự kiện vẽ tranh!'),
('1735', '1735=Tổng thu'),
('1736', '1736=Thu trong ngày'),
('1737', '1737=Giấy vẽ'),
('1738', '1738=Bột'),
('1739', '1739=Đậu'),
('1740', '1740=Trứng'),
('1741', '1741=Gia nhập gia tộc'),
('1742', '1742=Thông tin cá nhân'),
('1743', '1743=Tên Nhóm Đấu'),
('1744', '1744=Nhóm trưởng'),
('1745', '1745=Nhóm trưởng mới có thể kết nạp thành viên và viết thông báo.'),
('1746', '1746=Thông báo'),
('1747', '1747=Thành viên'),
('1748', '1748=Gia nhập'),
('1749', '1749=Mở quà'),
('1750', '1750=Thoát'),
('1751', '1751=Lỗi khởi tạo heo'),
('1752', '1752=Mở tất cả các hộp quà'),
('1753', '1753=Chờ chút xíu nha! Heo đang bận kìa!'),
('1754', '1754=Trúc xanh - Mở tất cả các thẻ.'),
('1755', '1755=điểm'),
('1756', '1756=kg/giờ'),
('1757', '1757=vàng/kg'),
('1758', '1758=Giá gốc'),
('1759', '1759=Tiết kiệm'),
('2000', '2000=Treo bảng'),
('2001', '2001=Tháo bảng'),
('2003', '2003=Phần thưởng:'),
('2004', '2004=Bật mí:'),
('2005', '2005=Chuyên gia'),
('2006', 'Đạt thành tựu'),
('2007', '2007=Exp:'),
('2008', '2008=Gold:'),
('2009', '2009=Xem thêm'),
('2010', '2010=Nhờ Ủn Ỉn treo giùm bạn'),
('2011', 'Hôm nay bạn đã treo bảng rồi, bạn không còn dụng cụ để treo nữa đâu. Có thật bạn muốn treo bảng khác không?'),
('2012', '2012=HỆ THỐNG THÀNH TỰU'),
('2013', '2013=Mỗi ngày đổi bảng treo MIỄN PHÍ 1 lần'),
('2014', '2014=Số thẻ bài hiện có : '),
('2015', '2015=Giá cao nhất hiện tại : '),
('2016', 'Phiếu đấu giá ít quá'),
('2017', '2017=Trúng lớn cuối tuần'),
('2018', '2018=Trúng lớn hàng ngày'),
('2019', '2019=Kết quả mở lúc 12h trưa mỗi chủ nhật hàng tuần'),
('2020', '2020=Kết quả mở lúc 12h trưa mỗi ngày'),
('2021', '2021=Người thắng hôm trước ( Hộp A )'),
('2022', '2022=Người thắng hôm trước ( Hộp B )'),
('2023', '2023=Người thắng hôm trước ( Hộp C )'),
('2024', '2024=Người thắng cuộc tuần trước'),
('2025', '2025=Hộp A'),
('2026', '2026=Hộp B'),
('2027', '2027=Hộp C'),
('2028', '2028=Đấu !'),
('2029', '2029=Sửa giá'),
('2030', '2030=Hướng dẫn :\n + 50 bạn đấu giá cao nhất ở mỗi hộp (A,B,C) đạt phần thưởng\n + Nếu đấu thất bại, bạn sẽ mất số thẻ bài đã cược'),
('2031', '2031=Tắt nhạc nền'),
('2032', '2032=Mở nhạc nền'),
('2033', '2033=Đăng ảnh'),
('2034', '2034=Nhập thông tin ở đây'),
('2035', 'Heo đất còn lại'),
('2036', 'Heo đất đã đập'),
('2037', 'Tặng heo đất'),
('2038', 'Bạn đã có đủ số heo đất trong ngày rồi.\n Ngày mai bạn hãy mua thêm nhé!'),
('2039', 'Oh, Bạn đã có {0} heo đất rồi. Nếu bỏ {1} xu bạn chỉ nhận được {2} thôi đấy??'),
('2040', 'Hết heo òi!'),
('2041', 'Bạn nhận được'),
('2042', 'Đã hết Phiếu quà tặng'),
('2043', 'Đã tặng đến mức tối đa cho phép mỗi ngày!'),
('2044', 'Đập heo đất'),
('2045', 'Số phiếu quà tặng đang có'),
('2046', 'Số phiếu quà tặng đã gửi đi trên tổng số {0} phiếu'),
('2047', 'Hi hi! Bạn đã đập được 50 heo đất!'),
('2048', '2048=Số lượng bong bóng hiện có là {0}'),
('2049', '2049=Bạn có muốn chích bong bóng này không?'),
('2050', '2050=Chích bong bóng'),
('2051', '2051=Bạn đã bơm bong bóng cho nhà này rồi!'),
('2052', '2052=Bong bóng đã đầy hơi không thể bơm tiếp'),
('2053', '2053=Bơm bong bóng'),
('2054', '2054=Đã đầy hơi'),
('2055', '2055=Bạn cần tốn ít tiền để bơm đầy'),
('2056', '2056=Đã chích hết số bong bóng nhận được'),
('2058', '2058=Bong bóng đã đầy hơi không thể bơm tiếp'),
('2059', '2059=Bạn có muốn trả phí để bơm đầy bong bóng không?'),
('2060', '2060=Bong bóng bơm 20 lần sẽ đầy\nTại nhà bạn bè chỉ bơm được 1 lần trong ngày\nĐược quyền bơm giúp cho 300 người bạn'),
('2061', '2061=Bạn được tặng'),
('2062', '2062=Bơm càng nhiều kinh nghiệm càng khủng'),
('2063', '2063=Bạn có muốn trả phí để vẽ hoàn thiện bức tranh này không?'),
('2064', '2064=Tranh sẽ hoàn thành sau 30 lần click vẽ\nTại nhà bạn bè chỉ vẽ được 1 lần trong ngày\nĐược quyền vẽ giúp cho cho 500 người bạn \nVẽ càng nhiều tranh phần thưởng càng nhiều'),
('2065', 'Bạn có muốn thu hoạch tranh này không?'),
('2066', 'Thu'),
('2067', '2067=Thu'),
('2068', 'Bạn đã vẽ hết tranh rồi ngày mai vẽ tiếp nhé!'),
('2069', '2069=Bạn đã vẽ hết tranh rồi ngày mai vẽ tiếp nhé!'),
('2070', 'Tổng thu'),
('2071', 'Thu trong ngày'),
('2072', 'Giấy vẽ'),
('2073', '2073=Giấy vẽ'),
('2074', '2074=Bạn đã thu hoạch được {0}/{1} cà rốt\nBạn có thể tưới nước nhanh bằng Vàng hoặc Xu'),
('2075', '2075=Hết hạt giống roài bạn ơi!'),
('2076', '2076=Thu hoạch đủ cà rốt rồi bạn ơi!'),
('2077', '2077=Đã ăn được <FONT COLOR=''#FF0000''>{0}/{1}</FONT> cà rốt roài!'),
('2078', 'Bánh thập cẩm\n300 kinh nghiệm'),
('2079', 'Bánh dẻo\n100 kinh nghiệm'),
('2080', 'Bánh đậu xanh\n50 kinh nghiệm'),
('3000', '3000=Không tồn tại error_code'),
('3001', '3001=Lỗi nội bộ'),
('3002', 'Không đủ tiền'),
('3003', 'Heo vừa mới được cho ăn'),
('3004', '3004=Lỗi xảy ra. Không thể lấy dữ liệu câu hỏi'),
('3005', '3005=Lỗi xảy ra. Không thể lấy dữ liệu'),
('3006', 'Chia sẻ'),
('3007', '3007=Mở rộng trại heo để nuôi được nhiều heo hơn'),
('3008', 'Xếp thử'),
('3009', 'Đồng ý'),
('3010', 'Hủy cài đặt'),
('3011', '3011=Trưởng nhóm {0} đã lập nhóm {1} hạng {2} thành công. Xin chúc mừng!!!Hãy kết nạp thành viên đi bạn.'),
('3012', '3012=Bạn đã mời thành viên này rồi'),
('3013', '3013=Nhóm trưởng {0} của nhóm {1} mời bạn gia nhập nhóm để tham gia giải đấu Nam Thiên Đệ Nhất Ỉn.\nLưu ý: \n- Gia nhập nhóm sẽ không được rời khỏi cho đến khi kết thúc giải đấu. \n- Nhóm trưởng sẽ có phần thưởng cao hơn thành viên của nhóm.'),
('3014', '3014=Gia tộc:'),
('3015', '3015=Thành viên:'),
('3016', '3016=Nhập tên gia tộc'),
('3017', '3017=Xác nhận'),
('3018', 'Hủy cài đặt'),
('3019', '3019=Gia tộc'),
('3020', '3020=Sáng lập'),
('3021', '3021=Xin gia nhập'),
('3022', '3022=Tìm hiểu'),
('3023', '3023=Quản lí gia tộc'),
('3024', '3024=Danh sách'),
('3025', '3025=Nâng cấp'),
('3026', '3026=Nhiệm vụ'),
('3027', '3027=Sự Kiện'),
('3028', '3028=Đóng góp'),
('3029', '3029=Thông tin'),
('3030', '3030=Cấp:'),
('3031', '3031=Thành Viên:'),
('3032', '3032=Điềm gia tộc:'),
('3033', '3033=Tộc trưởng:'),
('3034', '3034=Hoạt động:'),
('3035', '3035=Kết nạp'),
('3036', '3036=Trò chuyện'),
('3037', '3037=Rời khỏi'),
('3038', '3038=Chuyển vị'),
('3039', '3039=Trục xuất'),
('3040', '3040=Giải tán'),
('3041', '3041=Công cáo gia tộc'),
('3042', '3042=Tên người chơi'),
('3043', 'Cấp'),
('3044', '3044=Chức vụ'),
('3045', '3045=Điểm đóng góp'),
('3046', '3046=MỜI THÀNH VIÊN'),
('3047', '3047=Tìm'),
('3048', '3048=Tên gia tộc:'),
('3049', 'Quà đã tới òi'),
('3050', 'Bạn có muốn từ chối món quà này hem ?'),
('3051', 'hủy thành công'),
('3052', 'hủy không thành công'),
('3053', 'Mở quà thất bại'),
('3054', '3054=Tìm kiếm'),
('3055', 'Bạn vừa nhận được \n 1 heo'),
('3056', 'Đẳng cấp của bạn chưa đủ để tặng quà'),
('3057', '3057=Tăng trọng               kg/h'),
('3058', '3058=Giá bán thịt              vàng/kg'),
('3059', '3059=Hộp quà                          vàng'),
('3060', '3060=Quà tới sau            ngày'),
('3061', 'Kinh nghiệm'),
('3062', 'Bạn chưa chọn quà'),
('3063', 'Bạn chưa chọn bạn nào'),
('3064', 'Chỉ được chọn 1 phần quà, \n bạn chọn lại nhé'),
('3065', 'Bạn có muốn trả '),
('3066', ' vàng để tặng quà hem ?'),
('3067', ' xu để tặng quà hem ?'),
('3068', 'Không đủ tiền'),
('3069', 'Bạn đã tặng quà thành công cho {0} bạn'),
('3070', 'Quà tặng này hem hợp lệ rùi'),
('3071', 'Đẳng cấp của bạn chưa đủ'),
('3072', 'Hiện bạn hem đủ tiền'),
('3073', 'Tặng quà'),
('3074', 'Nhận quà'),
('3075', 'Hix...hem có ai tặng quà cho bạn hết (T_T)'),
('3076', '3076=Gỡ bỏ'),
('3077', 'lần'),
('3078', 'điểm năng lượng'),
('3079', 'Điểm kinh nghiệm.'),
('3080', 'Rương đồ'),
('3081', 'Hộp thư'),
('3082', '3082=Nội dung:'),
('3083', '3083=Viết thư'),
('3084', '3084=Xóa'),
('3085', '3085=Từ chối'),
('3086', '3086=Gửi'),
('3087', '3087=Bạn chưa chọn người để gửi thư'),
('3088', '3088=Thư chưa có nội dung, bạn không thể gửi'),
('3089', 'Đăng lên tường của bạn thành công'),
('3090', '3090=giờ'),
('3091', '3091=phút'),
('3092', '3092=giây'),
('3093', '3093=ngày'),
('3094', '3094=Người nhận:'),
('3095', '3095=Bạn phải dừng chân tại đây roài !!!\nBạn chỉ được chọn 2 phần thưởng thôi'),
('3096', '3096=Chúc mừng bạn đã vượt qua thử thách !!!\nHãy chọn cho mình 5 phần thưởng đi nào ^_^'),
('3097', '3097=Tiếc quá, bạn hông mở được cặp nào hết'),
('3100', '3100=Chơi tiếp'),
('3101', 'Chia sẻ'),
('3102', '3102=Nhận thưởng'),
('3103', '3103=Lưu ý: Nếu chơi tiếp bạn sẽ không nhận được phần thưởng hiện tại.'),
('3104', '3104=Giỏi quá, bạn đã lật hết 24/24 hình ở màn {0}. Nếu muốn qua màn {1} bạn phải trả một ít xu.'),
('3105', '3105=WoW, thật không thể tin nổi, bạn đã lật hết 24/24 hình ở màn 3 và đây là phần thưởng dành cho bạn.'),
('3106', '3106=OH! Cố gắng 1 chút nữa là bạn có thể qua màn {0} rồi.'),
('3107', '3107=Chút nữa thôi là bạn lật được hết rồi. Cố lần sau nhé.'),
('3108', '3108=WoW! Bạn hem được gì hết. Làm sao qua màn {0} được chứ ?'),
('3109', '3109=Hix! Xin chia buồn, bạn hem được gì hết.'),
('3110', 'Kim Ỉn Lệnh \n Tín vật của Ỉn. Nhóm nào thu thập nhiều nhất sẽ \n chiến thắng giải đấu Nam Thiên Đệ Nhất Ỉn'),
('3111', '3111=Bạn vừa nhận được {0} Kim Ỉn Lệnh.'),
('3112', '3112=Bạn không phải là nhóm trưởng nên không có quyền hạn này.'),
('3113', '3113=Pikaheo'),
('3114', 'Tìm heo lạc'),
('3115', '3115=Tên Thành Viên'),
('3116', '3116=Kim Ỉn Lệnh'),
('3117', '3117=Tạo nhóm đấu'),
('3118', '3118=Nhập tên nhóm đấu tham gia giải Nam Thiên Đệ Nhất Ỉn'),
('3119', '3119=Nạp Kim Ỉn Lệnh'),
('3120', '3120=Bạn có {0} Kim Ỉn Lệnh.\n Bạn có muốn nạp không?'),
('3121', '3121=Nhóm của bạn đã đủ {0} thành viên'),
('3122', '3122=Bạn đã lưu thông báo thành công'),
('3123', '3123=Lời mời đã được gửi đến {0}. Hãy chờ {1} chấp nhận lời mời gia nhập nhóm {2} nha.'),
('3124', '3124=Chúc mừng bạn đã gia nhập nhóm {0} thành công.'),
('3125', '3125=Nhóm đã đủ số thành viên.'),
('3126', '3126=Kim Ỉn Lệnh'),
('3127', '3127=Tên nhóm đã tồn tại.'),
('3128', '3128=<p>Lưu ý khi lập nhóm:<br/>- <span color=''#FF0000''>Không thể</span> tham gia nhóm khác<br/>- <span color=''#FF0000''>Không thể</span> rời khỏi nhóm cho đến khi kết thúc sự kiện<br/> Hãy suy nghĩ kĩ trước khi quyết định.</p>'),
('3129', '3129=Tạo Nhóm'),
('3130', '3130=LÔNG'),
('3131', '3131=RUỒI'),
('3132', '3132=THỊT'),
('3133', '3133=Thành viên này đã có nhóm rồi.'),
('3134', '3134=Bạn có chắc là muốn mời {0} gia nhập nhóm không?'),
('3135', '3135=<p>Bạn có chắc là muốn gia nhập nhóm {0}:<br/>- <span color=''#FF0000''>Không thể</span> tham gia nhóm khác<br/>- <span color=''#FF0000''>Không thể</span> rời khỏi nhóm cho đến khi kết thúc sự kiện<br/> Hãy suy nghĩ kĩ trước khi quyết định.</p>'),
('3136', '3136=Bạn vừa nạp {0} Kim Ỉn Lệnh.'),
('3137', '3137=Bạn không còn Kim Ỉn Lệnh nào nữa để nạp.Hãy cố gắng thu thập thêm nha!!!'),
('3138', '3138=Hủy Nhóm'),
('3139', '3139=Kết Nạp'),
('3140', '3140=Rời Nhóm'),
('3141', '3141=Bạn có chắc là muốn hủy nhóm {0} hay không???'),
('3142', '3142=Bạn có chắc là muốn rời khỏi nhóm {0} hay không???'),
('3143', '3143=Bạn đã xóa nhóm thành công.'),
('3144', '3144=Bạn đã rời khỏi nhóm thành công.'),
('3145', '3145=Thời gian nạp <span color=''#0000CC'' fontWeight=""bold"">Kim Ỉn Lệnh</span> từ ngày <span color=''#C44600'' fontWeight=""bold"">13/9</span> đến ngày <span color=''#C44600'' fontWeight=""bold"">4/10</span>.\nBảng xếp hạng sẽ được tổng kết vào <span color=''#'),
('3146', '3146=Thêm KIL'),
('3147', '3147=Bảng xếp hạng sẽ được cập nhật vào ngày 15/9.'),
('3148', '3148=Số Kim Ỉn Lệnh của nhóm đã nộp'),
('3149', '3149=Số Kim Ỉn Lệnh của cá nhân đã nộp'),
('3150', '3150=Số Kim Ỉn Lệnh của cá nhân hiện có'),
('3151', '3151=Thành Viên'),
('3152', '3152=Đã Nạp'),
('3153', '3153=HẠNG'),
('3154', '3154=Vật phẩm mới'),
('3155', '3155=Chơi minigame bắt heo'),
('3156', '3156=Xếp hạng cá nhân'),
('3157', '3157=Xếp hạng nhóm'),
('3158', '3158=Bảng xếp hạng cá nhân sẽ được cập nhật vào ngày 20/9.'),
('3159', '3159=Nụ hôn'),
('3160', '3160=Bảng xếp hạng sẽ được cập nhật 30 phút một lần.'),
('3161', '3161=Nhóm của bạn đang xếp hạng '),
('3162', '3162=<span color=''#FF0000'' fontWeight=""bold"">Phần thưởng</span>,'),
('3163', '3163=<span color=''#FF0000'' fontWeight=""bold"">Cách chơi và lập đội</span>,'),
('3164', '3164=<span color=''#FF0000'' fontWeight=""bold"">Câu hỏi liên quan</span>. '),
('3165', '3165=Chúc mừng bạn đã sử dụng thành công gói quà!'),
('3166', '3166=X-Heo đột biến'),
('3167', '3167=(***)Bí kíp: có thể <span color=''#00FF00'' fontWeight=""bold"">phối giống</span> ra x-heo hoặc <span color=''#00FF00'' fontWeight=""bold"">hoán heo đổi lợn</span> x-heo hiện tại.'),
('3168', '3168=(**)Sưu tập đủ <span color=''#00FF00'' fontWeight=""bold"">7 X-heo khác nhau cùng nhóm</span> để đổi phần thưởng hấp dẫn.'),
('3169', '3169=(*)Phối giống <span color=''#00FF00'' fontWeight=""bold"">heo level 10-19</span> có thể có được <span color=''#FF0000'' fontWeight=""bold"">X-heo Cầu Vồng cấp 1</span>.'),
('3170', '3170=(*)Phối giống <span color=''#00FF00'' fontWeight=""bold"">heo level 20-29</span> có thể có được <span color=''#FF0000'' fontWeight=""bold"">X-heo Cầu Vồng cấp 2</span>.'),
('3171', '3171=(*)Phối giống <span color=''#00FF00'' fontWeight=""bold"">heo level 30-39</span> có thể có được <span color=''#FF0000'' fontWeight=""bold"">X-heo Cầu Vồng cấp 3</span>.'),
('3172', '3172=(*)Phối giống <span color=''#00FF00'' fontWeight=""bold"">heo level 40-49</span> có thể có được <span color=''#FF0000'' fontWeight=""bold"">X-heo Âm Nhạc cấp 1</span>.'),
('3173', '3173=(*)Phối giống <span color=''#00FF00'' fontWeight=""bold"">heo level 50-59</span> có thể có được <span color=''#FF0000'' fontWeight=""bold"">X-heo Âm Nhạc cấp 2</span>.'),
('3174', '3174=(*)Phối giống <span color=''#00FF00'' fontWeight=""bold"">heo level 60-69</span> có thể có được <span color=''#FF0000'' fontWeight=""bold"">X-heo Âm Nhạc cấp 3</span>.'),
('3175', '3175=(*)Phối giống <span color=''#00FF00'' fontWeight=""bold"">heo level 70-79</span> có thể có được <span color=''#FF0000'' fontWeight=""bold"">X-heo Kỳ Quan cấp 1</span>.'),
('3176', '3176=(*)Phối giống <span color=''#00FF00'' fontWeight=""bold"">heo level 80-89</span> có thể có được <span color=''#FF0000'' fontWeight=""bold"">X-heo Kỳ Quan cấp 2</span>.'),
('3177', '3177=(*)Phối giống <span color=''#00FF00'' fontWeight=""bold"">heo level 90-99</span> có thể có được <span color=''#FF0000'' fontWeight=""bold"">X-heo Kỳ Quan cấp 3</span>.'),
('3178', '3178=Bạn đã nhận được một nụ hôn từ Ủn ỉn'),
('3179', '3179=CÙI BẮP'),
('3180', '3180=0'),
('3181', 'Mới'),
('3182', '3182=Không'),
('3183', '3183=Tên không được để trống hoặc kí tự trắng'),
('3184', '3184=Không được sử dụng kí tự gạch đứng'),
('3200', '3200=Số lần hoàn thành'),
('3201', 'Chờ chút xíu nha! Heo đang bận kìa!'),
('3202', 'Chó canh nhà'),
('3203', '3203=điểm'),
('3204', 'kg/giờ'),
('3205', 'vàng/kg'),
('3206', 'Bộ ngoại cảnh'),
('3207', '3207=Thêm Kim Ỉn Lệnh'),
('3251', '3251=Nhận kinh nghiệm từ Ủn ỉn'),
('3252', '3252=Còn {0} bạn sẽ nhận được kinh nghiệm từ Ủn Ỉn'),
('3253', '3253=Nhận nụ hôn từ Ủn ỉn'),
('3254', '3254=Còn {0} bạn sẽ nhận được nụ hôn tiếp theo'),
('3255', '3255=Tổng thu'),
('3256', '3256=Thu trong ngày'),
('3257', '3257=Giấy vẽ'),
('3258', 'Tiền vàng'),
('3259', 'Đồng ý'),
('3260', 'Hủy cài đặt'),
('3261', 'Tiền xu'),
('3262', '3262=Bột'),
('3263', '3263=Đậu'),
('3264', '3264=Trứng'),
('3265', '3265=Bạn không đủ xu để mua vật phẩm!'),
('3266', '3266=Gửi'),
('3267', '3267=Thông tin cá nhân'),
('3268', '3268=Tên Nhóm Đấu'),
('3269', '3269=Tên Thành Viên'),
('3270', '3270=Kim Ỉn Lệnh'),
('3271', '3271=Nhóm trưởng'),
('3272', '3272=Nhóm trưởng mới có thể kết nạp thành viên và viết thông báo.'),
('3273', '3273=Quà sẽ tới sau :'),
('3274', '3274=Từ chối'),
('3275', '3275=Mở quà'),
('3276', '3276=Viết thư'),
('3277', '3277=Miễn phí'),
('3278', '3278=Chưa đến thời gian chơi mà'),
('3279', 'Bạn không đủ tiền rùi'),
('3280', '3280=Heo đã chết, không thể chơi được'),
('3281', '3281=Bạn đang xếp hạng'),
('3282', '3282=Thông báo:'),
('3283', 'Nâng cấp'),
('3285', 'Bán heo'),
('3286', 'Bỏ qua'),
('3287', 'Chia sẻ'),
('3288', 'Cần {0} vàng để mở tất cả hộp quà'),
('3289', 'Mở tất cả các hộp quà'),
('3290', 'Tổng thu'),
('3291', 'Mua'),
('3292', 'Cấp {0}'),
('3293', 'Thiết lập tiền'),
('3294', 'Loại bánh trung thu'),
('3295', 'Số lượng'),
('3296', 'Setting'),
('3297', 'Rương báu'),
('3298', 'Cửa hàng'),
('3299', 'Nhận ngay'),
('3300', 'Thời gian chờ nhận quà còn'),
('3301', 'Bạn cần <span color=''#FF0000'' >{0}</span> tem Ủn Ỉn để nhận quà ngay'),
('3302', '(hiện nay bạn có <span color=''#FF0000'' >{0}</span> tem Ủn Ỉn trong hành trang)'),
('3303', 'Dùng'),
('3304', 'Bạn có thể nhận quà rồi!'),
('3305', 'Bạn không đủ tem!'),
('3306', 'Câu trả lời'),
('3307', 'Nhận {0} kinh nghiệm'),
('3308', 'Nhận {0} sữa tươi'),
('3309', 'Nhận {0} pin đại'),
('3310', 'Nhận {0} Heo cụng'),
('3311', 'kg/giờ'),
('3312', 'vàng/kg'),
('3313', 'Tiền vàng'),
('3314', 'Tới sau … ngày'),
('3315', 'điểm'),
('3316', 'List pigs'),
('3317', 'Check all'),
('3318', 'Sum'),
('3319', 'Bán heo'),
('3320', 'Tên'),
('3321', 'Type'),
('3322', 'Mua nhanh'),
('3323', 'Nhận {0} vàng'),
('3324', 'Nhận {0} Hamburger'),
('3325', 'Nhận {0} protein'),
('3326', 'Tooltip đổi heo = thẻ bài'),
('3327', 'Tăng trọng'),
('3328', 'Giá bán thịt'),
('3329', 'Hộp quà'),
('3330', 'Kinh nghiệm'),
('3331', 'Bật âm thanh'),
('3332', 'Tắt âm thanh'),
('5057', '5057=Bạn có muốn chích bong bóng này không?'),
('l#1', 'Bắc Hà'),
('l#2', 'Nam Hà'),
('l#3', 'Móng cái'),
('l#4', 'Cửa Lò'),
('l#5', 'Sa Đéc'),
('l#6', 'Gấu Trúc'),
('l#7', 'Đông Dương'),
('l#8', 'Tron'),
('l#9', 'Kẹo que'),
('l#10', 'Bikini'),
('l#11', 'Báo đốm'),
('l#12', 'Lia Thia'),
('l#13', 'Cam Ranh'),
('l#14', 'Đai Đỏ'),
('l#15', 'Kitty'),
('l#16', 'Rùa vàng'),
('l#17', 'Socola'),
('l#18', 'Thần lửa'),
('l#19', 'Địa cầu'),
('l#20', 'Cheese'),
('l#21', 'Mafia'),
('l#22', 'Kính vạn hoa'),
('l#23', 'Seherazat'),
('l#24', 'Hoa Tuyết'),
('l#25', 'Poker'),
('l#26', 'Siêu nhân tia chớp'),
('l#27', 'Bao Công'),
('l#28', 'Mống Chuồn'),
('l#29', 'Đặc công'),
('l#30', 'Chạng vạng'),
('l#31', 'Trăng non'),
('l#32', 'Trăng non'),
('l#33', 'Ngựa vằn'),
('l#34', 'Bùng binh'),
('l#35', 'Bò sữa'),
('l#36', 'Rồng lửa'),
('l#37', 'Biến hình'),
('l#38', 'Đọt chuối'),
('l#39', 'Trạng Nguyên'),
('l#40', 'Tiến sĩ'),
('l#41', 'Robot'),
('l#42', 'Trúc Xanh'),
('l#43', 'Totoro'),
('l#44', 'Hồ Gươm'),
('l#45', 'Kẹo Sỏi'),
('l#46', 'Ma mút'),
('l#47', 'Demon'),
('l#48', 'Poh'),
('l#49', 'Argentina'),
('l#50', 'Brazil'),
('l#51', 'Chile'),
('l#52', 'Columbia'),
('l#53', 'Mexico A'),
('l#54', 'Paraguay'),
('l#55', 'Uruguay'),
('l#56', 'Venezuela'),
('l#57', 'Mexico B'),
('l#58', 'Valencia'),
('l#59', 'Peru'),
('l#60', 'X-Heo Đỏ Cấp 1'),
('l#61', 'X-Heo Cam Cấp 1'),
('l#62', 'X-Heo Vàng Cấp 1'),
('l#63', 'X-Heo Lục Cấp 1'),
('l#64', 'X-Heo Lam Cấp 1');
INSERT INTO `ibs_localize_dictionary` (`code`, `description`) VALUES
('l#65', 'X-Heo Chàm Cấp 1'),
('l#66', 'X-Heo Tím Cấp 1'),
('l#67', 'X-Heo Đỏ Cấp 2'),
('l#68', 'X-Heo Cam Cấp 2'),
('l#69', 'X-Heo Vàng Cấp 2'),
('l#70', 'X-Heo Lục Cấp 2'),
('l#71', 'X-Heo Lam Cấp 2'),
('l#72', 'X-Heo Chàm Cấp 2'),
('l#73', 'X-Heo Tím Cấp 2'),
('l#74', 'X-Heo Đỏ Cấp 3'),
('l#75', 'X-Heo Cam Cấp 3'),
('l#76', 'X-Heo Vàng Cấp 3'),
('l#77', 'X-Heo Lục Cấp 3'),
('l#78', 'X-Heo Lam Cấp 3'),
('l#79', 'X-Heo Chàm Cấp 3'),
('l#80', 'X-Heo Tím Cấp 3'),
('l#81', 'X-HeoĐôĐô Cấp 1'),
('l#82', 'X-Heo RheRhe Cấp 1'),
('l#83', 'X-Heo MiMi Cấp 1'),
('l#84', 'X-Heo FaFa Cấp 2'),
('l#85', 'X-Heo SolSol Cấp 2'),
('l#86', 'X-Heo LaLa Cấp 2'),
('l#87', 'X-Heo SiSi Cấp 2'),
('l#88', 'X-Heo ĐôĐô Cấp 2'),
('l#89', 'X-Heo RheRhe Cấp 2'),
('l#90', 'X-Heo MiMi Cấp 2'),
('l#92', 'X-Heo ĐôĐô Cấp 3'),
('l#93', 'X-Heo RheRhe Cấp 3'),
('l#94', 'X-Heo MiMi Cấp 3'),
('l#95', 'X-Heo FaFa Cấp 3'),
('l#96', 'X-Heo SolSol Cấp 3'),
('l#97', 'X-Heo LaLa Cấp 3'),
('l#98', 'X-Heo SiSi Cấp 3'),
('l#99', 'X-Heo Vịnh Hạ Long Cấp 1'),
('l#100', 'X-Heo Đền Taj Mahal Cấp 1'),
('l#101', 'X-Heo Tháp nghiêng Pisa Cấp 1'),
('l#102', 'X-Heo Đảo phục sinh Rapa Nui Cấp 1'),
('l#103', 'X-Heo Đền Maya Chichen Itza Cấp 1'),
('l#104', 'X-Heo Đấu trường La Mã Cấp 1'),
('l#105', 'X-Heo Kim Tự Tháp Ai Cập Cấp 1'),
('l#106', 'X-Heo Vịnh Hạ Long Cấp 2'),
('l#107', 'X-Heo Đền Taj Mahal Cấp 2'),
('l#108', 'X-Heo Tháp nghiêng Pisa Cấp 2'),
('l#109', 'X-Heo Đảo phục sinh Rapa Nui Cấp 2'),
('l#110', 'X-Heo Đền Maya Chichen Itza Cấp 2'),
('l#111', 'X-Heo Đấu trường La Mã Cấp 2'),
('l#112', 'X-HeoKim Tự Tháp Ai Cập Cấp 2'),
('l#113', 'X-Heo Vịnh Hạ Long Cấp 3'),
('l#114', 'X-Heo Đền Taj Mahal Cấp 3'),
('l#115', 'X-Heo Tháp nghiêng Pisa Cấp 3'),
('l#116', 'X-Heo Đảo phục sinh Rapa Nui Cấp 3'),
('l#117', 'X-Heo Đền Maya Chichen Itza Cấp 3'),
('l#118', 'X-Heo Đấu trường La Mã Cấp 3'),
('l#119', 'X-Heo Kim Tự Tháp Ai Cập Cấp 3'),
('l#120', 'Pikaheo'),
('l#121', 'X-Heo Heo Hoàng Đế'),
('l#122', 'Dưa hấu'),
('l#123', 'Dâu tây'),
('l#124', 'Âm dương'),
('l#125', 'Nemo'),
('l#126', 'Cánh cam'),
('l#127', 'Cappuccino'),
('l#128', 'Chocoberry'),
('l#129', 'Chocoberry'),
('l#131', 'Hỏa tinh'),
('l#130', 'Bọt biển'),
('l#132', 'Bọt biển'),
('l#133', 'Thỏ ngọc'),
('l#134', 'Blue ocean'),
('l#135', ';Mới;;;;Hot!'),
('l#136', 'Mới'),
('l#137', 'Chó canh'),
('l#138', 'Xuất sắc!;Giỏi quá!;Tinh vi quy mô lớn'),
('l#139', 'Dở ẹt!; Bình tĩnh tự tin đừng cay cú!;Chuối cả nải!'),
('l#140', 'Thắc mắc biết hỏi ai đây ta?;Sao câu này khó quá vầy nè?;Giúp tui với!;Biết trả lời câu này hông nè?;Đố bạn câu này thử nha! ^.^;Dám thi với tui hông?;Đố vui có thưởng đây! Mại dzô! Mại dzô!!!;Hông ai dám trả lời hết, bực rùi nha '),
('l#141', 'Bể học mênh mông, quay đầu là bờ, ai ngờ là biển T_T;Làm biếng quá!;Đẹp trai hông phải là cái tội!;Chỉ tội những người hông đẹp trai T_T;Tuy tui xấu nhưng biết phấn đấu;Ta là heo tiến sĩ'),
('l#142', 'Ái Chà;Bạc Hà;Bận Rộn;Bảnh Bao;Bắp Rang;Bé Bỏng;Bé Con;Bé Heo;Bé Nấm;Bé Xíu;Bé Bự;Béo Múp;Bí Đao;Bí Đỏ;Bí Ngô;Bọ Xít;Bờm;Bòn Bon;Bong Bóng;Bực Mình;Bùm Chéo;Bụng Phệ;Buồn Linh Tinh;Buồn Man Mác;Buồn Vu Vơ;Burin;Cà Chua;Cà Phê;Cà Rốt;Càm Ràm;Cằn Nhằn;Cau C'),
('l#143', 'Duy trì tốc độ sinh trưởng cơ bản, chỉ được mua đến cấp độ 15.'),
('l#144', 'Cám gạo'),
('l#145', 'Tốc độ sinh trưởng tăng thêm 0.9kg/h so với tốc độ sinh trưởng cơ bản, chỉ được mua đến cấp 30.'),
('l#146', 'Bắp thượng hạng'),
('l#147', 'Chuồng Heo bằng gỗ'),
('l#148', 'Chuồng Heo bằng rơm'),
('l#149', 'Chuồng heo bằng xi măng'),
('l#150', 'Chứa 12 heo trong chuồng'),
('l#151', 'Chuồng heo cấp 3'),
('l#152', 'Sữa bò tươi nguyên chất ở vùng cao nguyên Mộc Châu. Sau khi cho uống sẽ lập tức tăng 1.8kg/heo/lần.'),
('l#153', 'Được pha chế từ các nguyên liệu đặc biệt, giúp bổ sung thể lực cho heo. Sau khi cho uống sẽ lập tức tăng 5.4kg/heo/lần.'),
('l#154', 'Tăng lực Heo cụng'),
('l#155', 'Sử dụng cho heo bị bệnh. Sau khi dùng thuốc, điểm Sức khỏe của Heo là 50 điểm.'),
('l#156', 'Thuốc chữa bệnh'),
('l#157', 'Dùng để trang trí cho heo, hạn dùng 14 ngày.'),
('l#158', 'Mũ bảo hiểm'),
('l#159', 'Tốc độ sinh trưởng tăng thêm 3.6kg/h so với tốc độ sinh trưởng cơ bản.'),
('l#160', 'Hamburger'),
('l#161', 'Ngoại cảnh bộ Vườn Cỏ'),
('l#162', 'Ngoại cảnh bộ Mùa Thu'),
('l#163', 'Ngoại cảnh bộ Công Trường'),
('l#164', 'Kinh nghiệm nhận được khi mua: 20 exp, hạn dùng 14 ngày.'),
('l#165', 'Mũ cao bồi'),
('l#166', 'Kính hoa'),
('l#167', 'Sử dụng cho Heo khỏe mạnh ở chuồng heo nhà bạn bè. Sau khi dùng thuốc, điểm Sức khỏe của Heo còn 5 điểm.'),
('l#168', 'Thuốc gây bệnh'),
('l#169', 'Kinh nghiệm nhận được khi mua: 10 exp, hạn dùng 14 ngày'),
('l#170', 'Nón lá'),
('l#171', 'Mũ hồng'),
('l#172', 'Mũ Giáng Sinh'),
('l#173', 'Mũ ảo thuật'),
('l#174', 'Mặt nạ'),
('l#175', 'Kính tròn xanh'),
('l#176', 'Kính siêu nhân'),
('l#177', 'Mũi cà chua'),
('l#178', 'Kính cảnh sát'),
('l#179', 'Chuồng chó bằng gỗ'),
('l#180', 'Xưởng chế biến bằng gỗ'),
('l#181', 'Máng ăn bằng gỗ'),
('l#182', 'Giếng tắm bằng gỗ'),
('l#183', 'Kính cướp biển'),
('l#184', 'Kính mát hồng'),
('l#185', 'Mũ lễ hội'),
('l#186', 'Mũ xanh lá'),
('l#187', 'Áo ba lỗ'),
('l#188', 'Kinh nghiệm nhận được khi mua: 30 exp, hạn dùng 14 ngày.'),
('l#189', 'Áo sơ mi'),
('l#190', 'Kính bác học'),
('l#191', 'Kính ngôi sao'),
('l#192', 'Kính Nobita'),
('l#193', 'Kính sành điệu'),
('l#194', 'Kính người nhện'),
('l#195', 'Kính thiên thần'),
('l#196', 'Nơ hồng'),
('l#197', 'Mũ tennis'),
('l#198', 'Vương miện'),
('l#199', 'Áo ba lê'),
('l#200', 'Kinh nghiệm nhận được khi mua: 40 exp, hạn dùng 14 ngày.'),
('l#201', 'Áo ghilê'),
('l#202', 'Áo gilê sơ mi'),
('l#203', 'Áo khoác đỏ'),
('l#204', 'Áo nữ sinh'),
('l#205', 'Áo siêu nhân'),
('l#206', 'Chuồng chó bằng rơm'),
('l#207', 'Xưởng chế biến bằng rơm'),
('l#208', 'Máng ăn bằng rơm'),
('l#209', 'Giếng tắm bằng rơm'),
('l#210', 'Sử dụng cho heo bị bệnh. Sau khi dùng thuốc, điểm Sức khỏe của Heo là 100 điểm.'),
('l#211', 'Thuốc đuổi bệnh'),
('l#212', 'Sử dụng cho heo khỏe mạnh. Tăng 40 điểm sức khỏe/heo/lần.'),
('l#213', 'Thuốc bổ'),
('l#214', 'Tốc độ sinh trưởng tăng thêm 7.2kg/h so với tốc độ sinh trưởng cơ bản.'),
('l#215', 'Bột Protein'),
('l#216', 'Sử dụng cho Heo cái đang mang thai. Rút ngắn thời gian mang thai, heo cái rút ngắn 3 giờ mang thai.'),
('l#217', 'PigMama'),
('l#218', 'Sử dụng cho Heo cái đang mang thai. Rút ngắn thời gian mang thai, heo cái đẻ được ngay.'),
('l#219', 'ProMama'),
('l#220', 'Sử dụng cho Heo con. Rút ngắn thời gian trưởng thành, heo rút ngắn 24 giờ trưởng thành.'),
('l#221', 'Thuốc thần xanh'),
('l#222', 'Sử dụng cho Heo con. Rút ngắn thời gian trưởng thành, heo trưởng thành ngay.'),
('l#223', 'Thuốc thần đỏ'),
('l#224', 'Kéo dài tuổi thọ heo thêm 10 ngày. Mỗi con heo chỉ được dùng 1 lần.'),
('l#225', 'Heo sâm'),
('l#226', 'Tăng 10 năng lượng. Chỉ có thể sử dụng khi đang ở trại heo bạn bè.'),
('l#227', 'Pin tiểu'),
('l#228', 'Mỗi lần sử dụng 1 đơn vị, tăng thêm 50 điểm năng lượng. Chỉ có thể sử dụng khi đang ở trại heo của bạn bè.'),
('l#229', 'Pin trung'),
('l#230', 'Mỗi lần sử dụng 1 đơn vị, tăng thêm 100 điểm năng lượng. Chỉ có thể sử dụng khi đang ở trại heo của bạn bè.'),
('l#231', 'Pin đại'),
('l#232', 'Chuồng chó bằng xi măng'),
('l#233', 'Xưởng chế biến bằng xi măng'),
('l#234', 'Máng ăn bằng xi măng'),
('l#235', 'Giếng tắm bằng xi măng'),
('l#236', 'Dùng để duy trì khả năng bảo vệ trại của Chó trong 10 giờ.'),
('l#237', 'Thức ăn'),
('l#238', 'Dùng để duy trì khả năng bảo vệ trại của Chó trong 24 giờ.'),
('l#239', 'Thức ăn chó 24h'),
('l#240', 'Bộ ngoại cảnh Bãi Biển'),
('l#241', 'Váy hawai 1'),
('l#242', 'Kính bơi'),
('l#243', 'Vòng hoa Hawai'),
('l#244', 'Chuồng heo'),
('l#245', 'Chuồng chó'),
('l#246', 'Xưởng chế biến'),
('l#247', 'Máng ăn'),
('l#248', 'Giếng'),
('l#249', 'Bộ ngoại cảnh Bóng đá'),
('l#250', 'Tăng tỷ lệ đổi được x-heo khác x-heo hiện có thêm 15%.'),
('l#251', 'Thẻ Hoán heo đổi lợn'),
('l#252', 'Tăng tỷ lệ đổi được x-heo đột biến thêm 15%'),
('l#253', 'Thẻ Trộm heo tráo lợn'),
('l#254', 'Tăng tỷ lệ đổi được x-heo chúa thêm 15%.'),
('l#255', 'Thẻ Trộm Long Tráo Phụng'),
('l#256', 'Tăng 2% khả năng ra x-heo.'),
('l#257', 'Thuốc kích thích cấp 1'),
('l#258', 'Tăng 4% khả năng ra x-heo.'),
('l#259', 'Thuốc kích thích cấp 2'),
('l#260', 'Tăng 6% khả năng ra x-heo.'),
('l#261', 'Thuốc kích thích cấp 3'),
('l#262', 'Tăng 8% khả năng ra x-heo.'),
('l#263', 'Thuốc kích thích cấp 4'),
('l#264', 'Tăng 10% khả năng ra x-heo.'),
('l#265', 'Thuốc kích thích cấp 5'),
('l#266', 'Tăng 12% khả năng ra x-heo.'),
('l#267', 'Thuốc kích thích cấp 6'),
('l#268', 'Tăng 14% khả năng ra x-heo.'),
('l#269', 'Thuốc kích thích cấp 7'),
('l#270', 'Tăng 16% khả năng ra x-heo.'),
('l#271', 'Thuốc kích thích cấp 8'),
('l#272', 'Tăng 18% khả năng ra x-heo.'),
('l#273', 'Thuốc kích thích cấp 9'),
('l#274', 'Tăng 20% khả năng ra x-heo.'),
('l#275', 'Thuốc kích thích cấp 10'),
('l#276', 'Phiếu đấu giá.'),
('l#277', 'Phiếu đấu giá.'),
('l#278', 'Kinh nghiệm nhận được khi mua: 40 exp, hạn dùng 30 ngày.'),
('l#279', 'Áo Jean'),
('l#280', 'Kinh nghiệm nhận được khi mua: 20 exp, hạn dùng 30 ngày.'),
('l#281', 'Kính thời trang'),
('l#282', 'Mũ Jean'),
('l#283', 'Chuồng heo - bộ ngoại cảnh trung thu'),
('l#284', 'Chuồng chó - bộ ngoại cảnh trung thu'),
('l#285', 'Xưởng chế biến - bộ ngoại cảnh trung thu'),
('l#286', 'Máng ăn - bộ ngoại cảnh trung thu'),
('l#287', 'Giếng tắm - bộ ngoại cảnh trung thu'),
('l#289', 'Bộ ngoại cảnh trung thu'),
('l#290', 'Tùy từng cấp tinh luyện khác nhau có tỷ lệ khác nhau.'),
('l#291', 'Ngọc cấp 1'),
('l#292', 'Ngọc cấp 2'),
('l#293', 'Ngọc cấp 3'),
('l#294', 'Ngọc cấp 4'),
('l#295', 'Ngọc cấp 5'),
('l#296', 'Ngọc cấp 6'),
('l#297', 'Ngọc cấp 7'),
('l#298', 'Giữ được 1 ngọc. Mất Sao May Mắn 1.'),
('l#299', 'Giữ được 2 ngọc. Mất Sao May Mắn 2.'),
('l#300', 'Giữ được 3 ngọc. Mất Sao May Mắn 3.'),
('l#301', 'Giữ được 4 ngọc. Mất Sao May Mắn 4.'),
('l#302', 'Giữ được 5 ngọc. Mất Sao May Mắn 5.'),
('l#303', 'Giữ được 6 ngọc. Mất Sao May Mắn 6.'),
('l#304', 'Sao May Mắn 1'),
('l#305', 'Sao May Mắn 2'),
('l#306', 'Sao May Mắn 3'),
('l#307', 'Sao May Mắn 4'),
('l#308', 'Sao May Mắn 5'),
('l#309', 'Sao May Mắn 6'),
('l#310', 'kẹo bòn bon, ăn vào tăng được 100k kinh nghiệm.'),
('l#311', 'Kẹo bòn bon'),
('l#312', 'Thêm 30 bột'),
('l#313', 'Túi bột'),
('l#314', 'Thêm 30 đậu'),
('l#315', 'Đậu xanh'),
('l#316', 'Thêm 30 trứng'),
('l#317', 'Trứng'),
('l#318', 'Bao gồm 30 sữa tươi, 30 tăng lực heo cụng'),
('l#319', 'Tăng cân thần tốc'),
('l#320', 'Bao gồm 20 ProMama, 20 thuốc thần đỏ'),
('l#321', 'Lớn nhanh lớn khỏe'),
('l#322', 'Bao gồm 10 heo sâm.'),
('l#323', 'Bách niên giai lão'),
('l#324', 'Bao gồm 500.000 vàng'),
('l#325', 'Trúng số độc đắc'),
('l#326', 'Bao gồm 1.000 nụ hôn'),
('l#327', 'Hun, hun nữa, hun mãi'),
('l#328', 'Bao gồm 10 thức ăn chó 24h'),
('l#329', 'Chăm sóc cún yêu'),
('l#330', 'Bao gồm 50 pin đại'),
('l#331', 'Năng lượng dồi dào'),
('l#332', 'Kẹo bi, ăn vào tăng được 50000 kinh nghiệm.'),
('l#333', 'Kẹo Bi'),
('l#334', 'Giảm thời gian nhận quà 12 giờ'),
('l#335', 'Tem Ủn ỉn'),
('l#336', 'Tăng thêm 10% trọng lượng mỗi giờ'),
('l#337', 'Tăng thêm 20% trọng lượng mỗi giờ'),
('l#338', 'Tăng thêm 30% trọng lượng mỗi giờ'),
('l#339', 'Tăng thêm 40% trọng lượng mỗi giờ'),
('l#340', 'Tăng thêm 10% kinh nghiệm khi bán heo'),
('l#341', 'Tăng thêm 20% kinh nghiệm khi bán heo'),
('l#342', 'Tăng thêm 30% kinh nghiệm khi bán heo'),
('l#343', 'Tăng thêm 40% kinh nghiệm khi bán heo'),
('l#344', 'Tăng thêm 50% kinh nghiệm khi bán heo'),
('l#345', 'Tăng thêm 10% vàng khi bán heo'),
('l#346', 'Tăng thêm 20% vàng khi bán heo'),
('l#347', 'Tăng thêm 30% vàng khi bán heo'),
('l#348', 'Tăng thêm 40% vàng khi bán heo'),
('l#349', 'Tăng thêm 50% vàng khi bán heo'),
('l#350', 'Cấp 1'),
('l#351', 'Cấp 2'),
('l#352', 'Cấp 3'),
('l#353', 'Cấp 4'),
('l#354', 'Cấp 5'),
('l#355', 'Máng ăn cấp 2'),
('l#356', 'Tuổi của heo trong chuồng tăng thêm 9 ngày'),
('l#357', 'ZigZag'),
('l#358', 'Yêu cầu trong chuồng heo có ≥ 1 con heo.'),
('l#359', 'Thông báo: Số lượng heo cần thiết để xếp đội hình phải ≥ 1. Chuồng bạn không đạt yêu cầu.'),
('l#361', 'Bạn cần có 14 hoặc 18 bé heo để xếp đội hình này.'),
('l#362', 'Thông báo: Bạn cần có 14 hoặc 18 bé heo để xếp đội hình này.'),
('l#363', 'Nơ'),
('l#364', 'Bạn cần có 18 hoặc 22 bé heo để xếp đội hình này.'),
('l#365', 'Thông báo: Bạn cần có 18 hoặc 22 bé heo để xếp đội hình này.'),
('l#366', 'Đồng hồ cát'),
('l#367', 'Trái tim'),
('l#368', 'Bạn cần có 10 hoặc 16 bé heo để xếp đội hình này.'),
('l#369', 'Thông báo: Bạn cần có 10 hoặc 16 bé heo để xếp đội hình này.'),
('l#370', 'UFO'),
('l#371', 'Bạn cần có 12 hoặc 18 bé heo để xếp đội hình này.'),
('l#372', 'Thông báo: Bạn cần có 12 hoặc 18 bé heo để xếp đội hình này.'),
('l#373', 'Lần đầu đăng nhập game'),
('l#374', 'ỦN ỈN! (^oo^) Chào mừng bạn đến với Ủn Ỉn.'),
('l#375', 'Hãy thử một lần xem, bạn sẽ biết ngay mà. Bấm THÍCH đi bạn. :D'),
('l#376', 'Mở rộng trại heo'),
('l#377', 'ỦN ỈN! (^oo^) Mở rộng trại heo để nuôi được nhiều heo hơn.'),
('l#378', '{0} đã mở rộng trại, nuôi được {1} pé heo trong {2}.'),
('l#379', 'Lần đầu mua heo đặc biệt (mỗi giống)'),
('l#380', 'ỦN ỈN! (^oo^) Phong độ là nhất thời, đẳng cấp là mãi mãi.'),
('l#381', '{0} đã tậu được bé {1} về nhà. Còn chờ gì nữa, heo này lạ nàh. Nuôi đi bạn :D Bấm THÍCH cái nào.'),
('l#382', 'Heo tặc {0} đã dang tay mặt, đặt tay trái trộm được một bé heo giống {1} của {tên người chơi bị trộm}. :d'),
('l#383', 'ỦN ỈN! (^oo^) Quả là một heo tặc phi phàm!'),
('l#384', 'Trộm heo thành công'),
('l#385', 'Tích lũy vàng đến các mốc xác định'),
('l#386', 'ỦN ỈN!  (^oo^) Quả là một trại chủ xuất chúng.'),
('l#387', 'Doanh thu của {0} đã đạt mức {1} vàng.'),
('l#388', 'TRỞ THÀNH PHÚ NÔNG'),
('l#389', 'Thu nhập khủng {0} Vàng! Quả là con nhà giàu mà chăn heo giỏi :)'),
('l#390', 'WoW! {0} Vàng. Một con số khó tin nhưng có thật :)'),
('l#391', 'Chúc mừng bạn đã đạt danh hiệu Doanh nhân thành đạt nhờ Heo với tổng thu nhập {0} Vàng'),
('l#392', 'Lên đỉnh {0} Vàng. Xứng đáng với tước hiệu Hiệp Sĩ Lợn'),
('l#393', 'Tiêu vàng đến các mốc xác định'),
('l#394', 'ỦN ỈN!  (^oo^) Ta là đại za đây!'),
('l#395', '{0} tiêu {1} Vàng trong Ủn Ỉn. Công Tử bạc Liêu là xưa roài. Bây giờ là thời của Đại Za Nuôi Ủn Ỉn thoai. Tức là mình đó các bạn.'),
('l#396', 'CÔNG TỬ BẠC LIÊU'),
('l#397', 'Kiếm tiền là một nghệ thuật. Tiêu hết {0} Vàng trong phút chốc thì chỉ có nghệ sĩ mới dám làm :)'),
('l#398', 'Người chơi thăng cấp'),
('l#399', 'ỦN ỈN!  (^oo^) Lên đỉnh có dễ hay không?'),
('l#400', '{0} trong Ủn Ỉn đã vượt cạn lên đỉnh cấp {1} rồi. Bạn ấy phải chăng là một Siêu Heo Thủ?!'),
('l#401', 'Hoàn thành nhiệm vụ tân thủ'),
('l#402', 'Thực thi nhiệm vụ là nghĩa vụ và quyền lợi của mỗi Trại chủ'),
('l#403', '{0} đã xuất sắc hoàn thành nhiệm vụ tân thủ  trong {1}. Nhận được phần thưởng thật là đỉnh. Lao động là vinh quang!'),
('l#404', '{0} siêu hên nhận được {1} khi làm nhiệm vụ hàng ngày. Hãy nhanh chóng tham gia {2} để biết mình may mắn đến đâu nào!'),
('l#405', 'Hạnh phúc đơn sơ, may mắn bất ngờ!'),
('l#406', '2018=Trúng lớn hàng ngày'),
('l#407', 'Quay số trúng phần thưởng giá trị cao'),
('l#408', 'Quay đều! Quay đều! Quay đều! Nhớ hoài những vòng quay.'),
('l#409', '{0} vô tình lượm được bí kíptrong trò chơi quay số. Hãy nhanh chóng tham gia {2} để thử Vòng quay sung sướng nào.'),
('l#410', '{0} nói: mới đúng có {1} thôi àh. Mình mới dùng có 3 phần công lực thôi đó nha :d.'),
('l#411', 'ỦN ỈN!  (^oo^) Kỷ lục mới! Trả lời đúng {0} câu!'),
('l#412', 'Trả lời câu hỏi của Heo Trạng Nguyên'),
('l#413', 'Trả lời đúng {0} câu!'),
('l#414', 'Ngoài xinh đẹp, thông minh, tài giỏi, giàu có ra thì bạn cũng không còn gì quá nổi bật!'),
('l#415', 'ỦN ỈN!  (^oo^) Kỷ lục mới! Trả lời sai {0} câu!'),
('l#416', '{0} nói: Ôi chuyện nhỏ, pé đi thi cho vui chứ bộ. Mới sai có {1} câu trong Ủn Ỉn thôi chứ bi nhiu.'),
('l#417', 'Hoàn thành Nhiệm vụ số {0} trong Nhiệm vụ hằng ngày!'),
('l#418', 'Hoàn thành Trúc Xanh, lật được hết thẻ hình'),
('l#419', 'Hoàn thành Trúc xanh, lật hết 24 thẻ hình'),
('l#420', 'ỦN ỈN! (^oo^) Mắt tinh nhớ tốt.'),
('l#421', '{0} đã lật trọn 24 ô Trúc Xanh rồi. Quả nhiên trí nhớ siêu phàm. :D'),
('l#422', '{0} hãy rèn luyện cho lần thi Trúc Xanh tiếp theo trong Ủn Ỉn nhé!'),
('l#423', 'ỦN ỈN!  (^oo^) Xém chút nữa thôi…'),
('l#424', 'Hoàn thành Trúc Xanh, lật không hết các thẻ hình'),
('l#425', 'Hun heo xí quà, nhận phần thưởng'),
('l#426', 'ỦN ỈN (^oo^) Áaaaaaa! Trúng lớn rồi!'),
('l#427', '{0} đã hun heo và xí được {1}. Còn chờ gì nữa! Nhanh chân vào Ủn Ỉn đêi…'),
('l#428', '{0} đã may mắn nhận được {1}.'),
('l#429', 'ỦN ỈN!  (^oo^) Heo đất may mắn.'),
('l#430', 'Heo đất may mắn - nhận đủ số quà'),
('l#431', 'Đổi thẻ bài, nhận phần thưởng'),
('l#432', 'ỦN ỈN! (^oo^) Mắt tinh tay nhạy.'),
('l#433', 'ỦN ỈN (^oo^) Hạnh phúc đơn sơ.'),
('l#434', '{0} nhận được heo {1} khi đổi thẻ bài trong nhiệm vụ hằng ngày'),
('l#435', '{0} chơi Pika Heo được 1000 điểm.Quả nhiên Nhân tài hiếm thấy.Vào ngay {1} để luyện tài cùng Heo Pika nào'),
('l#436', 'Câu viết lên tường1'),
('l#437', 'Câu viết lên tường2'),
('l#438', 'Câu viết lên tường3'),
('l#439', 'Câu viết lên tường4'),
('l#440', 'Câu viết lên tường5'),
('l#441', 'Chào mừng các bạn gia nhập thế giới Ủn Ỉn. Hãy click vào heo và hộp quà để bắt đầu xây dựng trang trại heo nha!\nHoàn thành 8 nhiệm vụ Tân Thủ để nhận phần thưởng hấp dẫn!'),
('l#442', 'Xin chúc mừng! \nBạn đã hoàn thành tất cả nhiệm vụ tân thủ.\nHãy tiếp tục khám phá những điều thú vị trong trò chơi Ủn Ỉn nhé!'),
('l#443', 'Khi heo lớn, bạn có thể bán heo để lấy tiền xây dựng trang trại.\nClick vào nút Bán Heo!'),
('l#444', 'Click vào heo để bán!'),
('l#445', 'Click vào nút đồng ý bán heo!'),
('l#446', 'Click để nhặt phần thưởng!'),
('l#447', 'Hoan hô! Bạn sắp trở thành phú nông rồi đó!\nNuôi heo không chỉ để ngầu.\nNuôi heo là để mau giàu người ơi.'),
('l#448', 'Click để nhặt phần thưởng rơi ra từ hộp quà!'),
('l#449', 'Cho heo ăn no, 3 giờ sau heo sẽ tặng bạn hộp quà.\nNhớ vào mở quà để nhận nhiều phần thưởng hấp dẫn nha!'),
('l#450', 'Heo có dấu hiệu ? trên đầu là đang có thắc mắc.\nClick vào dấu hỏi để giúp heo Trạng Nguyên!'),
('l#451', 'Chọn một đáp án để trả lời hoặc chờ hết thời gian trả lời câu hỏi'),
('l#452', 'Click vào nón để nhận phần thưởng!'),
('l#453', 'Mỗi lần đăng nhập Ủn Ỉn, Heo Trạng Nguyên sẽ thưởng cho bạn 1 câu hỏi.\nĐăng nhập càng nhiều càng được nhiều câu hỏi.'),
('l#454', 'Heo có dấu hiệu #09 trên đầu là heo đang bị đói.\nClick vào máng để chọn thức ăn cho heo!'),
('l#455', 'Chọn 1 trong 2 loại thức ăn!'),
('l#456', 'Bạn nhớ cho heo ăn thường xuyên để heo chóng lớn nha!'),
('l#457', 'Heo có dấu hiệu #10 trên đầu là heo đang bị dơ.\nClick vào giếng để tắm cho heo!'),
('l#458', 'Bạn nhớ tắm heo thường xuyên để heo sạch sẽ chóng lớn nha!'),
('l#459', 'Click vào nút Đấm Bóp!'),
('l#460', 'Click vào heo để đấm bóp cho heo!'),
('l#461', 'Bạn nhớ đấm bóp heo thường xuyên để heo khỏe mạnh nha!'),
('l#462', 'Heo có dấu hiệu #05 trên đầu là heo đang bị bệnh.\nMở rương chứa đồ để lấy thuốc chữa bệnh cho heo!'),
('l#463', 'Mở ngăn chứa thuốc!'),
('l#464', 'Chọn thuốc chữa bệnh cho heo!'),
('l#465', 'Click vào heo để chữa bệnh cho heo!'),
('l#466', 'Bé heo khỏe lại rồi!\nHeo bệnh sẽ chậm lớn.\nBạn nhớ theo dõi sức khỏe mấy bé heo thường xuyên nhé!'),
('l#467', 'Heo có dấu hiệu #06 trên đầu là heo có thể phối giống. \nClick để phối giống cho heo!'),
('l#468', 'Click để chọn phối giống cho heo!'),
('l#469', 'Click để phối giống cho heo!'),
('l#470', 'Chúc mừng bạn! Bé heo của bạn đã mang thai, 6 giờ sau sẽ sinh em bé.\nHeo nuôi 48 giờ có thể phối giống. Ngoài heo hệ thống, bạn có thể chọn phối giống với heo bạn bè.'),
('l#471', 'Vào cửa hàng để mua đồ trang trí cho heo!'),
('l#472', 'Click vào chọn đồ trang trí cho heo'),
('l#473', 'Mua 1 vật phẩm trang trí!'),
('l#474', 'Mở rương chứa đồ!'),
('l#475', 'Mở ngăn chứa đồ trang trí!'),
('l#476', 'Chọn đồ trang trí cho heo!'),
('l#477', 'Click vào heo để trang trí vật phẩm cho heo!'),
('l#478', 'Mấy bé heo cũng thích làm điệu á.\nNếu bé mau ăn chóng lớn, bạn nhớ mua đồ đẹp thưởng cho mấy bé nha!'),
('l#479', 'Ý, bị lỗi rùi. Bạn thông cảm nha!'),
('l#480', 'Hông hợp lệ rùi. Bạn thông cảm nha!'),
('l#481', 'Bạn hông đủ tiền!'),
('l#482', 'Bạn hông đủ vật phẩm rùi!'),
('l#483', 'Vật phẩm này đang sử dụng mà!'),
('l#484', 'Vật phẩm hết hạn sử dụng rùi!'),
('l#485', 'Ối! Đây là heo đực mà?'),
('l#486', 'Ặc! Đây là heo cái mà?'),
('l#487', 'Em còn nhỏ xíu hà!'),
('l#488', 'Mình hông phải heo đời F0 đâu nhe!'),
('l#489', 'Mình hông phải heo đời F1 đâu nhe!'),
('l#490', 'Em sinh con rùi mừ!'),
('l#491', 'Heo nì hông tồn tại!'),
('l#492', 'Hết tiêu chuẩn hôm nay rùi!'),
('l#493', 'Vượt quá số heo trong chuồng rùi!'),
('l#494', 'Em ăn no rùi, hông trộm được đâu!'),
('l#495', 'Bạn đã nhận quà rùi!'),
('l#496', 'Hộp quà bị ai mở mất tiu òi ~_~'),
('l#497', 'Ý, bạn chưa đủ cấp!'),
('l#498', 'Nâng cấp chuồng hông hợp lệ'),
('l#499', 'Muốn phi tang chứng cứ hở? Hông được đâu!'),
('l#500', 'Cấp độ tối đa'),
('l#501', 'Chưa thực hiện được, bạn đợi xíu nhen!'),
('l#502', 'Quà nì hông hợp lệ!'),
('l#503', 'Bạn trả lời câu hỏi rùi mà!'),
('l#504', 'Ý, em là heo đặc biệt mừ!'),
('l#505', 'Hông đúng loại tiền rùi!'),
('l#506', 'Hông tìm thấy người bạn nì!'),
('l#507', 'Ủn Ỉn sắp ra mắt rồi! Bạn đợi thêm xíu nữa nha!'),
('l#508', 'Người dùng chưa đăng nhập'),
('l#509', 'Sai vật phẩm rùi!'),
('l#510', 'Hệ thống đang xử lý. Bạn đợi xíu nha!'),
('l#511', 'Nhiệm vụ chưa thực hiện xong'),
('l#512', 'Nhiệm vụ đã thực hiện xong'),
('l#513', 'Bước chưa thực hiện xong'),
('l#514', 'Bước đã thực hiện xong'),
('l#515', 'Heo đang bệnh'),
('l#516', 'Heo hàng xóm đang bệnh'),
('l#517', 'Giá trị không nằm trong khoảng cho phép'),
('l#518', 'Trộm heo thất bại'),
('l#519', 'Bạn đã hết năng lượng'),
('l#520', 'Con heo này mới sinh'),
('l#521', 'Bạn chỉ sử dụng vật phẩm này ở nhà mình thôi!'),
('l#522', 'Bạn đã hết thời gian chơi game! vui lòng đăng nhập lại'),
('l#523', 'Hết thời gian giữa 2 lần click!'),
('l#524', 'Xóa thanh cộng trúc xinh!'),
('l#525', 'Lật hình đúng!'),
('l#526', 'Lật hình sai!'),
('l#527', 'Thời gian chơi vượt quá 90 giây, kết quả của bạn không được công nhận!'),
('l#528', 'Hết thời gian giữa 2 lần lật trúc xanh!'),
('l#529', 'Ô này đang được click!'),
('l#530', 'Thao tác này không được thực hiện với nhà mình!'),
('l#531', 'Quest không hợp lệ!'),
('l#532', 'Bước này không hợp lệ!'),
('l#533', 'Bước này đã được nhận!'),
('l#534', 'Bước này chưa được nhận'),
('l#535', 'Bước trước hoàn thành!'),
('l#536', 'Tác vụ không hợp lệ!'),
('l#537', 'Heo trường thành rồi!'),
('l#538', 'NOT_PIG_TRUCXANH'),
('l#539', 'TRUCXANH_PLAY_INVALID'),
('l#540', 'TRUCXANH_NOT_FRIEND'),
('l#541', 'TRUCXANH_INVALID_PLAYERID'),
('l#542', 'TRUCXANH_INVALID_INDEXCELL'),
('l#543', 'Hoàn thành thi Trúc Xanh'),
('l#544', 'Danh thiếp đã đạt tối đa'),
('l#545', 'Túi hương đã đạt tối đa'),
('l#546', 'Bạn đã đập tối đa số heo đất cho phép trong ngày!'),
('l#547', 'Không tồn tại chó'),
('l#548', 'CHO DA DUOC MUA ROI'),
('l#549', 'COLLECTION KHONG TON TAI'),
('l#550', 'Không được rồi bạn ơi'),
('l#551', 'Không có heo nào'),
('l#552', 'Cấp độ hiện tại không mua được!'),
('l#553', 'Tiền không hợp lệ'),
('l#554', 'Không hợp lệ'),
('l#555', 'Hẻm ăn đâu, pé thích măm măm đồ ngon hơn cơ!'),
('l#556', 'Hem phải heo Tiến Sĩ!'),
('l#557', 'Hẻm ăn đâu, pé đã măm heo sâm rồi!'),
('l#558', 'Pé hem ăn sâm được nữa rồi!'),
('l#559', 'Mỗi ngày bạn chỉ có thể có tối đa 50 heo đất!'),
('l#560', 'Item này không có!'),
('l#561', 'Item này không phải để bán!'),
('l#562', 'Heo chết!'),
('l#563', 'Đã chích hết bong bóng!'),
('l#564', 'Đã bơm đủ số lượng bong bóng!'),
('l#565', 'Bạn đã bơm bong bóng cho bạn này rùi!'),
('l#566', 'Bạn không thể chích bong bóng!'),
('l#567', 'Không có tính năng hoàn thành tức thời!'),
('l#568', 'Không thể nhận step của quest hàng ngày cũ!'),
('l#569', 'Bạn đã thổi quá mức cho phép trong ngày!'),
('l#570', 'Số lượng heo đất đã đạt tối đa, không thể mua thêm nửa!'),
('l#571', 'Đã vượt quá số lần đấm bóp trong ngày!'),
('l#572', 'Heo hiện tại không mang Tiên thai'),
('l#573', 'Lỗi đổi thai không sử dụng vật phẩm hỗ trợ'),
('l#574', 'Bạn bị nghi ngờ hack, kết quả của bạn không được công nhận!'),
('l#575', 'Có lỗi xảy ra. Xin vui lòng đăng nhập lại!'),
('l#576', 'Không tìm thấy thông tin!'),
('l#577', 'Chuồng nhà bạn quá 30 bé heo rùi kìa, về bán bớt đi rồi quay lại chơi típ nhá!'),
('l#578', 'Bạn đã vé hết số tranh mà mình có!'),
('l#579', 'Tranh đã vẽ xong, không thể vẽ tiếp!'),
('l#580', 'Bạn đã vẽ tranh cho người này rồi!'),
('l#581', 'Đã quá giới hạn vẽ tranh trong ngày!'),
('l#582', 'Thu hoạch tranh không hợp lệ!'),
('l#583', 'Chưa nhận event trung thu'),
('l#584', 'Cà rốt đã trồng xong'),
('l#585', 'Số cà rốt vượt quá giới hạn trong 1 ngày'),
('l#586', 'Đã tưới nước cho bạn này trước đó rồi'),
('l#587', 'Bạn trồng chưa đủ 30 lần'),
('l#588', 'Đã thu hoạch đủ 5 lần trong ngày'),
('l#589', 'Thùng carot đã đầy!'),
('l#590', 'Thùng carot không có gì!'),
('l#591', 'Bạn đã lấy trứng trước đó rồi!'),
('l#592', 'Vật phẩm cần mua không hợp lệ!'),
('l#593', 'Số lượng vật phẩm cần mua không hợp lệ!'),
('l#594', 'Công thức làm bánh không hợp lệ!'),
('l#595', 'Công thức làm bánh không đầy đủ!'),
('l#596', 'Mỗi ngày chỉ làm được tối đa 10 cái bánh!'),
('l#597', 'Số bánh tối đa cho phép là 300!'),
('l#598', 'Bạn đợi xíu nhen, 12 giờ 2 phút tiếp tục nha bạn !'),
('l#599', 'Người chơi đã có gia tộc'),
('l#600', 'Nhóm đã đủ số thành viên!'),
('l#601', 'Thu hoạch đủ cà rốt rồi bạn ơi!'),
('l#602', 'Người được mời đã có gia tộc rồi!'),
('l#603', 'Người này đang làm chủ 1 gia tộc khác'),
('l#604', 'Tên gia tộc đã tồn tại'),
('l#605', 'Đã quá thời gian cho phép hủy nhóm hoặc rời khỏi nhóm'),
('l#606', 'Quá thời hạn nạp Kim Ỉn Lệnh'),
('l#607', 'Thao tác không thực hiện được. Bạn vui lòng thử lại!'),
('l#608', 'Thẻ bài'),
('l#609', 'Phiếu quà tặng'),
('l#610', 'Chai nước'),
('l#611', 'Nhóm heo bán bằng vàng'),
('l#612', 'Nghe nói chai nước này ngày xưa được dùng để nhốt 1 hung thần đấy'),
('l#613', 'Đôi giày'),
('l#614', 'Đôi hia 7 dặm cách tân lại, cực kỳ đẹp và lạ nhé'),
('l#615', 'Áo thun'),
('l#616', 'Thường dùng để mặc đi... ngủ'),
('l#617', 'Quần lửng'),
('l#618', 'Người ta hay mặc quần này thay cho quần dài'),
('l#619', 'Hổ Phách'),
('l#620', 'Nhóm heo bán bằng xu'),
('l#621', 'Một loại đá quý thường dùng để nung chảy làm... keo dán'),
('l#622', 'Ngọc Trai'),
('l#623', 'Một loại ngọc rất quý dưới biển mà chỉ con trai mới có'),
('l#624', 'Kim Cương'),
('l#625', 'Loại đá quý cao cấp thường được con nít đem đi chơi... banh đũa'),
('l#626', 'Kiếm Hiệp Sỹ lợn'),
('l#627', 'Nhóm heo VIP'),
('l#628', 'Thanh kiếm huyền thoại, ai sử dụng có thể chém 1 nhát chết 7 con ruồi'),
('l#629', 'Gương Hoàng hậu Ỉn'),
('l#630', 'Loại gương có khả năng nói chuyện như khỉ! Rất hợp với người tự kỷ'),
('l#631', 'Vương miện Vua heo'),
('l#632', 'Là kho báu của thiên hạ! Đội vào sẽ hóa thành Heo... Vua'),
('l#633', 'Cuộn tranh'),
('l#634', 'Lồng đèn'),
('l#635', 'Event trung thu'),
('l#636', 'Trẻ em thường cầm nó để đi chơi Trung thu'),
('l#637', 'Nến'),
('l#638', 'Khi đốt lên sẽ dụ được rất nhiều… con thiêu thân'),
('l#639', 'Trống lân'),
('l#640', 'Ngày xưa ông Địa đi bắt Lân cũng dùng trống này gõ ầm ầm đấy'),
('l#641', 'Đầu lân'),
('l#642', 'Dân gian đôi khi vẫn gọi nó là con…cún có sừng'),
('l#643', 'Bột'),
('l#644', 'Làm bánh trung thu'),
('l#645', 'Đậu'),
('l#646', 'Cà rốt'),
('l#647', 'Thu thập cà rốt'),
('l#648', 'Thu mua Áo thun số lượng lớn'),
('l#649', 'Thu thập 50 Áo thun'),
('l#650', 'Sưu tập Ngọc trai'),
('l#651', 'Thu thập 100 Ngọc trai'),
('l#652', 'Truy tìm Kiếm Hiệp Sỹ Lợn'),
('l#653', 'Thu thập 50 Kiếm Hiệp Sỹ Lợn'),
('l#654', 'Ai bán ve chai không???'),
('l#655', 'Thu thập 150 Chai nước'),
('l#656', 'Mua giày đi du lịch đây…'),
('l#657', 'Thu thập 150 Đôi giày'),
('l#658', 'Hết quần dài… xài quần lửng'),
('l#659', 'Thu thập 30 Quần lửng'),
('l#660', 'Thuốc tốt từ Hổ Phách…'),
('l#661', 'Thu thập 150 Hổ Phách'),
('l#662', 'Mua Kim Cương tặng ''Mỹ Hợi'''),
('l#663', 'Thu thập 100 Kim Cương'),
('l#664', 'Gương thần của Hoàng Hậu Ỉn'),
('l#665', 'Thu thập 50 Gương Hoàng Hậu Ỉn'),
('l#666', 'Trộm Vương miện Vua Heo đê'),
('l#667', 'Thu thập 30 Vương miện Vua Heo'),
('l#668', 'Cần mua quần áo đi chơi biển'),
('l#669', 'Thu thập 20 Áo thun, 20 Quần lửng'),
('l#670', 'Bộ sưu tập đá quý'),
('l#671', 'Thu thập 50 Kim Cương, 50 Ngọc Trai, 50 Hổ Phách'),
('l#672', 'Bảo vật quý ''nhưng không'' hiếm'),
('l#673', 'Thu thập 10 Kiếm Hiệp Sĩ Lợn, 10 Gương Hoàng Hậu Ỉn, 10 Vương miện Vua Heo'),
('l#674', 'Rộn ràng phố phường'),
('l#675', 'Thu thập 25 trống lân'),
('l#676', 'Thu thập đầu lân'),
('l#677', 'Thu thập 25 đầu lân'),
('l#678', 'Lồng đèn cho trẻ'),
('l#679', 'Thu thập 30 nến, 30 lồng đèn '),
('l#680', 'Trung Thu an lành'),
('l#681', 'Thu thập 15 lồng đèn, 15 trống lân, 15 nến, 15 đầu lân'),
('l#682', '(là 1 phần của chuỗi trên!!!)'),
('l#683', 'Pé khỏe cấp xóm'),
('l#684', 'Ây da, sắp tới hội thi pé khỏe cấp xóm rùi. Ủn Ỉn bận quá, chưa kịp chuẩn bị gì hết. Bạn góp vài chú heo thật khỏe giúp Ủn Ỉn với nhé!'),
('l#685', 'Cần {0}kg heo {1}'),
('l#686', 'Pé khỏe cấp thôn'),
('l#687', 'Ủn Ỉn sắp tham dự hội thi pé khỏe cấp thôn nà. Bạn tiếp tục góp heo giúp Ủn Ỉn nha!'),
('l#688', 'Vua đấm bóp'),
('l#689', 'Càng chăm đấm bóp, mấy pé heo càng chóng lớn đó nha!'),
('l#690', 'Đấm bóp heo {0} lần'),
('l#691', 'Bắt đầu'),
('l#692', 'Thi nhặt quà'),
('l#693', 'Hộp quà, hộp quà, lại hộp quà. Cùng thi nhau nhặt cả nhà ơi!'),
('l#694', 'Nhặt {0} hộp quà'),
('l#695', 'Hiến đồ'),
('l#696', 'Các bạn nhỏ vùng quê đang gặp khó khăn, tụi mình cùng giúp các bạn ấy nhé! Ủn Ỉn chỉ nhận ngoại trang còn hạn sử dụng 10 ngày trở lên thui nhen.'),
('l#697', 'Tặng {0} thức ăn'),
('l#698', 'Tặng'),
('l#699', 'Tặng {0} quần áo'),
('l#700', 'Pé khỏe cấp xã'),
('l#701', 'Các bạn ơi, giúp Ủn Ỉn tham gia hội thi pé khỏe cấp xã với!'),
('l#702', 'Rất thấp'),
('l#703', 'Thấp'),
('l#704', 'Vừa'),
('l#705', 'Cao'),
('l#706', 'Rất cao'),
('l#707', 'Trả lời đúng X câu hỏi Trạng Nguyên'),
('l#708', 'Khí Phách'),
('l#709', 'Trả lời sai X câu hỏi Trạng Nguyên'),
('l#710', 'Siu Nhơn'),
('l#711', 'Lật X thẻ hình Trúc Xanh'),
('l#712', 'Bất Khuất'),
('l#713', 'Lật X lần toàn bộ thẻ hình Trúc Xanh'),
('l#714', 'Vương Giả'),
('l#715', 'Mở X hộp quà thường'),
('l#716', 'Vương Tôn'),
('l#717', 'Mở X rương báu'),
('l#718', 'Đại Phú'),
('l#719', 'Tích lũy X vàng'),
('l#720', 'Đại Gia'),
('l#721', 'Chi X vàng'),
('l#722', 'Đại Trí'),
('l#723', 'Trộm X lần thành công'),
('l#724', 'Đại Dũng'),
('l#725', 'Trộm X lần thất bại'),
('l#726', 'Đầu Tư'),
('l#727', 'Mua X heo bằng xu'),
('l#728', 'Thu Lời'),
('l#729', 'Bán X heo trưởng thành'),
('l#730', 'Tay xinh'),
('l#731', 'Đấm bóp X heo'),
('l#732', 'Ham Heo'),
('l#733', 'Sinh ra X heo thường'),
('l#734', 'Hám Tiên'),
('l#735', 'Sinh ra X heo tiên'),
('l#736', 'Nhân Từ'),
('l#737', 'Thăm X nhà hàng xóm'),
('l#738', 'Nổi tiếng'),
('l#739', 'Có X nhà hàng xóm'),
('l#740', 'Tướng Sĩ'),
('l#741', 'Tốn X năng lượng trong một ngày'),
('l#742', 'Dũng Sĩ'),
('l#743', 'Chữa bệnh cho X heo'),
('l#744', 'Ác Sĩ'),
('l#745', 'Gây bệnh cho X heo'),
('l#746', 'Háo Bắp'),
('l#747', 'Cho heo ăn X thức ăn bắp thượng hạng'),
('l#748', 'Háo Hăm'),
('l#749', 'Cho heo ăn X thức ăn hambuger'),
('l#750', 'Khoái Bổ'),
('l#751', 'Cho heo dùng X thuốc bổ'),
('l#752', 'Mê Sữa'),
('l#753', 'Cho heo dùng X sữa tươi'),
('l#754', 'Khoái Cụng'),
('l#755', 'Cho heo dùng X tăng lực heo cụng'),
('l#756', 'Thần Tượng'),
('l#757', 'Hoàn thành X nhiệm vụ hằng ngày'),
('l#758', 'Siêu Đập'),
('l#759', 'Đập X heo đất'),
('l#760', 'Siêu biếu'),
('l#761', 'Tặng X phiếu quà tặng'),
('l#762', 'Vô Đối'),
('l#763', 'Chia sẻ X lần lên tường nhà zing me'),
('l#764', 'Trả lời sai {0} câu!'),
('l#765', 'Không thèm trả lời đúng, một phong cách xì tin mới!'),
('l#766', 'Tăng thêm 30% trọng lượng mỗi giờ'),
('l#767', 'Tặng {0} {1}'),
('l#768', 'Chó nghiệp vụ đẳng cấp quốc tế. Chó càng no, chống trộm càng hiệu quả.'),
('l#769', 'Nền chuồng'),
('l#770', 'Nền chuồng - cát trắng'),
('l#771', 'Phong cảnh'),
('l#772', 'Phong cảnh - đại dương'),
('l#773', 'Bãi cỏ '),
('l#774', 'Bãi cỏ - vỏ sò'),
('l#775', 'Chuồng heo cấp 5'),
('l#776', 'Chứa 20 heo trong chuồng'),
('l#777', 'Chuồng heo cấp 6'),
('l#778', 'Chứa 30 heo trong chuồng'),
('l#779', 'Thuốc hồi sinh'),
('l#780', 'Sử dụng cho heo bị hôn mê. Tăng 75 điểm sức khỏe/heo/lần.'),
('l#781', 'Sữa tươi'),
('l#360', 'Bình hoa');

-- --------------------------------------------------------

--
-- Table structure for table `ibs_pig`
--

CREATE TABLE IF NOT EXISTS `ibs_pig` (
  `id` int(11) NOT NULL AUTO_INCREMENT,
  `type` varchar(100) COLLATE utf8_unicode_ci NOT NULL,
  `description` varchar(100) COLLATE utf8_unicode_ci NOT NULL COMMENT 'Mieu ta thong tin heo',
  `name` varchar(255) COLLATE utf8_unicode_ci NOT NULL COMMENT 'Ten dung de hien thi tren game',
  `short_des` varchar(255) COLLATE utf8_unicode_ci NOT NULL COMMENT 'Thông tin miêu tả ngắn gọn',
  `steal_punish` int(11) NOT NULL COMMENT 'Giá tiền phạt khi trộm heo thất bại',
  `beget_price` int(11) NOT NULL COMMENT 'Giá quy định phối giống heo',
  `level` int(11) NOT NULL,
  `life_cycle` int(11) NOT NULL COMMENT 'Quy định time vòng đời heo - tính theo giờ.',
  `status_index` varchar(100) COLLATE utf8_unicode_ci NOT NULL DEFAULT '8,9,10' COMMENT 'Trạng thái mặc định khi heo mới được tạo ra như: Heo mới sinh, Heo đói, Heo dơ. Có quan hệ với table ibs_pig_default_status. Change to varchar to contain value as 0,2',
  `weight_gain_per_hour` float NOT NULL COMMENT 'Tỉ lệ tăng trọng mỗi giờ (kg/giờ)',
  `weight_down_per_hour` float NOT NULL COMMENT 'Tỷ lệ giảm cân (kg/giờ) khi heo bệnh, đói',
  `price_for_one_kg` float NOT NULL,
  `weight` int(11) NOT NULL COMMENT 'Trọng lượng heo khi khởi tạo',
  `unit` int(11) NOT NULL,
  `image` varchar(255) COLLATE utf8_unicode_ci NOT NULL COMMENT 'Hình ảnh hiển thị',
  `age` int(11) NOT NULL COMMENT 'Tuổi heo khởi tạo',
  `special_pig` tinyint(11) NOT NULL COMMENT 'Xác định heo đặc biệt. Giá trị: 0, 1, 2...',
  `sell_exp` varchar(100) COLLATE utf8_unicode_ci NOT NULL COMMENT 'Số kinh nghiệm nhận được khi bán heo. Change to varchar to contain empty value',
  `pig_group` varchar(100) COLLATE utf8_unicode_ci NOT NULL COMMENT 'Change to pig_group because group is private keyword of mysql. Change to Varchar to contain vip',
  `holy_level` int(11) NOT NULL COMMENT 'Cấp độ heo tiên',
  `star` int(11) NOT NULL COMMENT 'mis-understanding',
  `lvgf` int(11) NOT NULL COMMENT 'mis-understanding',
  `gold_min` int(11) NOT NULL,
  `gold_max` int(11) NOT NULL,
  `mini_game` int(11) NOT NULL COMMENT 'contain mini_game id',
  PRIMARY KEY (`id`),
  UNIQUE KEY `Type` (`type`)
) ENGINE=InnoDB  DEFAULT CHARSET=utf8 COLLATE=utf8_unicode_ci AUTO_INCREMENT=268 ;

--
-- Dumping data for table `ibs_pig`
--

INSERT INTO `ibs_pig` (`id`, `type`, `description`, `name`, `short_des`, `steal_punish`, `beget_price`, `level`, `life_cycle`, `status_index`, `weight_gain_per_hour`, `weight_down_per_hour`, `price_for_one_kg`, `weight`, `unit`, `image`, `age`, `special_pig`, `sell_exp`, `pig_group`, `holy_level`, `star`, `lvgf`, `gold_min`, `gold_max`, `mini_game`) VALUES
(1, 'N_1', '', 'Bắc Hà', 'Bắc Hà', 100, 50, 1, 480, '8,9,10', 1.5, 0.05, 3.9, 12, 12, 'Pig_N_1.png', 0, 0, '19', '1', 0, -1, 0, 1, 3, 0),
(2, 'N_0', '', 'Bắc Hà', 'Bắc Hà', 100, 0, 1, 480, '8,9,10', 1.2, 0.05, 3.6, 12, 12, 'Pig_N_0.png', 0, 0, '13', '1', 0, -1, 0, 1, 3, 0),
(3, 'BX_1', '', 'Nam Hà', 'Nam Hà', 100, 60, 2, 480, '8,9,10', 2.1, 0.05, 4.1, 12, 12, 'Pig_BX_1.png', 0, 0, '19', '1', 0, -1, 0, 1, 3, 0),
(4, 'BX_0', '', 'Nam Hà', 'Nam Hà', 100, 0, 3, 480, '8,9,10', 1.8, 0.05, 3.8, 12, 12, 'Pig_BX_0.png', 0, 0, '13', '1', 0, -1, 0, 1, 3, 0),
(5, 'MC_1', '', 'Móng cái', 'Móng cái', 100, 70, 5, 480, '8,9,10', 1.5, 0.05, 3.9, 12, 12, 'Pig_MC_1.png', 0, 0, '30', '1', 0, -1, 0, 1, 3, 0),
(6, 'MC_0', '', 'Móng cái', 'Móng cái', 100, 0, 7, 480, '8,9,10', 1.2, 0.05, 3.6, 12, 12, 'Pig_MC_0.png', 0, 0, '23', '1', 0, -1, 0, 1, 3, 0),
(7, '06_1', '', 'Cửa Lò', 'Cửa Lò', 100, 100, 10, 480, '8,9,10', 2.9, 0.05, 5.5, 12, 12, 'Pig_06_1.png', 0, 0, '57', '2', 0, -1, 0, 3, 5, 0),
(8, 'MK_1', '', 'Sa Đéc', 'Sa Đéc', 100, 100, 10, 480, '8,9,10', 2.4, 0.05, 4.2, 12, 12, 'Pig_MK_1.png', 0, 0, '38', '2', 0, -1, 0, 3, 5, 0),
(9, '06_0', '', 'Cửa Lò', 'Cửa Lò', 100, 0, 11, 480, '8,9,10', 2.6, 0.05, 5, 12, 12, 'Pig_06_0.png', 0, 0, '40', '2', 0, -1, 0, 3, 5, 0),
(10, 'MK_0', '', 'Sa Đéc', 'Sa Đéc', 100, 0, 12, 480, '8,9,10', 1.8, 0.05, 3.9, 12, 12, 'Pig_MK_0.png', 0, 0, '28', '2', 0, -1, 0, 3, 5, 0),
(11, 'GT_1', '', ' Panda', ' Panda', 100, 100, 15, 480, '8,9,10', 2.4, 0.05, 5, 12, 12, 'Pig_GT_1.png', 0, 0, '29', '2', 0, -1, 0, 3, 5, 0),
(12, '20_1', '', 'Đông Dương', 'Đông Dương', 100, 100, 16, 480, '8,9,10', 3.3, 0.05, 5.9, 12, 12, 'Pig_20_1.png', 0, 0, '64', '2', 0, -1, 0, 3, 5, 0),
(13, 'GT_0', '', 'Panda', 'Panda', 100, 0, 18, 480, '8,9,10', 2.1, 0.05, 4.4, 12, 12, 'Pig_GT_0.png', 0, 0, '22', '2', 0, -1, 0, 3, 5, 0),
(14, '08_1', '', 'Tron', 'Tron', 100, 100, 20, 480, '8,9,10', 2.9, 0.05, 5.5, 12, 12, 'Pig_08_1.png', 0, 0, '91', '3', 0, -1, 0, 5, 8, 0),
(15, '20_0', '', 'Đông Dương', 'Đông Dương', 100, 0, 20, 480, '8,9,10', 2.8, 0.05, 5.4, 12, 12, 'Pig_20_0.png', 0, 0, '45', '3', 0, -1, 0, 3, 5, 0),
(16, '08_0', '', 'Tron', 'Tron', 100, 0, 23, 480, '8,9,10', 2.6, 0.05, 5, 12, 12, 'Pig_08_0.png', 0, 0, '68', '3', 0, -1, 0, 5, 8, 0),
(17, '09_1', '', 'Kẹo que', 'Kẹo que', 100, 100, 25, 480, '8,9,10', 3.6, 0.05, 6.1, 12, 12, 'Pig_09_1.png', 0, 0, '76', '3', 0, -1, 0, 5, 8, 0),
(18, '07_1', '', 'Bikini', 'Bikini', 100, 100, 27, 480, '8,9,10', 3, 0.05, 5.5, 12, 12, 'Pig_07_1.png', 0, 0, '62', '3', 0, -1, 0, 5, 8, 0),
(19, '10_1', '', 'Báo đốm', 'Báo đốm', 100, 100, 28, 480, '8,9,10', 3.1, 0.05, 5.6, 12, 12, 'Pig_10_1.png', 0, 0, '104', '3', 0, -1, 0, 5, 8, 0),
(20, '07_0', '', 'Bikini', 'Bikini', 100, 0, 30, 480, '8,9,10', 2.9, 0.05, 5.5, 12, 12, 'Pig_07_0.png', 0, 0, '55', '4', 0, -1, 0, 8, 12, 0),
(21, '09_0', '', 'Kẹo que', 'Kẹo que', 100, 0, 30, 480, '8,9,10', 3.2, 0.05, 5.7, 12, 12, 'Pig_09_0.png', 0, 0, '57', '4', 0, -1, 0, 8, 12, 0),
(22, '10_0', '', 'Báo đốm', 'Báo đốm', 100, 0, 30, 480, '8,9,10', 2.7, 0.05, 5.1, 12, 12, 'Pig_10_0.png', 0, 0, '78', '4', 0, -1, 0, 8, 12, 0),
(23, '21_1', '', 'Lia Thia', 'Lia Thia', 100, 100, 32, 480, '8,9,10', 3.5, 0.05, 5.8, 12, 12, 'Pig_21_1.png', 0, 0, '130', '4', 0, -1, 0, 8, 12, 0),
(24, '12_1', '', 'Cam Ranh', 'Cam Ranh', 100, 100, 35, 480, '8,9,10', 3.9, 0.05, 6.4, 12, 12, 'Pig_12_1.png', 0, 0, '106', '4', 0, -1, 0, 8, 12, 0),
(25, '21_0', '', 'Lia Thia', 'Lia Thia', 100, 0, 36, 480, '8,9,10', 3.2, 0.05, 5.4, 12, 12, 'Pig_21_0.png', 0, 0, '91', '4', 0, -1, 0, 8, 12, 0),
(26, '31_1', '', 'Đai Đỏ', 'Đai Đỏ', 100, 100, 38, 480, '8,9,10', 3.5, 0.05, 5.7, 12, 12, 'Pig_31_1.png', 0, 0, '82', '4', 0, -1, 0, 8, 12, 0),
(27, '12_0', '', 'Cam Ranh', 'Cam Ranh', 100, 0, 40, 480, '8,9,10', 3.7, 0.05, 6.1, 12, 12, 'Pig_12_0.png', 0, 0, '74', '5', 0, -1, 0, 12, 17, 0),
(28, '18_1', '', 'Kitty', 'Kitty', 100, 100, 40, 480, '8,9,10', 3.8, 0.05, 6.3, 12, 12, 'Pig_18_1.png', 0, 0, '150', '5', 0, -1, 0, 12, 17, 0),
(29, '31_0', '', 'Đai Đỏ', 'Đai Đỏ', 100, 0, 40, 480, '8,9,10', 3.4, 0.05, 5.6, 12, 12, 'Pig_31_0.png', 0, 0, '68', '5', 0, -1, 0, 12, 17, 0),
(30, '13_1', '', 'Rùa vàng', 'Rùa vàng', 100, 100, 42, 480, '8,9,10', 4.3, 0.05, 7.2, 12, 12, 'Pig_13_1.png', 0, 0, '134', '5', 0, -1, 0, 12, 17, 0),
(31, '18_0', '', 'Kitty', 'Kitty', 100, 0, 43, 480, '8,9,10', 3.5, 0.05, 5.8, 12, 12, 'Pig_18_0.png', 0, 0, '105', '5', 0, -1, 0, 12, 17, 0),
(32, '33_1', '', 'Socola', 'Socola', 100, 100, 44, 480, '8,9,10', 3.7, 0.05, 5.8, 12, 12, 'Pig_33_1.png', 0, 0, '92', '5', 0, -1, 0, 12, 17, 0),
(33, '13_0', '', 'Rùa vàng', 'Rùa vàng', 100, 0, 45, 480, '8,9,10', 4.1, 0.05, 6.5, 12, 12, 'Pig_13_0.png', 0, 0, '94', '5', 0, -1, 0, 12, 17, 0),
(34, '24_1', '', 'Thần Lửa', 'Thần Lửa', 100, 100, 46, 480, '8,9,10', 4.2, 0.05, 7.1, 12, 12, 'Pig_24_1.png', 0, 0, '163', '5', 0, -1, 0, 12, 17, 0),
(35, '33_0', '', 'Socola', 'Socola', 100, 0, 47, 480, '8,9,10', 3.6, 0.05, 5.7, 12, 12, 'Pig_33_0.png', 0, 0, '78', '5', 0, -1, 0, 12, 17, 0),
(36, '16_1', '', 'Địa cầu', 'Địa cầu', 100, 100, 48, 480, '8,9,10', 4.5, 0.05, 7.4, 12, 12, 'Pig_16_1.png', 0, 0, '166', '5', 0, -1, 0, 12, 17, 0),
(37, '24_0', '', 'Thần Lửa', 'Thần Lửa', 100, 0, 50, 480, '8,9,10', 4, 0.05, 6.4, 12, 12, 'Pig_24_0.png', 0, 0, '114', '6', 0, -1, 0, 17, 23, 0),
(38, '16_0', '', 'Địa cầu', 'Địa cầu', 100, 0, 50, 480, '8,9,10', 4.3, 0.05, 6.7, 12, 12, 'Pig_16_0.png', 0, 0, '116', '6', 0, -1, 0, 17, 23, 0),
(39, '15_1', '', 'Cheese', 'Cheese', 100, 100, 50, 480, '8,9,10', 5, 0.05, 8, 12, 12, 'Pig_15_1.png', 0, 0, '160', '6', 0, -1, 0, 17, 23, 0),
(40, '27_1', '', 'Mafia', 'Mafia', 100, 100, 51, 480, '8,9,10', 4, 0.05, 6.1, 12, 12, 'Pig_27_1.png', 0, 0, '112', '6', 0, -1, 0, 17, 23, 0),
(41, '25_1', '', 'Kính Vạn Hoa', 'Kính Vạn Hoa', 100, 100, 52, 480, '8,9,10', 4.8, 0.05, 7.6, 12, 12, 'Pig_25_1.png', 0, 0, '149', '6', 0, -1, 0, 17, 23, 0),
(42, '58_1', '', 'Seherazat', 'Seherazat', 100, 100, 53, 480, '8,9,10', 5, 0.05, 8.1, 12, 12, 'Pig_58_1.png', 0, 0, '160', '6', 0, -1, 0, 17, 23, 0),
(43, '27_0', '', 'Mafia', 'Mafia', 100, 0, 54, 480, '8,9,10', 3.8, 0.05, 6, 12, 12, 'Pig_27_0.png', 0, 0, '96', '6', 0, -1, 0, 17, 23, 0),
(44, '25_0', '', 'Kính Vạn Hoa', 'Kính Vạn Hoa', 100, 0, 55, 480, '8,9,10', 4.5, 0.05, 7.3, 12, 12, 'Pig_25_0.png', 0, 0, '112', '6', 0, -1, 0, 17, 23, 0),
(45, '29_1', '', 'Hoa Tuyết', 'Hoa Tuyết', 100, 100, 56, 480, '8,9,10', 5.3, 0.05, 8.4, 12, 12, 'Pig_29_1.png', 0, 0, '156', '6', 0, -1, 0, 17, 23, 0),
(46, '58_0', '', 'Seherazat', 'Seherazat', 100, 0, 57, 480, '8,9,10', 4.8, 0.05, 7.6, 12, 12, 'Pig_58_0.png', 0, 0, '120', '6', 0, -1, 0, 17, 23, 0),
(47, '32_1', '', 'Poker', 'Poker', 100, 100, 58, 480, '8,9,10', 5, 0.05, 8.2, 12, 12, 'Pig_32_1.png', 0, 0, '165', '6', 0, -1, 0, 17, 23, 0),
(48, '29_0', '', 'Hoa Tuyết', 'Hoa Tuyết', 100, 0, 59, 480, '8,9,10', 5.1, 0.05, 7.5, 12, 12, 'Pig_29_0.png', 0, 0, '117', '6', 0, -1, 0, 17, 23, 0),
(49, '14_1', '', 'Siêu nhân tia chớp', 'Siêu nhân tia chớp', 100, 100, 60, 480, '8,9,10', 5.2, 0.05, 8.4, 12, 12, 'Pig_14_1.png', 0, 0, '183', '7', 0, -1, 0, 23, 30, 0),
(50, '14_0', '', 'Siêu nhân tia chớp', 'Siêu nhân tia chớp', 100, 0, 60, 480, '8,9,10', 4.6, 0.05, 7.4, 12, 12, 'Pig_14_0.png', 0, 0, '137', '7', 0, -1, 0, 23, 30, 0),
(51, '19_1', '', 'Bao Công', 'Bao Công', 100, 100, 60, 480, '8,9,10', 4.2, 0.05, 6.4, 12, 12, 'Pig_19_1.png', 0, 0, '111', '7', 0, -1, 0, 23, 30, 0),
(52, '32_0', '', 'Poker', 'Poker', 100, 0, 60, 480, '8,9,10', 4.8, 0.05, 7.5, 12, 12, 'Pig_32_0.png', 0, 0, '124', '7', 0, -1, 0, 23, 30, 0),
(53, '28_1', '', 'Mống Chuồn', 'Mống Chuồn', 100, 100, 62, 480, '8,9,10', 5.5, 0.05, 8.6, 12, 12, 'Pig_28_1.png', 0, 0, '176', '7', 0, -1, 0, 23, 30, 0),
(54, '15_0', '', 'Cheese', 'Cheese', 100, 0, 65, 480, '8,9,10', 4.8, 0.05, 7.3, 12, 12, 'Pig_15_0.png', 0, 0, '120', '7', 0, -1, 0, 23, 30, 0),
(55, '28_0', '', 'Mống Chuồn', 'Mống Chuồn', 100, 0, 67, 480, '8,9,10', 5.3, 0.05, 8, 12, 12, 'Pig_28_0.png', 0, 0, '132', '7', 0, -1, 0, 23, 30, 0),
(56, '19_0', '', 'Bao Công', 'Bao Công', 100, 0, 70, 480, '8,9,10', 4, 0.05, 6.3, 12, 12, 'Pig_19_0.png', 0, 0, '105', '8', 0, -1, 0, 30, 38, 0),
(57, '17_1', '', 'Đặc công', 'Đặc công', 100, 100, 70, 480, '8,9,10', 5.6, 0.05, 8.8, 12, 12, 'Pig_17_1.png', 0, 0, '217', '8', 0, -1, 0, 30, 38, 0),
(58, '17_0', '', 'Đặc công', 'Đặc công', 100, 0, 70, 480, '8,9,10', 5, 0.05, 7.6, 12, 12, 'Pig_17_0.png', 0, 0, '163', '8', 0, -1, 0, 30, 38, 0),
(59, '22_1', '', 'Chạng vạng', 'Chạng vạng', 100, 100, 80, 480, '8,9,10', 4.8, 0.05, 7.8, 12, 12, 'Pig_22_1.png', 0, 0, '160', '9', 0, -1, 0, 38, 46, 0),
(60, '23_1', '', 'Trăng non', 'Trăng non', 100, 100, 83, 480, '8,9,10', 5.2, 0.05, 8, 12, 12, 'Pig_23_1.png', 0, 0, '163', '9', 0, -1, 0, 38, 46, 0),
(61, '22_0', '', 'Chạng vạng', 'Chạng vạng', 100, 0, 85, 480, '8,9,10', 4.7, 0.05, 7.6, 12, 12, 'Pig_22_0.png', 0, 0, '155', '9', 0, -1, 0, 38, 46, 0),
(62, '23_0', '', 'Trăng non', 'Trăng non', 100, 0, 87, 480, '8,9,10', 4.9, 0.05, 7.8, 12, 12, 'Pig_23_0.png', 0, 0, '157', '9', 0, -1, 0, 38, 46, 0),
(63, '11_1', '', 'Ngựa vằn', 'Ngựa vằn', 100, 100, 90, 480, '8,9,10', 5.3, 0.05, 8.1, 12, 12, 'Pig_11_1.png', 0, 0, '170', '10', 0, -1, 0, 46, 57, 0),
(64, '11_0', '', 'Ngựa vằn', 'Ngựa vằn', 100, 0, 93, 480, '8,9,10', 5, 0.05, 8, 12, 12, 'Pig_11_0.png', 0, 0, '163', '10', 0, -1, 0, 46, 57, 0),
(65, '26_1', '', 'Bùng binh', 'Bùng binh', 100, 0, 99, 480, '8,9,10', 5.4, 0.05, 8.2, 12, 12, 'Pig_26_1.png', 0, 0, '287', '10', 0, -1, 45, 46, 57, 0),
(66, '26_0', '', 'Bùng binh', 'Bùng binh', 100, 0, 99, 480, '8,9,10', 4.9, 0.05, 7.9, 12, 12, 'Pig_26_0.png', 0, 0, '215', '10', 0, -1, 50, 46, 57, 0),
(67, '30_1', '', 'Bò sữa', 'Bò sữa', 100, 100, 99, 480, '8,9,10', 5.5, 0.05, 8.3, 12, 12, 'Pig_30_1.png', 0, 0, '297', '10', 0, -1, 0, 46, 57, 0),
(68, '30_0', '', 'Bò sữa', 'Bò sữa', 100, 100, 99, 480, '8,9,10', 5, 0.05, 8, 12, 12, 'Pig_30_0.png', 0, 0, '223', '10', 0, -1, 0, 46, 57, 0),
(69, 'Dragon_1', '', 'Night Fury', 'Night Fury', 100, 0, 1, 480, '8,9,10', 5.4, 0.05, 8.4, 12, 12, 'Pig_Dragon_1.png', 0, 1, '315', 'vip', 0, -1, 0, 46, 57, 0),
(70, 'AliceS_1', '', 'Cheshire', 'Cheshire', 100, 0, 1, 480, '8,9,10', 6, 0.05, 9.2, 12, 12, 'Pig_AliceS_1.png', 0, 1, '345', 'vip', 0, -1, 0, 46, 57, 0),
(71, 'YellowCat_1', '', 'Garfield', 'Garfield', 100, 0, 1, 480, '8,9,10', 8, 0.05, 10.8, 12, 12, 'Pig_YellowCat_1.png', 0, 1, '404', 'vip', 0, -1, 0, 46, 57, 0),
(72, 'TrangNguyen_1', '', 'Trạng Nguyên', 'Trạng Nguyên', 100, 0, 1, 480, '8,9,10', 8, 0.05, 10.8, 12, 12, 'Pig_TrangNguyen_1.png', 0, 1, '464', 'vip', 0, -1, 0, 46, 57, 3),
(73, 'BangNhan_1', '', 'Tiến sĩ', 'Tiến sĩ', 100, 0, 1, 480, '8,9,10', 3.5, 0.05, 5.8, 12, 12, 'Pig_BangNhan_1.png', 0, 1, '232', 'vip', 0, -1, 0, 8, 12, 1),
(74, 'RobotS_1', '', 'Rô-bô', 'Rô-bô', 100, 0, 1, 480, '8,9,10', 8, 0.05, 10.8, 12, 12, 'Pig_RobotS_1.png', 0, 1, '404', 'vip', 0, -1, 0, 46, 57, 0),
(75, 'TrucXanh_1', '', 'Trúc Xanh', 'Trúc Xanh', 100, 0, 1, 480, '8,9,10', 8, 0.05, 10.8, 12, 12, 'Pig_TrucXanh_1.png', 0, 1, '464', 'vip', 0, -1, 0, 46, 57, 2),
(76, 'Totoro_1', '', 'Totoro', 'Totoro', 0, 0, 99, 480, '8,9,10', 8, 0.05, 10.8, 12, 12, 'Pig_Totoro_1.png', 0, 1, '2500', 'vip', 0, -1, 0, 46, 57, 0),
(77, '46_1', '', 'Hồ Gươm', 'Hồ Gươm', 100, 0, 99, 480, '8,9,10', 6.2, 0.05, 9.2, 12, 12, 'Pig_46_1.png', 0, 0, '460', 'vip', 0, -1, 0, 46, 57, 0),
(78, '46_0', '', 'Hồ Gươm', 'Hồ Gươm', 100, 0, 99, 480, '8,9,10', 6.2, 0.05, 9.2, 12, 12, 'Pig_46_0.png', 0, 0, '460', 'vip', 0, -1, 0, 46, 57, 0),
(79, '59_1', '', 'Kẹo Sỏi', 'Kẹo Sỏi', 100, 0, 99, 480, '8,9,10', 7.2, 0.05, 10.2, 12, 12, 'Pig_59_1.png', 0, 0, '500', 'vip', 0, -1, 0, 46, 57, 0),
(80, '59_0', '', 'Kẹo Sỏi', 'Kẹo Sỏi', 100, 0, 99, 480, '8,9,10', 7.2, 0.05, 10.2, 12, 12, 'Pig_59_0.png', 0, 0, '500', 'vip', 0, -1, 0, 46, 57, 0),
(81, '52_1', '', 'Ma mút', 'Ma mút', 100, 0, 99, 480, '8,9,10', 7.2, 0.05, 10.2, 12, 12, 'Pig_52_1.png', 0, 0, '540', 'vip', 0, -1, 0, 46, 57, 0),
(82, '52_0', '', 'Ma mút', 'Ma mút', 100, 0, 99, 480, '8,9,10', 7.2, 0.05, 10.2, 12, 12, 'Pig_52_0.png', 0, 0, '540', 'vip', 0, -1, 0, 46, 57, 0),
(83, 'DarthVader_1', '', 'Darth Vader', 'Darth Vader', 100, 0, 1, 480, '8,9,10', 8, 0.05, 10.8, 12, 12, 'Pig_DarthVader_1.png', 0, 1, '15000', 'vip', 0, -1, 0, 46, 57, 0),
(84, 'Po_1', '', 'Po', 'Po', 0, 0, 99, 480, '8,9,10', 8, 0.05, 10.8, 12, 12, 'Pig_Po_1.png', 0, 1, '10000', 'vip', 0, -1, 0, 46, 57, 0),
(85, 'Football1_1', '', 'Messi', 'Messi', 100, 0, 99, 480, '8,9,10', 7.2, 0.05, 10.2, 12, 12, 'Pig_Football1_1.png', 0, 1, '500', 'vip', 0, -1, 0, 46, 57, 0),
(86, 'Football2_1', '', 'Kaka', 'Kaka', 100, 0, 99, 480, '8,9,10', 7.2, 0.05, 10.2, 12, 12, 'Pig_Football2_1.png', 0, 1, '500', 'vip', 0, -1, 0, 46, 57, 0),
(87, 'Football3_1', '', 'Sanchez', 'Sanchez', 100, 0, 99, 480, '8,9,10', 7.2, 0.05, 10.2, 12, 12, 'Pig_Football3_1.png', 0, 1, '500', 'vip', 0, -1, 0, 46, 57, 0),
(88, 'Football4_1', '', 'Falcao', 'Falcao', 100, 0, 99, 480, '8,9,10', 7.2, 0.05, 10.2, 12, 12, 'Pig_Football4_1.png', 0, 1, '500', 'vip', 0, -1, 0, 46, 57, 0),
(89, 'Football5_1', '', 'Santos', 'Santos', 100, 0, 99, 480, '8,9,10', 7.2, 0.05, 10.2, 12, 12, 'Pig_Football5_1.png', 0, 1, '500', 'vip', 0, -1, 0, 46, 57, 0),
(90, 'Football6_1', '', 'Santa Cruz', 'Santa Cruz', 100, 0, 99, 480, '8,9,10', 7.2, 0.05, 10.2, 12, 12, 'Pig_Football6_1.png', 0, 1, '500', 'vip', 0, -1, 0, 46, 57, 0),
(91, 'Football7_1', '', 'Cavani', 'Cavani', 100, 0, 99, 480, '8,9,10', 7.2, 0.05, 10.2, 12, 12, 'Pig_Football7_1.png', 0, 1, '500', 'vip', 0, -1, 0, 46, 57, 0),
(92, 'Football8_1', '', 'Rincon', 'Rincon', 100, 0, 99, 480, '8,9,10', 7.2, 0.05, 10.2, 12, 12, 'Pig_Football8_1.png', 0, 1, '500', 'vip', 0, -1, 0, 46, 57, 0),
(93, 'Football9_1', '', 'Moaeno', 'Moaeno', 100, 0, 99, 480, '8,9,10', 7.2, 0.05, 10.2, 12, 12, 'Pig_Football9_1.png', 0, 1, '500', 'vip', 0, -1, 0, 46, 57, 0),
(94, 'Football10_1', '', 'Valencia', 'Valencia', 100, 0, 99, 480, '8,9,10', 7.2, 0.05, 10.2, 12, 12, 'Pig_Football10_1.png', 0, 1, '500', 'vip', 0, -1, 0, 46, 57, 0),
(95, 'Football11_1', '', 'Guerrero', 'Guerrero', 100, 0, 99, 480, '8,9,10', 7.2, 0.05, 10.2, 12, 12, 'Pig_Football11_1.png', 0, 1, '500', 'vip', 0, -1, 0, 46, 57, 0),
(110, 'MauDo1_1', '', 'X-Heo Đỏ Cấp 1', 'X-Heo Đỏ Cấp 1', 100, 0, 19, 480, '8,9,10', 4.9, 0.1, 8.8, 12, 12, 'Pig_52_1.png', 0, 1, '500', '0', 10, -1, 0, 6, 10, 0),
(111, 'MauCam1_1', '', 'X-Heo Cam Cấp 1', 'X-Heo Cam Cấp 1', 100, 0, 19, 480, '8,9,10', 4.9, 0.1, 8.8, 12, 12, 'Pig_52_1.png', 0, 1, '500', '0', 11, -1, 0, 6, 10, 0),
(112, 'MauVang1_1', '', 'X-Heo Vàng Cấp 1', 'X-Heo Vàng Cấp 1', 100, 0, 19, 480, '8,9,10', 4.9, 0.1, 8.8, 12, 12, 'Pig_52_1.png', 0, 1, '500', '0', 12, -1, 0, 6, 10, 0),
(113, 'MauLuc1_1', '', 'X-Heo Lục Cấp 1', 'X-Heo Lục Cấp 1', 100, 0, 19, 480, '8,9,10', 4.9, 0.1, 8.8, 12, 12, 'Pig_52_1.png', 0, 1, '500', '0', 13, -1, 0, 6, 57, 0),
(114, 'MauLam1_1', '', 'X-Heo Lam Cấp 1', 'X-Heo Lam Cấp 1', 100, 0, 19, 480, '8,9,10', 4.9, 0.1, 8.8, 12, 12, 'Pig_52_1.png', 0, 1, '500', '0', 14, -1, 0, 6, 10, 0),
(115, 'MauCham1_1', '', 'X-Heo Chàm Cấp 1', 'X-Heo Chàm Cấp 1', 100, 0, 19, 480, '8,9,10', 4.9, 0.1, 8.8, 12, 12, 'Pig_52_1.png', 0, 1, '500', '0', 15, -1, 0, 6, 10, 0),
(116, 'MauTim1_1', '', 'X-Heo Tím Cấp 1', 'X-Heo Tím Cấp 1', 100, 0, 19, 480, '8,9,10', 6.6, 0.1, 8.8, 12, 12, 'Pig_52_1.png', 0, 1, '1000', '0', 16, -1, 0, 6, 10, 0),
(120, 'MauDo2_1', '', 'X-Heo Đỏ Cấp 2', 'X-Heo Đỏ Cấp 2', 100, 0, 29, 480, '8,9,10', 5.4, 0.1, 9.1, 12, 12, 'Pig_52_1.png', 0, 1, '1000', '0', 20, -1, 0, 10, 16, 0),
(121, 'MauCam2_1', '', 'X-Heo Cam Cấp 2', 'X-Heo Cam Cấp 2', 100, 0, 29, 480, '8,9,10', 5.4, 0.1, 9.1, 12, 12, 'Pig_52_1.png', 0, 1, '1000', '0', 21, -1, 0, 10, 16, 0),
(122, 'MauVang2_1', '', 'X-Heo Vàng Cấp 2', 'X-Heo Vàng Cấp 2', 100, 0, 29, 480, '8,9,10', 5.4, 0.1, 9.1, 12, 12, 'Pig_52_1.png', 0, 1, '1000', '0', 22, -1, 0, 10, 16, 0),
(123, 'MauLuc2_1', '', 'X-Heo Lục Cấp 2', 'X-Heo Lục Cấp 2', 100, 0, 29, 480, '8,9,10', 5.4, 0.1, 9.1, 12, 12, 'Pig_52_1.png', 0, 1, '1000', '0', 23, -1, 0, 10, 16, 0),
(124, 'MauLam2_1', '', 'X-Heo Lam Cấp 2', 'X-Heo Lam Cấp 2', 100, 0, 29, 480, '8,9,10', 5.4, 0.1, 9.1, 12, 12, 'Pig_52_1.png', 0, 1, '1000', '0', 24, -1, 0, 10, 16, 0),
(125, 'MauCham2_1', '', 'X-Heo Chàm Cấp 2', 'X-Heo Chàm Cấp 2', 100, 0, 29, 480, '8,9,10', 5.4, 0.1, 9.1, 12, 12, 'Pig_52_1.png', 0, 1, '1000', '0', 25, -1, 0, 10, 16, 0),
(126, 'MauTim2_1', '', 'X-Heo Tím Cấp 2', 'X-Heo Tím Cấp 2', 100, 0, 29, 480, '8,9,10', 7.2, 0.1, 9.1, 12, 12, 'Pig_52_1.png', 0, 1, '2000', '0', 26, -1, 0, 10, 16, 0),
(130, 'MauDo3_1', '', 'X-Heo Đỏ Cấp 3', 'X-Heo Đỏ Cấp 3', 100, 0, 39, 480, '8,9,10', 5.9, 0.1, 9.4, 12, 12, 'Pig_52_1.png', 0, 1, '1500', '0', 30, -1, 0, 16, 24, 0),
(131, 'MauCam3_1', '', 'X-Heo Cam Cấp 3', 'X-Heo Cam Cấp 3', 100, 0, 39, 480, '8,9,10', 5.9, 0.1, 9.4, 12, 12, 'Pig_52_1.png', 0, 1, '1500', '0', 31, -1, 0, 16, 24, 0),
(132, 'MauVang3_1', '', 'X-Heo Vàng Cấp 3', 'X-Heo Vàng Cấp 3', 100, 0, 39, 480, '8,9,10', 5.9, 0.1, 9.4, 12, 12, 'Pig_52_1.png', 0, 1, '1500', '0', 32, -1, 0, 16, 24, 0),
(133, 'MauLuc3_1', '', 'X-Heo Lục Cấp 3', 'X-Heo Lục Cấp 3', 100, 0, 39, 480, '8,9,10', 5.9, 0.1, 9.4, 12, 12, 'Pig_52_1.png', 0, 1, '1500', '0', 33, -1, 0, 16, 24, 0),
(134, 'MauLam3_1', '', 'X-Heo Lam Cấp 3', 'X-Heo Lam Cấp 3', 100, 0, 39, 480, '8,9,10', 5.9, 0.1, 9.4, 12, 12, 'Pig_52_1.png', 0, 1, '1500', '0', 34, -1, 0, 16, 24, 0),
(135, 'MauCham3_1', '', 'X-Heo Chàm Cấp 3', 'X-Heo Chàm Cấp 3', 100, 0, 39, 480, '8,9,10', 5.9, 0.1, 9.4, 12, 12, 'Pig_52_1.png', 0, 1, '1500', '0', 35, -1, 0, 16, 24, 0),
(136, 'MauTim3_1', '', 'X-Heo Tím Cấp 3', 'X-Heo Tím Cấp 3', 100, 0, 39, 480, '8,9,10', 7.8, 0.1, 9.4, 12, 12, 'Pig_52_1.png', 0, 1, '3000', '0', 36, -1, 0, 16, 24, 0),
(140, 'NodeNhacDo1_1', '', 'X-Heo ĐôĐô Cấp 1', 'X-HeoĐôĐô Cấp 1', 100, 0, 49, 480, '8,9,10', 6.4, 0.1, 9.7, 12, 12, 'Pig_52_1.png', 0, 1, '2000', '0', 40, -1, 0, 24, 34, 0),
(141, 'NodeNhacRhe1_1', '', 'X-Heo RheRhe Cấp 1', 'X-Heo RheRhe Cấp 1', 100, 0, 49, 480, '8,9,10', 6.4, 0.1, 9.7, 12, 12, 'Pig_52_1.png', 0, 1, '2000', '0', 41, -1, 0, 24, 34, 0),
(142, 'NodeNhacMi1_1', '', 'X-Heo MiMi Cấp 1', 'X-Heo MiMi Cấp 1', 100, 0, 49, 480, '8,9,10', 6.4, 0.1, 9.7, 12, 12, 'Pig_52_1.png', 0, 1, '2000', '0', 42, -1, 0, 24, 34, 0),
(143, 'NodeNhacFa1_1', '', 'X-Heo FaFa Cấp 1', 'X-Heo FaFa Cấp 1', 100, 0, 49, 480, '8,9,10', 6.4, 0.1, 9.7, 12, 12, 'Pig_52_1.png', 0, 1, '2000', '0', 43, -1, 0, 24, 34, 0),
(144, 'NodeNhacSol1_1', '', 'X-Heo SolSol Cấp 1', 'X-Heo SolSol Cấp 1', 100, 0, 49, 480, '8,9,10', 6.4, 0.1, 9.7, 12, 12, 'Pig_52_1.png', 0, 1, '2000', '0', 44, -1, 0, 24, 34, 0),
(145, 'NodeNhacLa1_1', '', 'X-Heo LaLa Cấp 1', 'X-Heo LaLa Cấp 1', 100, 0, 49, 480, '8,9,10', 6.4, 0.1, 9.7, 12, 12, 'Pig_52_1.png', 0, 1, '2000', '0', 45, -1, 0, 24, 34, 0),
(146, 'NodeNhacSi1_1', '', 'X-Heo SiSi Cấp 1', 'X-Heo SiSi Cấp 1', 100, 0, 49, 480, '8,9,10', 8.4, 0.1, 9.7, 12, 12, 'Pig_52_1.png', 0, 1, '4000', '0', 46, -1, 0, 24, 34, 0),
(150, 'NodeNhacDo2_1', '', 'X-Heo ĐôĐô Cấp 2', 'X-Heo ĐôĐô Cấp 2', 100, 0, 59, 480, '8,9,10', 6.9, 0.1, 10, 12, 12, 'Pig_52_1.png', 0, 1, '2500', '0', 50, -1, 0, 34, 46, 0),
(151, 'NodeNhacRhe2_1', '', 'X-Heo RheRhe Cấp 2', 'X-Heo RheRhe Cấp 2', 100, 0, 59, 480, '8,9,10', 6.9, 0.1, 10, 12, 12, 'Pig_52_1.png', 0, 1, '2500', '0', 51, -1, 0, 34, 46, 0),
(152, 'NodeNhacMi2_1', '', 'X-Heo MiMi Cấp 2', 'X-Heo MiMi Cấp 2', 100, 0, 59, 480, '8,9,10', 6.9, 0.1, 10, 12, 12, 'Pig_52_1.png', 0, 1, '2500', '0', 52, -1, 0, 34, 46, 0),
(153, 'NodeNhacFa2_1', '', 'X-Heo FaFa Cấp 2', 'X-Heo FaFa Cấp 2', 100, 0, 59, 480, '8,9,10', 6.9, 0.1, 10, 12, 12, 'Pig_52_1.png', 0, 1, '2500', '0', 53, -1, 0, 34, 46, 0),
(154, 'NodeNhacSol2_1', '', 'X-Heo SolSol Cấp 2', 'X-Heo SolSol Cấp 2', 100, 0, 59, 480, '8,9,10', 6.9, 0.1, 10, 12, 12, 'Pig_52_1.png', 0, 1, '2500', '0', 54, -1, 0, 34, 46, 0),
(155, 'NodeNhacLa2_1', '', 'X-Heo LaLa Cấp 2', 'X-Heo LaLa Cấp 2', 100, 0, 59, 480, '8,9,10', 6.9, 0.1, 10, 12, 12, 'Pig_52_1.png', 0, 1, '2500', '0', 55, -1, 0, 34, 46, 0),
(156, 'NodeNhacSi2_1', '', 'X-Heo SiSi Cấp 2', 'X-Heo SiSi Cấp 2', 100, 0, 59, 480, '8,9,10', 9, 0.1, 10, 12, 12, 'Pig_52_1.png', 0, 1, '5000', '0', 56, -1, 0, 34, 46, 0),
(160, 'NodeNhacDo3_1', '', 'X-Heo ĐôĐô Cấp 3', 'X-Heo ĐôĐô Cấp 3', 100, 0, 69, 480, '8,9,10', 7.4, 0.1, 10.3, 12, 12, 'Pig_52_1.png', 0, 1, '3000', '0', 60, -1, 0, 46, 60, 0),
(161, 'NodeNhacRhe3_1', '', 'X-Heo RheRhe Cấp 3', 'X-Heo RheRhe Cấp 3', 100, 0, 69, 480, '8,9,10', 7.4, 0.1, 10.3, 12, 12, 'Pig_52_1.png', 0, 1, '3000', '0', 61, -1, 0, 46, 60, 0),
(162, 'NodeNhacMi3_1', '', 'X-Heo MiMi Cấp 3', 'X-Heo MiMi Cấp 3', 100, 0, 69, 480, '8,9,10', 7.4, 0.1, 10.3, 12, 12, 'Pig_52_1.png', 0, 1, '3000', '0', 62, -1, 0, 46, 60, 0),
(163, 'NodeNhacFa3_1', '', 'X-Heo FaFa Cấp 3', 'X-Heo FaFa Cấp 3', 100, 0, 69, 480, '8,9,10', 7.4, 0.1, 10.3, 12, 12, 'Pig_52_1.png', 0, 1, '3000', '0', 63, -1, 0, 46, 60, 0),
(164, 'NodeNhacSol3_1', '', 'X-Heo SolSol Cấp 3', 'X-Heo SolSol Cấp 3', 100, 0, 69, 480, '8,9,10', 7.4, 0.1, 10.3, 12, 12, 'Pig_52_1.png', 0, 1, '3000', '0', 64, -1, 0, 46, 60, 0),
(165, 'NodeNhacLa3_1', '', 'X-Heo LaLa Cấp 3', 'X-Heo LaLa Cấp 3', 100, 0, 69, 480, '8,9,10', 7.4, 0.1, 10.3, 12, 12, 'Pig_52_1.png', 0, 1, '3000', '0', 65, -1, 0, 46, 60, 0),
(166, 'NodeNhacSi3_1', '', 'X-Heo SiSi Cấp 3', 'X-Heo SiSi Cấp 3', 100, 0, 69, 480, '8,9,10', 9.6, 0.1, 10.3, 12, 12, 'Pig_52_1.png', 0, 1, '6000', '0', 66, -1, 0, 46, 60, 0),
(170, 'KiQuanHaLong1_1', '', 'X-Heo Vịnh Hạ Long Cấp 1', 'X-Heo Vịnh Hạ Long Cấp 1', 100, 0, 79, 480, '8,9,10', 7.9, 0.1, 10.6, 12, 12, 'Pig_52_1.png', 0, 1, '3500', '0', 70, -1, 0, 60, 76, 0),
(171, 'KiQuanTajMahal1_1', '', 'X-Heo Đền Taj Mahal Cấp 1', 'X-Heo Đền Taj Mahal Cấp 1', 100, 0, 79, 480, '8,9,10', 7.9, 0.1, 10.6, 12, 12, 'Pig_52_1.png', 0, 1, '3500', '0', 71, -1, 0, 60, 76, 0),
(172, 'KiQuanPetra1_1', '', 'X-Heo Tháp nghiêng Pisa Cấp 1', 'X-Heo Tháp nghiêng Pisa Cấp 1', 100, 0, 79, 480, '8,9,10', 7.9, 0.1, 10.6, 12, 12, 'Pig_52_1.png', 0, 1, '3500', '0', 72, -1, 0, 60, 76, 0),
(173, 'KiQuanMachuPicchu1_1', '', 'X-Heo Đảo phục sinh Rapa Nui Cấp 1', 'X-Heo Đảo phục sinh Rapa Nui Cấp 1', 100, 0, 79, 480, '8,9,10', 7.9, 0.1, 10.6, 12, 12, 'Pig_52_1.png', 0, 1, '3500', '0', 73, -1, 0, 60, 76, 0),
(174, 'KiQuanChichenItza1_1', '', 'X-Heo Đền Maya Chichen Itza Cấp 1', 'X-Heo Đền Maya Chichen Itza Cấp 1', 100, 0, 79, 480, '8,9,10', 7.9, 0.1, 10.6, 12, 12, 'Pig_52_1.png', 0, 1, '3500', '0', 74, -1, 0, 60, 76, 0),
(175, 'KiQuanDauTruongLaMa1_1', '', 'X-Heo Đấu trường La Mã Cấp 1', 'X-Heo Đấu trường La Mã Cấp 1', 100, 0, 79, 480, '8,9,10', 7.9, 0.1, 10.6, 12, 12, 'Pig_52_1.png', 0, 1, '3500', '0', 75, -1, 0, 60, 76, 0),
(176, 'KiQuanKimTuThap1_1', '', 'X-Heo Kim Tự Tháp Ai Cập Cấp 1', 'X-Heo Kim Tự Tháp Ai Cập Cấp 1', 100, 0, 79, 480, '8,9,10', 10.2, 0.1, 10.6, 12, 12, 'Pig_52_1.png', 0, 1, '7000', '0', 76, -1, 0, 60, 76, 0),
(180, 'KiQuanHaLong2_1', '', 'X-Heo Vịnh Hạ Long Cấp 2', 'X-Heo Vịnh Hạ Long Cấp 2', 100, 0, 89, 480, '8,9,10', 8.4, 0.1, 10.9, 12, 12, 'Pig_52_1.png', 0, 1, '4000', '0', 80, -1, 0, 76, 92, 0),
(181, 'KiQuanTajMahal2_1', '', 'X-Heo Đền Taj Mahal Cấp 2', 'X-Heo Đền Taj Mahal Cấp 2', 100, 0, 89, 480, '8,9,10', 8.4, 0.1, 10.9, 12, 12, 'Pig_52_1.png', 0, 1, '4000', '0', 81, -1, 0, 76, 92, 0),
(182, 'KiQuanPetra2_1', '', 'X-Heo Tháp nghiêng Pisa Cấp 2', 'X-Heo Tháp nghiêng Pisa Cấp 2', 100, 0, 89, 480, '8,9,10', 8.4, 0.1, 10.9, 12, 12, 'Pig_52_1.png', 0, 1, '4000', '0', 82, -1, 0, 76, 92, 0),
(183, 'KiQuanMachuPicchu2_1', '', 'X-Heo Đảo phục sinh Rapa Nui Cấp 2', 'X-Heo Đảo phục sinh Rapa Nui Cấp 2', 100, 0, 89, 480, '8,9,10', 8.4, 0.1, 10.9, 12, 12, 'Pig_52_1.png', 0, 1, '4000', '0', 83, -1, 0, 76, 92, 0),
(184, 'KiQuanChichenItza2_1', '', 'X-Heo Đền Maya Chichen Itza Cấp 2', 'X-Heo Đền Maya Chichen Itza Cấp 2', 100, 0, 89, 480, '8,9,10', 8.4, 0.1, 10.9, 12, 12, 'Pig_52_1.png', 0, 1, '4000', '0', 84, -1, 0, 76, 92, 0),
(185, 'KiQuanDauTruongLaMa2_1', '', 'X-Heo Đấu trường La Mã Cấp 2', 'X-Heo Đấu trường La Mã Cấp 2', 100, 0, 89, 480, '8,9,10', 8.4, 0.1, 10.9, 12, 12, 'Pig_52_1.png', 0, 1, '4000', '0', 85, -1, 0, 76, 92, 0),
(186, 'KiQuanKimTuThap2_1', '', 'X-Heo Kim Tự Tháp Ai Cập Cấp 2', 'X-HeoKim Tự Tháp Ai Cập Cấp 2', 100, 0, 89, 480, '8,9,10', 10.8, 0.1, 10.9, 12, 12, 'Pig_52_1.png', 0, 1, '8000', '0', 86, -1, 0, 76, 92, 0),
(190, 'KiQuanHaLong3_1', '', 'X-Heo Vịnh Hạ Long Cấp 3', 'X-Heo Vịnh Hạ Long Cấp 3', 100, 0, 99, 480, '8,9,10', 8.9, 0.1, 11.2, 12, 12, 'Pig_52_1.png', 0, 1, '4500', '0', 90, -1, 0, 92, 114, 0),
(191, 'KiQuanTajMahal3_1', '', 'X-Heo Đền Taj Mahal Cấp 3', 'X-Heo Đền Taj Mahal Cấp 3', 100, 0, 99, 480, '8,9,10', 8.9, 0.1, 11.2, 12, 12, 'Pig_52_1.png', 0, 1, '4500', '0', 91, -1, 0, 92, 114, 0),
(192, 'KiQuanPetra3_1', '', 'X-Heo Tháp nghiêng Pisa Cấp 3', 'X-Heo Tháp nghiêng Pisa Cấp 3', 100, 0, 99, 480, '8,9,10', 8.9, 0.1, 11.2, 12, 12, 'Pig_52_1.png', 0, 1, '4500', '0', 92, -1, 0, 92, 114, 0),
(193, 'KiQuanMachuPicchu3_1', '', 'X-Heo Đảo phục sinh Rapa Nui Cấp 3', 'X-Heo Đảo phục sinh Rapa Nui Cấp 3', 100, 0, 99, 480, '8,9,10', 8.9, 0.1, 11.2, 12, 12, 'Pig_52_1.png', 0, 1, '4500', '0', 93, -1, 0, 92, 114, 0),
(194, 'KiQuanChichenItza3_1', '', 'X-Heo Đền Maya Chichen Itza Cấp 3', 'X-Heo Đền Maya Chichen Itza Cấp 3', 100, 0, 99, 480, '8,9,10', 8.9, 0.1, 11.2, 12, 12, 'Pig_52_1.png', 0, 1, '4500', '0', 94, -1, 0, 92, 114, 0),
(195, 'KiQuanDauTruongLaMa3_1', '', 'X-Heo Đấu trường La Mã Cấp 3', 'X-Heo Đấu trường La Mã Cấp 3', 100, 0, 99, 480, '8,9,10', 8.9, 0.1, 11.2, 12, 12, 'Pig_52_1.png', 0, 1, '4500', '0', 95, -1, 0, 92, 114, 0),
(196, 'KiQuanKimTuThap3_1', '', 'X-Heo Kim Tự Tháp Ai Cập Cấp 3', 'X-Heo Kim Tự Tháp Ai Cập Cấp 3', 100, 0, 99, 480, '8,9,10', 11.4, 0.1, 11.2, 12, 12, 'Pig_52_1.png', 0, 1, '9000', '0', 96, -1, 0, 92, 114, 0),
(197, 'Pikaheo_1', '', 'Pikaheo', 'Pikaheo', 100, 0, 1, 480, '8,9,10', 8, 0.05, 10.8, 12, 12, 'Pig_TrangNguyen_1.png', 0, 1, '464', 'vip', 0, 0, 0, 46, 57, 4),
(198, 'HolyPigHoangDe_1', '', 'X-Heo Heo Hoàng Đế', 'X-Heo Heo Hoàng Đế', 100, 0, 109, 480, '8,9,10', 12, 0.1, 11.5, 12, 12, 'Pig_52_1.png', 0, 1, '10000', '0', 100, -1, 0, 114, 136, 0),
(200, '34_1', '', 'Dưa hấu', 'Dưa hấu', 100, 100, 45, 480, '8,9,10', 5.4, 0.05, 8.2, 12, 12, 'Pig_34_1.png', 0, 0, '287', '5', 0, 1, 0, 46, 57, 0),
(201, '34_0', '', 'Dưa hấu', 'Dưa hấu', 100, 100, 50, 480, '8,9,10', 4.9, 0.05, 7.9, 12, 12, 'Pig_34_0.png', 0, 0, '215', '5', 0, 1, 0, 46, 57, 0),
(202, '37_1', '', 'Dâu tây', 'Dâu tây', 100, 100, 55, 480, '8,9,10', 5.5, 0.05, 8.3, 12, 12, 'Pig_37_1.png', 0, 0, '297', '6', 0, 1, 0, 46, 57, 0),
(203, '37_0', '', 'Dâu tây', 'Dâu tây', 100, 100, 60, 480, '8,9,10', 5, 0.05, 8, 12, 12, 'Pig_37_0.png', 0, 0, '223', '6', 0, 1, 0, 46, 57, 0),
(204, '39_1', '', 'Âm dương', 'Âm dương', 100, 100, 65, 480, '8,9,10', 5.6, 0.05, 8.4, 12, 12, 'Pig_39_1.png', 0, 0, '300', '7', 0, 1, 65, 46, 57, 0),
(205, '39_0', '', 'Âm dương', 'Âm dương', 100, 100, 70, 480, '8,9,10', 5.1, 0.05, 8.1, 12, 12, 'Pig_39_0.png', 0, 0, '300', '7', 0, 1, 70, 46, 57, 0),
(207, '36_1', '', 'Nemo', 'Nemo', 100, 100, 75, 480, '8,9,10', 5.7, 0.05, 8.5, 12, 12, 'Pig_36_1.png', 0, 0, '350', '8', 0, 1, 75, 46, 57, 0),
(208, '36_0', '', 'Nemo', 'Nemo', 100, 100, 80, 480, '8,9,10', 5.2, 0.05, 8.2, 12, 12, 'Pig_36_0.png', 0, 0, '350', '8', 0, 1, 80, 46, 57, 0),
(209, '35_1', '', 'Cánh cam', 'Cánh cam', 100, 100, 85, 480, '8,9,10', 5.8, 0.05, 8.6, 12, 12, 'Pig_35_1.png', 0, 0, '400', '9', 0, 1, 85, 46, 57, 0),
(210, '35_0', '', 'Cánh cam', 'Cánh cam', 100, 100, 90, 480, '8,9,10', 5.3, 0.05, 8.3, 12, 12, 'Pig_35_0.png', 0, 0, '400', '9', 0, 1, 90, 46, 57, 0),
(220, '40_1', '', 'Cappuccino', 'Cappuccino', 100, 100, 72, 480, '8,9,10', 5, 0.05, 6.6, 12, 12, 'Pig_40_1.png', 0, 0, '135', '8', 0, -1, 0, 30, 38, 0),
(221, '60_1', '', 'Chocoberry', 'Chocoberry', 100, 100, 73, 480, '8,9,10', 5.1, 0.05, 7.8, 12, 12, 'Pig_60_1.png', 0, 0, '148', '8', 0, -1, 0, 30, 38, 0),
(222, '40_0', '', 'Cappuccino', 'Cappuccino', 100, 100, 74, 480, '8,9,10', 4.8, 0.05, 5.9, 12, 12, 'Pig_40_0.png', 0, 0, '122', '8', 0, -1, 0, 30, 38, 0),
(223, '60_0', '', 'Chocoberry', 'Chocoberry', 100, 100, 75, 480, '8,9,10', 4.9, 0.05, 7.1, 12, 12, 'Pig_60_0.png', 0, 0, '133', '8', 0, -1, 0, 30, 38, 0),
(224, '44_1', '', 'Bọt biển', 'Bọt biển', 100, 100, 76, 480, '8,9,10', 5.2, 0.05, 7.6, 12, 12, 'Pig_44_1.png', 0, 0, '160', '8', 0, -1, 0, 30, 38, 0),
(225, '56_1', '', 'Hỏa tinh', 'Hỏa tinh', 100, 100, 77, 480, '8,9,10', 5.3, 0.05, 8, 12, 12, 'Pig_56_1.png', 0, 0, '165', '8', 0, -1, 0, 30, 38, 0),
(226, '44_0', '', 'Bọt biển', 'Bọt biển', 100, 100, 78, 480, '8,9,10', 5, 0.05, 7.1, 12, 12, 'Pig_44_0.png', 0, 0, '144', '8', 0, -1, 0, 30, 38, 0),
(227, '56_0', '', 'Hỏa tinh', 'Hỏa tinh', 100, 100, 79, 480, '8,9,10', 5.1, 0.05, 7.5, 12, 12, 'Pig_56_0.png', 0, 0, '149', '8', 0, -1, 0, 30, 38, 0),
(228, 'ThoNgoc_1', '', 'Thỏ ngọc', 'Thỏ ngọc', 100, 0, 1, 480, '8,9,10', 6, 0.05, 8, 12, 12, 'Pig_ThoNgoc_1.png', 0, 1, '350', 'vip', 0, -1, 0, 46, 57, 5),
(229, '48_1', '', 'Blue ocean', 'Blue ocean', 100, 100, 1, 480, '8,9,10', 6, 0.05, 7, 12, 12, 'Pig_48_1.png', 0, 0, '', '1', 0, -1, 0, 46, 57, 0),
(230, 'LongDen4_1', '', 'Lồng đèn Ngôi Sao', 'Lồng đèn Ngôi Sao', 100, 0, 99, 480, '8,9,10', 7.2, 0.05, 10.2, 12, 12, 'Pig_LongDen4_1.png', 0, 1, '500', 'vip', 0, -1, 0, 46, 57, 0),
(231, 'LongDen2_1', '', 'Lồng đèn Tròn', 'Lồng đèn Tròn', 100, 0, 99, 480, '8,9,10', 7.2, 0.05, 10.2, 12, 12, 'Pig_LongDen2_1.png', 0, 1, '500', 'vip', 0, -1, 0, 46, 57, 0),
(232, 'LongDen3_1', '', 'Lồng đèn Hoa Sen', 'Lồng đèn Hoa Sen', 100, 0, 99, 480, '8,9,10', 7.2, 0.05, 10.2, 12, 12, 'Pig_LongDen3_1.png', 0, 1, '500', 'vip', 0, -1, 0, 46, 57, 0),
(233, 'LongDen1_1', '', 'Lồng đèn Ủn Ỉn', 'Lồng đèn Ủn Ỉn', 100, 0, 99, 480, '8,9,10', 7.2, 0.05, 10.2, 12, 12, 'Pig_LongDen1_1.png', 0, 1, '500', 'vip', 0, -1, 0, 46, 57, 0),
(234, 'Clown_1', '', 'Chú hề', 'Chú hề', 100, 0, 1, 480, '8,9,10', 8, 0.05, 10.8, 12, 12, 'Pig_Clown_1.png', 0, 1, '20000', 'vip', 0, -1, 0, 46, 57, 0),
(235, 'ThanTai1_1', '', 'Sư phụ thần tài', 'Sư phụ thần tài', 100, 0, 1, 720, '8,9,10', 8, 0.05, 10.8, 12, 12, 'Pig_ThanTai1_1.png', 0, 1, '5000', 'vip', 0, -1, 0, 46, 57, 7),
(236, 'ThanTai2_1', '', 'Thần tài', 'Thần tài', 100, 0, 1, 720, '8,9,10', 7, 0.05, 9.2, 12, 12, 'Pig_ThanTai2_1.png', 0, 1, '3000', 'vip', 0, -1, 0, 46, 57, 6),
(237, 'ThanTai3_1', '', 'Đệ tử thần tài', 'Đệ tử thần tài', 100, 0, 1, 720, '8,9,10', 6, 0.05, 8, 12, 12, 'Pig_ThanTai3_1.png', 0, 1, '1000', 'vip', 0, -1, 0, 46, 57, 6),
(238, 'ThanDieuDaiHiep_1', '', 'Thần heo đại hiệp', 'Thần heo đại hiệp', 100, 0, 1, 720, '8,9,10', 8, 0.05, 10.8, 12, 12, 'Pig_ThanDieuDaiHiep_1.png', 0, 1, '5000', 'vip', 0, -1, 0, 46, 57, 6),
(239, 'CungNu1_0', '', 'Cung nữ 1', 'Cung nữ 1', 100, 0, 1, 480, '8,9,10', 6, 0.05, 8, 12, 12, 'Pig_CungNu1_0.png', 0, 1, '1000', 'vip', 0, -1, 0, 46, 57, 0),
(240, 'CungNu2_0', '', 'Cung nữ 2', 'Cung nữ 2', 100, 0, 1, 480, '8,9,10', 6, 0.05, 8, 12, 12, 'Pig_CungNu2_0.png', 0, 1, '1000', 'vip', 0, -1, 0, 46, 57, 0),
(241, 'CungNu3_0', '', 'Cung nữ 3', 'Cung nữ 3', 100, 0, 1, 480, '8,9,10', 6, 0.05, 8, 12, 12, 'Pig_CungNu3_0.png', 0, 1, '1000', 'vip', 0, -1, 0, 46, 57, 0),
(242, 'CungNu4_0', '', 'Cung nữ 4', 'Cung nữ 4', 100, 0, 1, 480, '8,9,10', 6, 0.05, 8, 12, 12, 'Pig_CungNu4_0.png', 0, 1, '1000', 'vip', 0, -1, 0, 46, 57, 0),
(243, 'Totoro_1_1', '', 'Totoro', 'Totoro', 0, 0, 2, 480, '8,9,10', 8, 0.05, 10.8, 12, 12, 'Pig_Totoro_1_1.png', 0, 1, '2500', 'vip', 0, -1, 0, 46, 57, 0),
(244, 'Football1_1_1', '', 'Messi', 'Messi', 100, 0, 2, 480, '8,9,10', 7.2, 0.05, 10.2, 12, 12, 'Pig_Football1_1_1.png', 0, 1, '500', 'vip', 0, -1, 0, 46, 57, 0),
(245, 'Football2_1_1', '', 'Kaka', 'Kaka', 100, 0, 2, 480, '8,9,10', 7.2, 0.05, 10.2, 12, 12, 'Pig_Football2_1_1.png', 0, 1, '500', 'vip', 0, -1, 0, 46, 57, 0),
(246, 'Football3_1_1', '', 'Sanchez', 'Sanchez', 100, 0, 2, 480, '8,9,10', 7.2, 0.05, 10.2, 12, 12, 'Pig_Football3_1_1.png', 0, 1, '500', 'vip', 0, -1, 0, 46, 57, 0),
(247, 'Football4_1_1', '', 'Falcao', 'Falcao', 100, 0, 2, 480, '8,9,10', 7.2, 0.05, 10.2, 12, 12, 'Pig_Football4_1_1.png', 0, 1, '500', 'vip', 0, -1, 0, 46, 57, 0),
(248, 'Football5_1_1', '', 'Santos', 'Santos', 100, 0, 2, 480, '8,9,10', 7.2, 0.05, 10.2, 12, 12, 'Pig_Football5_1_1.png', 0, 1, '500', 'vip', 0, -1, 0, 46, 57, 0),
(249, 'Football6_1_1', '', 'Santa Cruz', 'Santa Cruz', 100, 0, 2, 480, '8,9,10', 7.2, 0.05, 10.2, 12, 12, 'Pig_Football6_1_1.png', 0, 1, '500', 'vip', 0, -1, 0, 46, 57, 0),
(250, 'Football7_1_1', '', 'Cavani', 'Cavani', 100, 0, 2, 480, '8,9,10', 7.2, 0.05, 10.2, 12, 12, 'Pig_Football7_1_1.png', 0, 1, '500', 'vip', 0, -1, 0, 46, 57, 0),
(251, 'Football8_1_1', '', 'Rincon', 'Rincon', 100, 0, 2, 480, '8,9,10', 7.2, 0.05, 10.2, 12, 12, 'Pig_Football8_1_1.png', 0, 1, '500', 'vip', 0, -1, 0, 46, 57, 0),
(252, 'Football10_1_1', '', 'Valencia', 'Valencia', 100, 0, 2, 480, '8,9,10', 7.2, 0.05, 10.2, 12, 12, 'Pig_Football10_1_1.png', 0, 1, '500', 'vip', 0, -1, 0, 46, 57, 0),
(253, 'Football11_1_1', '', 'Guerrero', 'Guerrero', 100, 0, 2, 480, '8,9,10', 7.2, 0.05, 10.2, 12, 12, 'Pig_Football11_1_1.png', 0, 1, '500', 'vip', 0, -1, 0, 46, 57, 0),
(254, 'HoangDe_1', '', 'Hoàng Đế', 'Hoàng Đế', 100, 0, 1, 480, '8,9,10', 8, 0.05, 10.8, 12, 12, 'Pig_HoangDe_1.png', 0, 1, '10000', 'vip', 0, -1, 0, 46, 57, 0),
(255, 'TrongTruong_1', '', 'Trống trường', 'Trống trường', 100, 0, 1, 480, '8,9,10', 7.2, 0.05, 10.2, 12, 12, 'Pig_TrongTruong_1.png', 0, 1, '500', 'vip', 0, -1, 0, 46, 57, 0),
(256, 'GiamThi_1', '', 'Giám thị', 'Giám thị', 100, 0, 1, 480, '8,9,10', 7.2, 0.05, 10.2, 12, 12, 'Pig_GiamThi_1.png', 0, 1, '500', 'vip', 0, -1, 0, 46, 57, 0),
(257, 'Seagame1_1', '', 'Bóng đá', 'Bóng đá', 100, 0, 2, 480, '8,9,10', 7.2, 0.05, 10.2, 12, 12, 'Pig_Seagame1_1.png', 0, 1, '500', 'vip', 0, -1, 0, 46, 57, 0),
(258, 'Seagame2_1', '', 'Cử tạ', 'Cử tạ', 100, 0, 2, 480, '8,9,10', 7.2, 0.05, 10.2, 12, 12, 'Pig_Seagame2_1.png', 0, 1, '500', 'vip', 0, -1, 0, 46, 57, 0),
(259, 'QuyenAnh_1', '', 'Quyền anh', 'Quyền anh', 100, 0, 2, 480, '8,9,10', 7.2, 0.05, 10.2, 12, 12, 'Pig_QuyenAnh_1.png', 0, 1, '500', 'vip', 0, -1, 0, 46, 57, 0),
(260, 'DauKiem_1', '', 'Đấu kiếm', 'Đấu kiếm', 100, 0, 2, 480, '8,9,10', 7.2, 0.05, 10.2, 12, 12, 'Pig_DauKiem_1.png', 0, 1, '500', 'vip', 0, -1, 0, 46, 57, 0),
(261, 'DonNguyen_1', '', 'Don Nguyễn', 'Don Nguyễn', 100, 0, 1, 480, '8,9,10', 8, 0.05, 10.8, 12, 12, 'Pig_DonNguyen_1.png', 0, 1, '20000', 'vip', 0, -1, 0, 46, 57, 0),
(262, 'BanSung_1', '', 'Bắn súng', 'Bắn súng', 100, 0, 2, 480, '8,9,10', 7.2, 0.05, 10.2, 12, 12, 'Pig_BanSung_1.png', 0, 1, '500', 'vip', 0, -1, 0, 46, 57, 0),
(263, 'BongRo_1', '', 'Bóng rổ', 'Bóng rổ', 100, 0, 2, 480, '8,9,10', 7.2, 0.05, 10.2, 12, 12, 'Pig_BongRo_1.png', 0, 1, '500', 'vip', 0, -1, 0, 46, 57, 0),
(264, 'BongBan_1', '', 'Bóng bàn', 'Bóng bàn', 100, 0, 2, 480, '8,9,10', 7.2, 0.05, 10.2, 12, 12, 'Pig_BongBan_1.png', 0, 1, '500', 'vip', 0, -1, 0, 46, 57, 0),
(265, 'BanCung_1', '', 'Bắn cung', 'Bắn cung', 100, 0, 2, 480, '8,9,10', 7.2, 0.05, 10.2, 12, 12, 'Pig_BanCung_1.png', 0, 1, '500', 'vip', 0, -1, 0, 46, 57, 0),
(266, 'BongChay_1', '', 'Bóng chày', 'Bóng chày', 100, 0, 2, 480, '8,9,10', 7.2, 0.05, 10.2, 12, 12, 'Pig_BongChay_1.png', 0, 1, '500', 'vip', 0, -1, 0, 46, 57, 0),
(267, 'DuLuon_1', '', 'Dù lượn', 'Dù lượn', 100, 0, 2, 480, '8,9,10', 7.2, 0.05, 10.2, 12, 12, 'Pig_DuLuon_1.png', 0, 1, '500', 'vip', 0, -1, 0, 46, 57, 0);

-- --------------------------------------------------------

--
-- Table structure for table `ibs_pig_default_status`
--

CREATE TABLE IF NOT EXISTS `ibs_pig_default_status` (
  `id` int(11) NOT NULL,
  `name` varchar(100) COLLATE utf8_unicode_ci NOT NULL,
  UNIQUE KEY `id` (`id`)
) ENGINE=InnoDB DEFAULT CHARSET=utf8 COLLATE=utf8_unicode_ci;

--
-- Dumping data for table `ibs_pig_default_status`
--

INSERT INTO `ibs_pig_default_status` (`id`, `name`) VALUES
(1, 'DEAD - Heo chết'),
(2, 'SWOOM'),
(3, 'FUNNY_WASHUP - Heo đang tắm'),
(4, 'FUNNY_EAT - Heo đang ăn'),
(5, 'SICKNESS - Heo bệnh'),
(6, 'LOVE'),
(7, 'PREGNANT - Heo mang thai'),
(8, 'NEW_BORN - Heo mới sinh'),
(9, 'HUNGRY - Heo đói'),
(10, 'DIRTY - Heo dơ'),
(11, 'PREGNANT_HOLY - Heo tiên thai'),
(12, 'MATURE - Heo trưởng thành');

-- --------------------------------------------------------

--
-- Table structure for table `ibs_shop`
--

CREATE TABLE IF NOT EXISTS `ibs_shop` (
  `id` int(11) NOT NULL AUTO_INCREMENT,
  `shop_id_text` varchar(100) COLLATE utf8_unicode_ci NOT NULL COMMENT 'Manual Id',
  `name` varchar(100) COLLATE utf8_unicode_ci NOT NULL,
  PRIMARY KEY (`id`),
  UNIQUE KEY `ShopId` (`shop_id_text`)
) ENGINE=InnoDB  DEFAULT CHARSET=utf8 COLLATE=utf8_unicode_ci AUTO_INCREMENT=5 ;

--
-- Dumping data for table `ibs_shop`
--

INSERT INTO `ibs_shop` (`id`, `shop_id_text`, `name`) VALUES
(1, 'normal_shop', 'Normal Shop'),
(2, 'vip_shop', 'VIP Shop'),
(3, 'mini_shop', 'Mini Shop');

-- --------------------------------------------------------

--
-- Table structure for table `ibs_tab`
--

CREATE TABLE IF NOT EXISTS `ibs_tab` (
  `id` int(11) NOT NULL AUTO_INCREMENT,
  `shop_id` int(11) NOT NULL,
  `type` int(11) NOT NULL COMMENT 'Kiểu hiển thị của tab ở client, liên hệ với table ibs_tab_type',
  `name` varchar(100) COLLATE utf8_unicode_ci NOT NULL,
  `position` int(11) NOT NULL COMMENT 'Vị trí của tab trong shop',
  `status` int(11) NOT NULL COMMENT 'biểu thị trạng thái của tab (Mới, Hot, ...) , liên hệ với table ibs_tab_status',
  PRIMARY KEY (`id`)
) ENGINE=InnoDB  DEFAULT CHARSET=utf8 COLLATE=utf8_unicode_ci AUTO_INCREMENT=11 ;

--
-- Dumping data for table `ibs_tab`
--

INSERT INTO `ibs_tab` (`id`, `shop_id`, `type`, `name`, `position`, `status`) VALUES
(1, 1, 0, 'Normal Pigs', 0, 0),
(2, 1, 0, 'Special Pigs', 1, 0),
(3, 1, 0, 'Food Items', 2, 0),
(4, 1, 0, 'Decoration Items', 3, 0),
(5, 1, 0, 'Require Items', 4, 0),
(6, 1, 0, 'Medicine Items', 5, 0),
(7, 1, 0, 'Other Items', 6, 0),
(8, 2, 0, 'VIP Pigs', 0, 0),
(9, 2, 0, 'VIP Items', 1, 0);

-- --------------------------------------------------------

--
-- Table structure for table `ibs_tab_detail`
--

CREATE TABLE IF NOT EXISTS `ibs_tab_detail` (
  `id` int(11) NOT NULL AUTO_INCREMENT,
  `tab_id` int(11) NOT NULL,
  `tab_item_id` int(11) NOT NULL COMMENT 'ItemId / PigId , phục thuộc vào TabItemType',
  `tab_item_type` int(3) NOT NULL,
  `price` float NOT NULL COMMENT 'Giá bán | Giá trị thực sự',
  `price_display` float NOT NULL COMMENT 'Giá dùng để hiển thị khi có khuyến mãi',
  `discount` int(2) NOT NULL COMMENT 'Tỉ lệ giảm giá (hiển thị)',
  `currency_type` int(2) NOT NULL COMMENT 'Loại tiền tệ, khóa ngoại [currenctytype]',
  `position` int(3) NOT NULL,
  `status` varchar(100) COLLATE utf8_unicode_ci DEFAULT NULL COMMENT 'Trạng thái hiện thị, New/Giảm giá...',
  `enabled` tinyint(1) NOT NULL DEFAULT '1' COMMENT 'Có được kích hoạt trong shop hay kô?',
  PRIMARY KEY (`id`)
) ENGINE=InnoDB  DEFAULT CHARSET=utf8 COLLATE=utf8_unicode_ci AUTO_INCREMENT=224 ;

--
-- Dumping data for table `ibs_tab_detail`
--

INSERT INTO `ibs_tab_detail` (`id`, `tab_id`, `tab_item_id`, `tab_item_type`, `price`, `price_display`, `discount`, `currency_type`, `position`, `status`, `enabled`) VALUES
(1, 1, 1, 1, 75, 75, 0, 1, 0, '0', 1),
(2, 1, 2, 1, 70, 70, 0, 1, 1, '0', 1),
(3, 1, 3, 1, 95, 95, 0, 1, 2, '0', 1),
(4, 1, 4, 1, 90, 90, 0, 1, 3, '0', 1),
(5, 1, 5, 1, 110, 110, 0, 1, 4, '0', 1),
(6, 1, 6, 1, 100, 100, 0, 1, 5, '0', 1),
(7, 1, 7, 1, 2, 5, 0, 2, 6, '0', 1),
(8, 1, 8, 1, 200, 200, 0, 1, 7, '0', 1),
(9, 1, 9, 1, 1, 3, 0, 2, 8, '0', 1),
(10, 1, 10, 1, 150, 150, 0, 1, 9, '0', 1),
(11, 1, 11, 1, 300, 300, 0, 1, 10, '0', 1),
(12, 1, 12, 1, 2, 5, 0, 2, 11, '0', 1),
(13, 1, 13, 1, 250, 250, 0, 1, 12, '0', 1),
(14, 1, 14, 1, 4, 7, 0, 2, 13, '0', 1),
(15, 1, 15, 1, 1, 3, 0, 2, 14, '0', 1),
(16, 1, 16, 1, 2, 5, 0, 2, 15, '0', 1),
(17, 1, 17, 1, 4, 7, 0, 2, 16, '0', 1),
(18, 1, 18, 1, 800, 800, 0, 1, 17, '0', 1),
(19, 1, 19, 1, 4, 7, 0, 2, 18, '0', 1),
(20, 1, 20, 1, 750, 750, 0, 1, 19, '0', 1),
(21, 1, 21, 1, 2, 5, 0, 2, 20, '0', 1),
(22, 1, 22, 1, 2, 5, 0, 2, 21, '0', 1),
(23, 1, 23, 1, 2, 5, 0, 2, 22, '0', 1),
(24, 1, 24, 1, 2, 5, 0, 2, 23, '0', 1),
(25, 1, 25, 1, 1, 3, 0, 2, 24, '0', 1),
(26, 1, 26, 1, 1040, 1040, 0, 1, 25, '0', 1),
(27, 1, 27, 1, 1, 3, 0, 2, 26, '0', 1),
(28, 1, 28, 1, 2, 5, 0, 2, 27, '0', 1),
(29, 1, 29, 1, 980, 980, 0, 1, 28, '0', 1),
(30, 1, 30, 1, 2, 5, 0, 2, 29, '0', 1),
(31, 1, 31, 1, 1, 3, 0, 2, 30, '0', 1),
(32, 1, 32, 1, 1190, 1190, 0, 1, 31, '0', 1),
(33, 1, 33, 1, 1, 3, 0, 2, 32, '0', 1),
(34, 1, 34, 1, 2, 5, 0, 2, 33, '0', 1),
(35, 1, 35, 1, 1090, 1090, 0, 1, 34, '0', 1),
(36, 1, 36, 1, 2, 5, 0, 2, 35, '0', 1),
(37, 1, 37, 1, 1, 3, 0, 2, 36, '0', 1),
(38, 1, 38, 1, 1, 3, 0, 2, 37, '0', 1),
(39, 1, 39, 1, 4, 7, 0, 2, 38, '0', 1),
(40, 1, 40, 1, 1390, 1390, 0, 1, 39, '0', 1),
(41, 1, 41, 1, 4, 7, 0, 2, 40, '0', 1),
(42, 1, 42, 1, 4, 7, 0, 2, 41, '0', 1),
(43, 1, 43, 1, 1250, 1250, 0, 1, 42, '0', 1),
(44, 1, 44, 1, 2, 5, 0, 2, 43, '0', 1),
(45, 1, 45, 1, 4, 7, 0, 2, 44, '0', 1),
(46, 1, 46, 1, 2, 5, 0, 2, 45, '0', 1),
(47, 1, 47, 1, 4, 7, 0, 2, 46, '0', 1),
(48, 1, 48, 1, 2, 5, 0, 2, 47, '0', 1),
(49, 1, 49, 1, 4, 7, 0, 2, 48, '0', 1),
(50, 1, 51, 1, 1550, 1550, 0, 1, 49, '0', 1),
(51, 1, 52, 1, 2, 5, 0, 2, 50, '0', 1),
(52, 1, 53, 1, 7, 7, 0, 2, 51, '0', 1),
(53, 1, 54, 1, 5, 5, 0, 2, 52, '0', 1),
(54, 1, 55, 1, 5, 5, 0, 2, 53, '0', 1),
(55, 1, 56, 1, 1500, 1500, 0, 1, 54, '0', 1),
(56, 1, 57, 1, 7, 7, 0, 2, 55, '0', 1),
(57, 1, 59, 1, 1860, 1860, 0, 1, 56, '0', 1),
(58, 1, 60, 1, 2000, 2000, 0, 1, 57, '0', 1),
(59, 1, 61, 1, 1800, 1800, 0, 1, 58, '0', 1),
(60, 1, 62, 1, 1900, 1900, 0, 1, 59, '0', 1),
(61, 1, 63, 1, 2150, 2150, 0, 1, 60, '0', 1),
(62, 1, 64, 1, 2100, 2100, 0, 1, 61, '0', 1),
(63, 1, 220, 1, 1700, 1700, 0, 1, 62, '0', 1),
(64, 1, 221, 1, 7, 7, 0, 2, 63, '0', 1),
(65, 1, 222, 1, 1650, 1650, 0, 1, 64, '0', 1),
(66, 1, 223, 1, 5, 5, 0, 2, 65, '0', 1),
(67, 1, 224, 1, 7, 7, 0, 2, 66, '0', 1),
(68, 1, 225, 1, 7, 7, 0, 2, 67, '0', 1),
(69, 1, 226, 1, 5, 5, 0, 2, 68, '0', 1),
(70, 1, 227, 1, 5, 5, 0, 2, 69, '0', 1),
(71, 2, 73, 1, 99, 99, 0, 2, 0, '0', 1),
(72, 2, 75, 1, 300, 300, 0, 2, 1, '0', 1),
(73, 2, 69, 1, 89, 89, 0, 2, 2, '0', 1),
(74, 2, 70, 1, 99, 99, 0, 2, 3, '0', 1),
(75, 2, 71, 1, 168, 168, 0, 2, 4, '0', 1),
(76, 2, 73, 1, 99, 99, 0, 2, 5, '0', 1),
(77, 2, 74, 1, 168, 168, 0, 2, 6, '0', 1),
(78, 2, 197, 1, 300, 300, 0, 2, 7, '0', 1),
(79, 2, 228, 1, 199, 199, 0, 2, 8, '0', 1),
(80, 3, 1, 2, 1, 1, 0, 1, 1, '0', 1),
(81, 3, 2, 2, 3, 3, 0, 1, 2, '0', 1),
(82, 3, 21, 2, 9, 9, 0, 1, 3, '0', 1),
(83, 3, 77, 2, 24, 24, 0, 2, 4, '0', 1),
(84, 4, 20, 2, 5000, 5000, 0, 1, 1, '0', 1),
(85, 4, 32, 2, 24, 24, 0, 2, 2, '0', 1),
(86, 4, 35, 2, 14, 14, 0, 2, 3, '0', 1),
(87, 4, 36, 2, 14, 14, 0, 2, 4, '0', 1),
(88, 4, 37, 2, 24, 24, 0, 2, 5, '0', 1),
(89, 4, 38, 2, 29, 29, 0, 2, 6, '0', 1),
(90, 4, 51, 2, 29, 29, 0, 2, 7, '0', 1),
(91, 4, 52, 2, 196, 196, 0, 2, 8, '0', 1),
(92, 4, 63, 2, 29, 29, 0, 2, 9, '0', 1),
(93, 4, 64, 2, 29, 29, 0, 2, 10, '0', 1),
(94, 4, 39, 2, 4000, 4000, 0, 1, 11, '0', 1),
(95, 4, 40, 2, 14, 14, 0, 2, 12, '0', 1),
(96, 4, 41, 2, 24, 24, 0, 2, 13, '0', 1),
(97, 4, 42, 2, 29, 29, 0, 2, 14, '0', 1),
(98, 4, 43, 2, 24, 24, 0, 2, 15, '0', 1),
(99, 4, 33, 2, 24, 24, 0, 2, 16, '0', 1),
(100, 4, 49, 2, 14, 14, 0, 2, 17, '0', 1),
(101, 4, 50, 2, 24, 24, 0, 2, 18, '0', 1),
(102, 4, 55, 2, 24, 24, 0, 2, 19, '0', 1),
(103, 4, 56, 2, 24, 24, 0, 2, 20, '0', 1),
(104, 4, 57, 2, 24, 24, 0, 2, 21, '0', 1),
(105, 4, 58, 2, 29, 29, 0, 2, 22, '0', 1),
(106, 4, 60, 2, 29, 29, 0, 2, 23, '0', 1),
(107, 4, 61, 2, 29, 29, 0, 2, 24, '0', 1),
(108, 4, 62, 2, 14, 14, 0, 2, 25, '0', 1),
(109, 4, 53, 2, 15000, 15000, 0, 1, 26, '0', 1),
(110, 4, 54, 2, 34, 34, 0, 2, 27, '0', 1),
(111, 4, 65, 2, 49, 49, 0, 2, 28, '0', 1),
(112, 4, 68, 2, 34, 34, 0, 2, 29, '0', 1),
(113, 4, 69, 2, 34, 34, 0, 2, 30, '0', 1),
(114, 4, 70, 2, 49, 49, 0, 2, 31, '0', 1),
(115, 5, 10, 2, 10000, 10000, 0, 1, 1, '0', 1),
(116, 5, 11, 2, 50000, 50000, 0, 1, 2, '0', 1),
(117, 5, 12, 2, 99, 99, 0, 2, 3, '0', 1),
(118, 5, 22, 2, 20, 20, 0, 2, 4, '0', 1),
(119, 5, 23, 2, 100000, 100000, 0, 1, 5, '0', 1),
(120, 5, 24, 2, 199, 199, 0, 2, 6, '0', 1),
(121, 5, 44, 2, 4, 4, 0, 2, 7, '0', 1),
(122, 5, 45, 2, 10, 10, 0, 2, 8, '0', 1),
(123, 5, 46, 2, 4, 4, 0, 2, 9, '0', 1),
(124, 5, 47, 2, 4, 4, 0, 2, 10, '0', 1),
(125, 5, 71, 2, 20000, 20000, 0, 1, 11, '0', 1),
(126, 5, 72, 2, 50000, 50000, 0, 1, 12, '0', 1),
(127, 5, 73, 2, 20000, 20000, 0, 1, 13, '0', 1),
(128, 5, 74, 2, 20000, 20000, 0, 1, 14, '0', 1),
(129, 5, 71, 2, 20000, 20000, 0, 1, 15, '0', 1),
(130, 5, 72, 2, 50000, 50000, 0, 1, 16, '0', 1),
(131, 5, 73, 2, 20000, 20000, 0, 1, 17, '0', 1),
(132, 5, 74, 2, 20000, 20000, 0, 1, 18, '0', 1),
(133, 5, 86, 2, 39, 39, 0, 2, 19, '0', 1),
(134, 5, 87, 2, 99, 99, 0, 2, 20, '0', 1),
(135, 5, 88, 2, 39, 39, 0, 2, 21, '0', 1),
(136, 5, 89, 2, 39, 39, 0, 2, 22, '0', 1),
(137, 5, 90, 2, 2, 2, 0, 2, 23, '0', 1),
(138, 5, 91, 2, 29, 29, 0, 2, 24, '0', 1),
(139, 6, 16, 2, 3, 3, 0, 2, 1, '0', 0),
(140, 6, 17, 2, 9, 9, 0, 2, 2, '0', 0),
(141, 6, 18, 2, 250, 250, 0, 1, 3, '0', 0),
(142, 6, 34, 2, 500, 500, 0, 1, 4, '0', 1),
(143, 6, 75, 2, 1, 1, 0, 2, 5, '0', 1),
(144, 6, 76, 2, 200, 200, 0, 1, 6, '0', 1),
(145, 6, 77, 2, 24, 24, 0, 2, 7, '0', 1),
(146, 6, 840, 2, 99, 99, 0, 2, 8, '0', 1),
(147, 6, 841, 2, 499, 499, 0, 2, 9, '0', 1),
(148, 6, 79, 2, 29, 29, 0, 2, 10, '0', 1),
(149, 6, 81, 2, 29, 29, 0, 2, 11, '0', 1),
(150, 6, 82, 2, 69, 69, 0, 2, 12, '0', 1),
(151, 6, 83, 2, 297, 297, 0, 1, 13, '0', 1),
(152, 6, 92, 2, 99, 99, 0, 2, 14, '0', 1),
(153, 6, 93, 2, 39, 39, 0, 2, 15, '0', 1),
(154, 6, 94, 2, 99, 99, 0, 2, 16, '0', 1),
(155, 6, 95, 2, 39, 39, 0, 2, 17, '0', 1),
(156, 6, 96, 2, 39, 39, 0, 2, 18, '0', 1),
(157, 6, 97, 2, 199, 199, 0, 2, 19, '0', 1),
(158, 6, 111, 2, 99, 99, 0, 2, 20, '0', 1),
(159, 6, 112, 2, 39, 39, 0, 2, 21, '0', 1),
(160, 6, 113, 2, 99, 99, 0, 2, 22, '0', 1),
(161, 6, 114, 2, 39, 39, 0, 2, 23, '0', 1),
(162, 6, 115, 2, 39, 39, 0, 2, 24, '0', 1),
(163, 6, 116, 2, 199, 199, 0, 2, 25, '0', 1),
(164, 6, 117, 2, 49, 49, 0, 2, 26, '0', 1),
(165, 6, 118, 2, 49, 49, 0, 2, 27, '0', 1),
(166, 6, 119, 2, 49, 49, 0, 2, 28, '0', 1),
(167, 6, 120, 2, 1, 1, 0, 2, 29, '0', 1),
(168, 6, 121, 2, 3, 3, 0, 2, 30, '0', 1),
(169, 6, 122, 2, 9, 9, 0, 2, 31, '0', 1),
(170, 6, 134, 2, 99, 99, 0, 2, 32, '0', 1),
(171, 6, 135, 2, 39, 39, 0, 2, 33, '0', 1),
(172, 6, 136, 2, 99, 99, 0, 2, 34, '0', 1),
(173, 6, 137, 2, 39, 39, 0, 2, 35, '0', 1),
(174, 6, 138, 2, 39, 39, 0, 2, 36, '0', 1),
(175, 6, 139, 2, 199, 199, 0, 2, 37, '0', 1),
(176, 7, 166, 2, 39, 39, 0, 2, 1, '0', 1),
(177, 7, 167, 2, 99, 99, 0, 2, 2, '0', 1),
(178, 7, 168, 2, 39, 39, 0, 2, 3, '0', 1),
(179, 7, 169, 2, 39, 39, 0, 2, 4, '0', 1),
(180, 7, 170, 2, 199, 199, 0, 2, 5, '0', 1),
(181, 7, 600, 2, 1, 1, 0, 2, 6, '0', 1),
(182, 7, 601, 2, 4, 4, 0, 2, 7, '0', 1),
(183, 7, 602, 2, 15, 15, 0, 2, 8, '0', 1),
(184, 7, 603, 2, 0, 0, 0, 2, 9, '0', 0),
(185, 7, 604, 2, 0, 0, 0, 2, 10, '0', 0),
(186, 7, 605, 2, 0, 0, 0, 2, 11, '0', 0),
(187, 7, 606, 2, 0, 0, 0, 2, 12, '0', 0),
(188, 7, 607, 2, 10, 10, 0, 2, 13, '0', 1),
(189, 7, 608, 2, 20, 20, 0, 2, 14, '0', 1),
(190, 7, 609, 2, 30, 30, 0, 2, 15, '0', 1),
(191, 7, 610, 2, 0, 0, 0, 2, 16, '0', 0),
(192, 7, 611, 2, 0, 0, 0, 2, 17, '0', 0),
(193, 7, 612, 2, 0, 0, 0, 2, 18, '0', 0),
(194, 7, 702, 2, 1, 1, 0, 2, 19, '0', 0),
(195, 7, 703, 2, 1, 1, 0, 2, 20, '0', 0),
(196, 7, 704, 2, 1, 1, 0, 2, 21, '0', 0),
(197, 7, 756, 2, 1, 1, 0, 2, 22, '0', 1),
(198, 7, 761, 2, 1, 1, 0, 2, 23, '0', 1),
(199, 7, 762, 2, 1, 1, 0, 2, 24, '0', 1),
(200, 7, 763, 2, 1, 1, 0, 2, 25, '0', 1),
(201, 7, 764, 2, 1, 1, 0, 2, 26, '0', 1),
(202, 8, 243, 1, 999, 999, 0, 2, 0, '0', 1),
(203, 8, 244, 1, 168, 168, 0, 2, 1, '0', 1),
(204, 8, 245, 1, 168, 168, 0, 2, 2, '0', 1),
(205, 8, 246, 1, 168, 168, 0, 2, 3, '0', 1),
(206, 8, 247, 1, 168, 168, 0, 2, 4, '0', 1),
(207, 8, 248, 1, 168, 168, 0, 2, 5, '0', 1),
(208, 8, 249, 1, 168, 168, 0, 2, 6, '0', 1),
(209, 8, 250, 1, 168, 168, 0, 2, 7, '0', 1),
(210, 8, 251, 1, 168, 168, 0, 2, 8, '0', 1),
(211, 8, 252, 1, 170, 170, 0, 2, 9, '0', 1),
(212, 8, 253, 1, 169, 169, 0, 2, 10, '0', 1),
(213, 9, 161, 2, 24, 24, 0, 2, 1, '0', 1),
(214, 9, 174, 2, 24, 24, 0, 2, 2, '0', 1),
(215, 9, 175, 2, 14, 14, 0, 2, 3, '0', 1),
(216, 9, 158, 2, 24, 24, 0, 2, 4, '0', 1),
(217, 9, 159, 2, 14, 14, 0, 2, 5, '0', 1),
(218, 9, 176, 2, 34, 34, 0, 2, 6, '0', 1),
(219, 9, 177, 2, 34, 34, 0, 2, 7, '0', 1),
(220, 9, 160, 2, 34, 34, 0, 2, 8, '0', 1),
(221, 9, 171, 2, 129, 129, 0, 2, 9, '0', 1),
(222, 9, 172, 2, 19, 19, 0, 2, 10, '0', 1),
(223, 9, 173, 2, 69, 69, 0, 2, 11, '0', 0);

-- --------------------------------------------------------

--
-- Table structure for table `ibs_tab_item_type`
--

CREATE TABLE IF NOT EXISTS `ibs_tab_item_type` (
  `id` int(11) NOT NULL AUTO_INCREMENT,
  `name` varchar(100) COLLATE utf8_unicode_ci NOT NULL,
  `table_map` varchar(100) COLLATE utf8_unicode_ci NOT NULL,
  `field_map` varchar(100) COLLATE utf8_unicode_ci NOT NULL,
  PRIMARY KEY (`id`)
) ENGINE=InnoDB  DEFAULT CHARSET=utf8 COLLATE=utf8_unicode_ci AUTO_INCREMENT=3 ;

--
-- Dumping data for table `ibs_tab_item_type`
--

INSERT INTO `ibs_tab_item_type` (`id`, `name`, `table_map`, `field_map`) VALUES
(1, 'pig', 'ibs_pig', 'type'),
(2, 'item', 'ibs_item', 'item_id_text');

-- --------------------------------------------------------

--
-- Table structure for table `ibs_tab_status`
--

CREATE TABLE IF NOT EXISTS `ibs_tab_status` (
  `id` int(11) NOT NULL AUTO_INCREMENT,
  `name` varchar(100) COLLATE utf8_unicode_ci NOT NULL,
  PRIMARY KEY (`id`)
) ENGINE=InnoDB  DEFAULT CHARSET=utf8 COLLATE=utf8_unicode_ci AUTO_INCREMENT=3 ;

--
-- Dumping data for table `ibs_tab_status`
--

INSERT INTO `ibs_tab_status` (`id`, `name`) VALUES
(1, 'Mới'),
(2, 'Hot');

-- --------------------------------------------------------

--
-- Table structure for table `ibs_tab_type`
--

CREATE TABLE IF NOT EXISTS `ibs_tab_type` (
  `id` int(11) NOT NULL AUTO_INCREMENT,
  `name` varchar(100) COLLATE utf8_unicode_ci NOT NULL,
  PRIMARY KEY (`id`)
) ENGINE=InnoDB DEFAULT CHARSET=utf8 COLLATE=utf8_unicode_ci AUTO_INCREMENT=1 ;

--
-- Dumping data for table `ibs_tab_type`
--


-- --------------------------------------------------------

--
-- Table structure for table `ibs_xml_db_map_attribute`
--

CREATE TABLE IF NOT EXISTS `ibs_xml_db_map_attribute` (
  `xml_element_name` varchar(100) COLLATE utf8_unicode_ci NOT NULL COMMENT 'relation with ibs_xml_element_tree',
  `xml_attribute` varchar(100) COLLATE utf8_unicode_ci NOT NULL,
  `xml_formular` varchar(255) COLLATE utf8_unicode_ci DEFAULT NULL,
  `db_table_name` varchar(100) COLLATE utf8_unicode_ci DEFAULT NULL,
  `db_field_name` varchar(100) COLLATE utf8_unicode_ci DEFAULT NULL,
  `is_localize` tinyint(1) NOT NULL DEFAULT '0',
  `is_hidden` tinyint(1) NOT NULL DEFAULT '0',
  `default_value` varchar(100) COLLATE utf8_unicode_ci DEFAULT NULL COMMENT 'Giá trị mặc định của thuộc tính khi tạo thẻ xml.'
) ENGINE=InnoDB DEFAULT CHARSET=utf8 COLLATE=utf8_unicode_ci;

--
-- Dumping data for table `ibs_xml_db_map_attribute`
--

INSERT INTO `ibs_xml_db_map_attribute` (`xml_element_name`, `xml_attribute`, `xml_formular`, `db_table_name`, `db_field_name`, `is_localize`, `is_hidden`, `default_value`) VALUES
('pigs', 'itemType', NULL, NULL, NULL, 0, 0, '0'),
('pigs', 'quantity', NULL, NULL, NULL, 0, 0, '1'),
('pig', 'id', NULL, 'ibs_pig', 'pig_id_text', 0, 0, NULL),
('pig', 'type', NULL, 'ibs_pig', 'type', 0, 0, NULL),
('pig', 'holyLevel', NULL, 'ibs_pig', 'holy_level', 0, 0, '0'),
('pig', 'name', NULL, 'ibs_pig', 'name', 1, 0, NULL),
('pig', 'shortDes', NULL, 'ibs_pig', 'short_des', 1, 0, NULL),
('pig', 'stealPunish', NULL, 'ibs_pig', 'steal_punish', 0, 0, '100'),
('pig', 'level', NULL, 'ibs_pig', 'level', 0, 0, NULL),
('pig', 'specialPig', NULL, 'ibs_pig', 'special_pig', 0, 0, '0'),
('pig', 'values', 'lifecycle;health;weightGainPerHour;weightDownPerHour;priceForOneKg;weight;priceInGame;priceOutGame;unit;image;status;age', NULL, NULL, 0, 0, NULL),
('pig', 'lifecycle', NULL, 'ibs_pig', 'life_cycle', 0, 1, NULL),
('pig', 'health', NULL, '', NULL, 0, 1, '100'),
('pig', 'weightGainPerHour', NULL, 'ibs_pig', 'weight_gain_per_hour', 0, 1, NULL),
('pig', 'weightDownPerHour', NULL, 'ibs_pig', 'weight_down_per_hour', 0, 1, NULL),
('pig', 'priceForOneKg', NULL, 'ibs_pig', 'price_for_one_kg', 0, 1, NULL),
('pig', 'weight', NULL, 'ibs_pig', 'weight', 0, 1, NULL),
('pig', 'priceInGame', NULL, 'ibs_tab_detail', 'price', 0, 1, NULL),
('pig', 'priceOutGame', NULL, 'ibs_tab_detail', 'price_display', 0, 1, NULL),
('pig', 'unit', NULL, 'ibs_pig', 'unit', 0, 1, NULL),
('pig', 'image', NULL, 'ibs_pig', 'image', 0, 1, NULL),
('pig', 'status', NULL, 'ibs_pig', 'status_index', 0, 1, '8,9,10'),
('pig', 'age', NULL, 'ibs_pig', 'age', 0, 1, '0'),
('pig', 'begetPrice', NULL, 'ibs_pig', 'beget_price', 0, 0, NULL),
('pig', 'giftGoldMinHome', NULL, 'ibs_pig', 'gold_min', 0, 0, NULL),
('pig', 'giftGoldMaxHome', NULL, 'ibs_pig', 'gold_max', 0, 0, NULL),
('pig', 'sellExp', NULL, 'ibs_pig', 'sell_exp', 0, 0, NULL),
('pig', 'group', NULL, 'ibs_pig', 'pig_group', 0, 0, NULL),
('pig', 'star', NULL, 'ibs_pig', 'star', 0, 0, '-1'),
('pig', 'lvGF', NULL, 'ibs_pig', 'lvgf', 0, 0, '0'),
('pig', 'disCount', NULL, 'ibs_tab_detail', 'discount', 0, 0, '0'),
('item', 'id', NULL, 'ibs_item', 'item_id_text', 0, 0, NULL),
('item', 'type', NULL, 'ibs_item', 'type', 0, 0, NULL),
('item', 'description', NULL, 'ibs_item', 'description', 1, 0, NULL),
('item', 'values', 'name;image;priceInGame;priceOutGame;quantity;status;currentStatus;effect_key;effect_value;level;limited', NULL, NULL, 0, 0, NULL),
('item', 'name', NULL, 'ibs_item', 'name', 1, 1, NULL),
('item', 'image', NULL, 'ibs_item', 'image', 0, 1, NULL),
('item', 'priceInGame', NULL, 'ibs_tab_detail', 'price', 0, 1, NULL),
('item', 'priceOutGame', NULL, 'ibs_tab_detail', 'price_display', 0, 1, '0'),
('item', 'quantity', NULL, 'ibs_item', 'quantity', 0, 1, NULL),
('item', 'status', NULL, 'ibs_tab_detail', 'status', 0, 1, NULL),
('item', 'currentStatus', NULL, 'ibs_tab_detail', 'status', 0, 1, NULL),
('item', 'effect_key', NULL, 'ibs_item', 'item_key', 0, 1, NULL),
('item', 'effect_value', NULL, 'ibs_item', 'effect', 0, 1, NULL),
('item', 'level', NULL, '', '', 0, 1, '0'),
('item', 'limited', NULL, 'ibs_item', 'limited', 0, 1, NULL),
('item', 'useAtHome', NULL, 'ibs_item', 'use_at_home', 0, 0, '0'),
('item', 'maxLevel', NULL, 'ibs_item', 'max_level', 0, 0, NULL),
('item', 'exp', NULL, 'ibs_item', 'exp', 0, 0, NULL),
('item', 'refineLevel', NULL, 'ibs_item', 'refine_level', 0, 0, NULL),
('item', 'expiredCoin', NULL, 'ibs_item', 'expired_coin', 0, 0, NULL),
('item', 'disCount', NULL, 'ibs_tab_detail', 'discount', 0, 0, NULL),
('item', 'haveDefault', NULL, 'ibs_item', 'have_default', 0, 0, NULL),
('pig', 'miniGame', NULL, 'ibs_pig', 'mini_game', 0, 0, '0'),
('pig', 'statusInShop', NULL, 'ibs_tab_detail', 'status', 0, 0, '0'),
('pig', 'id', NULL, 'ibs_tab_detail', 'tab_item_id', 0, 0, NULL),
('item', 'id', NULL, 'ibs_tab_detail', 'tab_item_id', 0, 0, NULL),
('item', 'quantity', NULL, 'ibs_tab_detail', 'quantity', 0, 0, '0'),
('pig', 'oldPrice', NULL, 'ibs_tab_detail', 'old_price', 0, 0, '0'),
('item', 'oldPrice', NULL, 'ibs_tab_detail', 'old_price', 0, 0, '0'),
('item', 'enableInShop', NULL, 'ibs_tab_detail', 'enabled', 0, 0, '1');

-- --------------------------------------------------------

--
-- Table structure for table `ibs_xml_element_tree`
--

CREATE TABLE IF NOT EXISTS `ibs_xml_element_tree` (
  `xml_element_path` varchar(100) COLLATE utf8_unicode_ci NOT NULL
) ENGINE=InnoDB DEFAULT CHARSET=utf8 COLLATE=utf8_unicode_ci;

--
-- Dumping data for table `ibs_xml_element_tree`
--

INSERT INTO `ibs_xml_element_tree` (`xml_element_path`) VALUES
('config;pigs;pig'),
('config;shop;pigs_shop;pig_shop'),
('config;shop;special_pigs_shop;special_pig_shop'),
('config;shop;items_shop;item_shop'),
('config;shop;miniShops;shops;shop'),
('config;items;item;effectProperties;effectProperty'),
('config;tabShop');

/*!40101 SET CHARACTER_SET_CLIENT=@OLD_CHARACTER_SET_CLIENT */;
/*!40101 SET CHARACTER_SET_RESULTS=@OLD_CHARACTER_SET_RESULTS */;
/*!40101 SET COLLATION_CONNECTION=@OLD_COLLATION_CONNECTION */;
