DELETE FROM `c_award` WHERE 1;
 ALTER TABLE c_award AUTO_INCREMENT=1; 
DELETE FROM `c_award_type` WHERE 1;
 ALTER TABLE c_award_type AUTO_INCREMENT=1; 
DELETE FROM `c_battle_soldier` WHERE 1;
 ALTER TABLE c_battle_soldier AUTO_INCREMENT=1; 
DELETE FROM `c_battle` WHERE 1;
 ALTER TABLE c_battle AUTO_INCREMENT=1;
 DELETE FROM `c_layout` WHERE 1;
 ALTER TABLE c_layout AUTO_INCREMENT=1; 
DELETE FROM `c_soldier` WHERE 1;
 ALTER TABLE c_soldier AUTO_INCREMENT=1; 
DELETE FROM `c_nextcamp` WHERE 1;
 ALTER TABLE c_nextcamp AUTO_INCREMENT=1; 
DELETE FROM `c_campaign` WHERE 1;
 ALTER TABLE c_campaign AUTO_INCREMENT=1; 
DELETE FROM `c_typemap` WHERE 1;
 ALTER TABLE c_typemap AUTO_INCREMENT=1; 
DELETE FROM `c_worldmap` WHERE 1;
 ALTER TABLE c_worldmap AUTO_INCREMENT=1;
 INSERT INTO `c_worldmap` VALUES('1', 'worldmap1'); 
INSERT INTO `c_worldmap` VALUES('2', 'worldmap2'); 
INSERT INTO `c_typemap` VALUES('1', 'Barrack'); 
INSERT INTO `c_typemap` VALUES('2', 'Map'); 
INSERT INTO `c_campaign` VALUES('1', 'MAP_1', '', '', '', ''); 
INSERT INTO `c_campaign` VALUES('2', 'MAP_2', '', '', '', ''); 
INSERT INTO `c_campaign` VALUES('3', 'MAP_3', '', '', '', ''); 
INSERT INTO `c_campaign` VALUES('1001', 'BARRACK_1', '', '', '', ''); 
INSERT INTO `c_campaign` VALUES('1002', 'BARRACK_2', '', '', '', ''); 
INSERT INTO `c_campaign` VALUES('1003', 'BARRACK_3', '', '', '', ''); 
INSERT INTO `c_campaign` VALUES('1004', 'BARRACK_4', '', '', '', ''); 
INSERT INTO `c_campaign` VALUES('1005', 'BARRACK_5', '', '', '', ''); 
INSERT INTO `c_campaign` VALUES('1006', 'BARRACK_6', '', '', '', ''); 
INSERT INTO `c_campaign` VALUES('1007', 'BARRACK_7', '', '', '', ''); 
INSERT INTO `c_campaign` VALUES('1008', 'BARRACK_8', '', '', '', ''); 
INSERT INTO `c_campaign` VALUES('1009', 'BARRACK_9', '', '', '', ''); 
INSERT INTO `c_campaign` VALUES('1010', 'BARRACK_10', '', '', '', ''); 
INSERT INTO `c_campaign` VALUES('1011', 'BARRACK_11', '', '', '', ''); 
INSERT INTO `c_campaign` VALUES('1012', 'BARRACK_12', '', '', '', ''); 
INSERT INTO `c_campaign` VALUES('1013', 'BARRACK_13', '', '', '', ''); 
INSERT INTO `c_campaign` VALUES('1014', 'BARRACK_14', '', '', '', ''); 
INSERT INTO `c_campaign` VALUES('1015', 'BARRACK_15', '', '', '', ''); 
INSERT INTO `c_campaign` VALUES('1016', 'BARRACK_16', '', '', '', ''); 
INSERT INTO `c_soldier` VALUES('15001', '15001', '', 'SOLDIER_ENEMY_NORMAL_1'); 
INSERT INTO `c_soldier` VALUES('15002', '15002', '', 'SOLDIER_ENEMY_NORMAL_2'); 
INSERT INTO `c_soldier` VALUES('15003', '15003', '', 'SOLDIER_ENEMY_NORMAL_3'); 
INSERT INTO `c_soldier` VALUES('15004', '15004', '', 'SOLDIER_ENEMY_NORMAL_4'); 
INSERT INTO `c_soldier` VALUES('15005', '15005', '', 'SOLDIER_ENEMY_NORMAL_5'); 
INSERT INTO `c_soldier` VALUES('15006', '15006', '', 'SOLDIER_ENEMY_NORMAL_6'); 
INSERT INTO `c_soldier` VALUES('15007', '15007', '', 'SOLDIER_ENEMY_NORMAL_7'); 
INSERT INTO `c_soldier` VALUES('15008', '15008', '', 'SOLDIER_ENEMY_NORMAL_8'); 
INSERT INTO `c_soldier` VALUES('15009', '15009', '', 'SOLDIER_ENEMY_NORMAL_9'); 
INSERT INTO `c_soldier` VALUES('15010', '15010', '', 'SOLDIER_ENEMY_ROW_1'); 
INSERT INTO `c_soldier` VALUES('15011', '15011', '', 'SOLDIER_ENEMY_COL_1'); 
INSERT INTO `c_soldier` VALUES('15012', '15012', '', 'SOLDIER_ENEMY_ALL_1'); 
INSERT INTO `c_soldier` VALUES('15013', '15013', '', 'SOLDIER_ENEMY_NORMAL_10'); 
INSERT INTO `c_soldier` VALUES('15014', '15014', '', 'SOLDIER_ENEMY_NORMAL_11'); 
INSERT INTO `c_soldier` VALUES('15015', '15015', '', 'SOLDIER_ENEMY_NORMAL_12'); 
INSERT INTO `c_soldier` VALUES('15016', '15016', '', 'SOLDIER_ENEMY_NORMAL_13'); 
INSERT INTO `c_soldier` VALUES('15017', '15017', '', 'SOLDIER_ENEMY_NORMAL_14'); 
INSERT INTO `c_soldier` VALUES('15018', '15018', '', 'SOLDIER_ENEMY_NORMAL_15'); 
INSERT INTO `c_soldier` VALUES('15019', '15019', '', 'SOLDIER_ENEMY_NORMAL_16'); 
INSERT INTO `c_soldier` VALUES('15020', '15020', '', 'SOLDIER_ENEMY_NORMAL_17'); 
INSERT INTO `c_soldier` VALUES('15021', '15021', '', 'SOLDIER_ENEMY_NORMAL_18'); 
INSERT INTO `c_soldier` VALUES('15022', '15022', '', 'SOLDIER_ENEMY_ROW_2'); 
INSERT INTO `c_soldier` VALUES('15023', '15023', '', 'SOLDIER_ENEMY_COL_2'); 
INSERT INTO `c_soldier` VALUES('15024', '15024', '', 'SOLDIER_ENEMY_ALL_2'); 
INSERT INTO `c_soldier` VALUES('15025', '15025', '', 'SOLDIER_ENEMY_NORMAL_19'); 
INSERT INTO `c_soldier` VALUES('15026', '15026', '', 'SOLDIER_ENEMY_NORMAL_20'); 
INSERT INTO `c_soldier` VALUES('15027', '15027', '', 'SOLDIER_ENEMY_NORMAL_21'); 
INSERT INTO `c_soldier` VALUES('15028', '15028', '', 'SOLDIER_ENEMY_NORMAL_22'); 
INSERT INTO `c_soldier` VALUES('15029', '15029', '', 'SOLDIER_ENEMY_NORMAL_23'); 
INSERT INTO `c_soldier` VALUES('15030', '15030', '', 'SOLDIER_ENEMY_NORMAL_24'); 
INSERT INTO `c_soldier` VALUES('15031', '15031', '', 'SOLDIER_ENEMY_NORMAL_25'); 
INSERT INTO `c_soldier` VALUES('15032', '15032', '', 'SOLDIER_ENEMY_NORMAL_26'); 
INSERT INTO `c_soldier` VALUES('15033', '15033', '', 'SOLDIER_ENEMY_NORMAL_27'); 
INSERT INTO `c_soldier` VALUES('15034', '15034', '', 'SOLDIER_ENEMY_ROW_3'); 
INSERT INTO `c_soldier` VALUES('15035', '15035', '', 'SOLDIER_ENEMY_COL_3'); 
INSERT INTO `c_soldier` VALUES('15036', '15036', '', 'SOLDIER_ENEMY_ALL_3'); 
INSERT INTO `c_layout` VALUES('1', 'T', '[1,1,1,0,1,0,0,1,0]', ''); 
INSERT INTO `c_layout` VALUES('2', '+', '[0,1,0,1,1,1,0,1,0]', ''); 
INSERT INTO `c_layout` VALUES('3', 'X', '[1,0,1,0,1,0,1,0,1]', ''); 
INSERT INTO `c_layout` VALUES('7', 'V', '[0,1,0,1,0,1,1,0,1]', ''); 
INSERT INTO `c_layout` VALUES('8', 'Z', '[0,0,1,1,1,1,1,0,0]', ''); 
INSERT INTO `c_battle` VALUES('1', '1', '0', '1001', ''); 
INSERT INTO `c_battle` VALUES('2', '1', '1', '1001', ''); 
INSERT INTO `c_battle` VALUES('3', '1', '2', '1001', ''); 
INSERT INTO `c_battle` VALUES('4', '2', '3', '1001', ''); 
INSERT INTO `c_battle` VALUES('5', '1', '4', '1001', ''); 
INSERT INTO `c_battle` VALUES('6', '2', '5', '1001', ''); 
INSERT INTO `c_battle` VALUES('7', '2', '6', '1001', ''); 
INSERT INTO `c_battle` VALUES('8', '1', '7', '1001', ''); 
INSERT INTO `c_battle` VALUES('9', '1', '8', '1001', ''); 
INSERT INTO `c_battle` VALUES('10', '3', '0', '1002', ''); 
INSERT INTO `c_battle` VALUES('11', '1', '1', '1002', ''); 
INSERT INTO `c_battle` VALUES('12', '7', '2', '1002', ''); 
INSERT INTO `c_battle` VALUES('13', '2', '3', '1002', ''); 
INSERT INTO `c_battle` VALUES('14', '8', '4', '1002', ''); 
INSERT INTO `c_battle` VALUES('15', '8', '5', '1002', ''); 
INSERT INTO `c_battle` VALUES('16', '7', '6', '1002', ''); 
INSERT INTO `c_battle` VALUES('17', '3', '7', '1002', ''); 
INSERT INTO `c_battle` VALUES('18', '1', '8', '1002', ''); 
INSERT INTO `c_battle` VALUES('19', '2', '0', '1003', ''); 
INSERT INTO `c_battle` VALUES('20', '1', '1', '1003', ''); 
INSERT INTO `c_battle` VALUES('21', '8', '2', '1003', ''); 
INSERT INTO `c_battle` VALUES('22', '8', '3', '1003', ''); 
INSERT INTO `c_battle` VALUES('23', '2', '4', '1003', ''); 
INSERT INTO `c_battle` VALUES('24', '8', '5', '1003', ''); 
INSERT INTO `c_battle` VALUES('25', '8', '6', '1003', ''); 
INSERT INTO `c_battle` VALUES('26', '7', '7', '1003', ''); 
INSERT INTO `c_battle` VALUES('27', '1', '8', '1003', ''); 
INSERT INTO `c_battle` VALUES('28', '7', '9', '1003', ''); 
INSERT INTO `c_battle` VALUES('29', '8', '10', '1003', ''); 
INSERT INTO `c_battle` VALUES('30', '8', '11', '1003', ''); 
INSERT INTO `c_battle` VALUES('31', '1', '0', '1004', ''); 
INSERT INTO `c_battle` VALUES('32', '3', '1', '1004', ''); 
INSERT INTO `c_battle` VALUES('33', '8', '2', '1004', ''); 
INSERT INTO `c_battle` VALUES('34', '7', '3', '1004', ''); 
INSERT INTO `c_battle` VALUES('35', '2', '4', '1004', ''); 
INSERT INTO `c_battle` VALUES('36', '7', '5', '1004', ''); 
INSERT INTO `c_battle` VALUES('37', '1', '6', '1004', ''); 
INSERT INTO `c_battle` VALUES('38', '2', '7', '1004', ''); 
INSERT INTO `c_battle` VALUES('39', '2', '8', '1004', ''); 
INSERT INTO `c_battle` VALUES('40', '8', '9', '1004', ''); 
INSERT INTO `c_battle` VALUES('41', '1', '10', '1004', ''); 
INSERT INTO `c_battle` VALUES('42', '7', '0', '1005', ''); 
INSERT INTO `c_battle` VALUES('43', '2', '1', '1005', ''); 
INSERT INTO `c_battle` VALUES('44', '1', '2', '1005', ''); 
INSERT INTO `c_battle` VALUES('45', '3', '3', '1005', ''); 
INSERT INTO `c_battle` VALUES('46', '3', '4', '1005', ''); 
INSERT INTO `c_battle` VALUES('47', '3', '5', '1005', ''); 
INSERT INTO `c_battle` VALUES('48', '3', '6', '1005', ''); 
INSERT INTO `c_battle` VALUES('49', '7', '7', '1005', ''); 
INSERT INTO `c_battle` VALUES('50', '1', '8', '1005', ''); 
INSERT INTO `c_battle` VALUES('51', '7', '9', '1005', ''); 
INSERT INTO `c_battle` VALUES('52', '7', '10', '1005', ''); 
INSERT INTO `c_battle` VALUES('53', '1', '11', '1005', ''); 
INSERT INTO `c_battle` VALUES('54', '2', '0', '1006', ''); 
INSERT INTO `c_battle` VALUES('55', '7', '1', '1006', ''); 
INSERT INTO `c_battle` VALUES('56', '8', '2', '1006', ''); 
INSERT INTO `c_battle` VALUES('57', '8', '3', '1006', ''); 
INSERT INTO `c_battle` VALUES('58', '7', '4', '1006', ''); 
INSERT INTO `c_battle` VALUES('59', '8', '5', '1006', ''); 
INSERT INTO `c_battle` VALUES('60', '2', '6', '1006', ''); 
INSERT INTO `c_battle` VALUES('61', '8', '7', '1006', ''); 
INSERT INTO `c_battle` VALUES('62', '3', '8', '1006', ''); 
INSERT INTO `c_battle` VALUES('63', '8', '9', '1006', ''); 
INSERT INTO `c_battle` VALUES('64', '2', '10', '1006', ''); 
INSERT INTO `c_battle` VALUES('65', '1', '11', '1006', ''); 
INSERT INTO `c_battle` VALUES('66', '1', '12', '1006', ''); 
INSERT INTO `c_battle` VALUES('67', '7', '13', '1006', ''); 
INSERT INTO `c_battle` VALUES('68', '3', '14', '1006', ''); 
INSERT INTO `c_battle` VALUES('69', '1', '0', '1007', ''); 
INSERT INTO `c_battle` VALUES('70', '8', '1', '1007', ''); 
INSERT INTO `c_battle` VALUES('71', '1', '2', '1007', ''); 
INSERT INTO `c_battle` VALUES('72', '2', '3', '1007', ''); 
INSERT INTO `c_battle` VALUES('73', '3', '4', '1007', ''); 
INSERT INTO `c_battle` VALUES('74', '3', '5', '1007', ''); 
INSERT INTO `c_battle` VALUES('75', '2', '6', '1007', ''); 
INSERT INTO `c_battle` VALUES('76', '7', '7', '1007', ''); 
INSERT INTO `c_battle` VALUES('77', '7', '0', '1008', ''); 
INSERT INTO `c_battle` VALUES('78', '1', '1', '1008', ''); 
INSERT INTO `c_battle` VALUES('79', '7', '2', '1008', ''); 
INSERT INTO `c_battle` VALUES('80', '7', '3', '1008', ''); 
INSERT INTO `c_battle` VALUES('81', '2', '4', '1008', ''); 
INSERT INTO `c_battle` VALUES('82', '8', '5', '1008', ''); 
INSERT INTO `c_battle` VALUES('83', '8', '6', '1008', ''); 
INSERT INTO `c_battle` VALUES('84', '7', '7', '1008', ''); 
INSERT INTO `c_battle` VALUES('85', '7', '8', '1008', ''); 
INSERT INTO `c_battle` VALUES('86', '7', '9', '1008', ''); 
INSERT INTO `c_battle` VALUES('87', '1', '0', '2', ''); 
INSERT INTO `c_battle` VALUES('88', '7', '1', '2', ''); 
INSERT INTO `c_battle` VALUES('89', '2', '2', '2', ''); 
INSERT INTO `c_battle` VALUES('90', '7', '3', '2', ''); 
INSERT INTO `c_battle` VALUES('91', '8', '4', '2', ''); 
INSERT INTO `c_battle` VALUES('92', '3', '5', '2', ''); 
INSERT INTO `c_battle` VALUES('93', '3', '6', '2', ''); 
INSERT INTO `c_battle` VALUES('94', '7', '7', '2', ''); 
INSERT INTO `c_battle` VALUES('95', '8', '0', '1009', ''); 
INSERT INTO `c_battle` VALUES('96', '7', '1', '1009', ''); 
INSERT INTO `c_battle` VALUES('97', '7', '2', '1009', ''); 
INSERT INTO `c_battle` VALUES('98', '7', '3', '1009', ''); 
INSERT INTO `c_battle` VALUES('99', '3', '4', '1009', ''); 
INSERT INTO `c_battle` VALUES('100', '2', '5', '1009', ''); 
INSERT INTO `c_battle` VALUES('101', '7', '6', '1009', ''); 
INSERT INTO `c_battle` VALUES('102', '2', '7', '1009', ''); 
INSERT INTO `c_battle` VALUES('103', '8', '8', '1009', ''); 
INSERT INTO `c_battle` VALUES('104', '1', '9', '1009', ''); 
INSERT INTO `c_battle` VALUES('105', '3', '10', '1009', ''); 
INSERT INTO `c_battle` VALUES('106', '7', '11', '1009', ''); 
INSERT INTO `c_battle` VALUES('107', '7', '0', '1010', ''); 
INSERT INTO `c_battle` VALUES('108', '3', '1', '1010', ''); 
INSERT INTO `c_battle` VALUES('109', '8', '2', '1010', ''); 
INSERT INTO `c_battle` VALUES('110', '2', '3', '1010', ''); 
INSERT INTO `c_battle` VALUES('111', '2', '4', '1010', ''); 
INSERT INTO `c_battle` VALUES('112', '2', '5', '1010', ''); 
INSERT INTO `c_battle` VALUES('113', '1', '6', '1010', ''); 
INSERT INTO `c_battle` VALUES('114', '7', '7', '1010', ''); 
INSERT INTO `c_battle` VALUES('115', '8', '8', '1010', ''); 
INSERT INTO `c_battle` VALUES('116', '2', '9', '1010', ''); 
INSERT INTO `c_battle` VALUES('117', '8', '10', '1010', ''); 
INSERT INTO `c_battle` VALUES('118', '2', '11', '1010', ''); 
INSERT INTO `c_battle` VALUES('119', '8', '12', '1010', ''); 
INSERT INTO `c_battle` VALUES('120', '7', '13', '1010', ''); 
INSERT INTO `c_battle` VALUES('121', '7', '0', '1011', ''); 
INSERT INTO `c_battle` VALUES('122', '7', '1', '1011', ''); 
INSERT INTO `c_battle` VALUES('123', '2', '2', '1011', ''); 
INSERT INTO `c_battle` VALUES('124', '1', '3', '1011', ''); 
INSERT INTO `c_battle` VALUES('125', '1', '4', '1011', ''); 
INSERT INTO `c_battle` VALUES('126', '8', '5', '1011', ''); 
INSERT INTO `c_battle` VALUES('127', '2', '6', '1011', ''); 
INSERT INTO `c_battle` VALUES('128', '3', '7', '1011', ''); 
INSERT INTO `c_battle` VALUES('129', '3', '8', '1011', ''); 
INSERT INTO `c_battle` VALUES('130', '7', '9', '1011', ''); 
INSERT INTO `c_battle` VALUES('131', '8', '0', '1012', ''); 
INSERT INTO `c_battle` VALUES('132', '3', '1', '1012', ''); 
INSERT INTO `c_battle` VALUES('133', '7', '2', '1012', ''); 
INSERT INTO `c_battle` VALUES('134', '3', '3', '1012', ''); 
INSERT INTO `c_battle` VALUES('135', '7', '4', '1012', ''); 
INSERT INTO `c_battle` VALUES('136', '8', '5', '1012', ''); 
INSERT INTO `c_battle` VALUES('137', '2', '6', '1012', ''); 
INSERT INTO `c_battle` VALUES('138', '3', '7', '1012', ''); 
INSERT INTO `c_battle` VALUES('139', '3', '0', '1013', ''); 
INSERT INTO `c_battle` VALUES('140', '3', '1', '1013', ''); 
INSERT INTO `c_battle` VALUES('141', '3', '2', '1013', ''); 
INSERT INTO `c_battle` VALUES('142', '1', '3', '1013', ''); 
INSERT INTO `c_battle` VALUES('143', '1', '4', '1013', ''); 
INSERT INTO `c_battle` VALUES('144', '2', '5', '1013', ''); 
INSERT INTO `c_battle` VALUES('145', '1', '6', '1013', ''); 
INSERT INTO `c_battle` VALUES('146', '2', '7', '1013', ''); 
INSERT INTO `c_battle` VALUES('147', '8', '8', '1013', ''); 
INSERT INTO `c_battle` VALUES('148', '2', '9', '1013', ''); 
INSERT INTO `c_battle` VALUES('149', '1', '10', '1013', ''); 
INSERT INTO `c_battle` VALUES('150', '2', '11', '1013', ''); 
INSERT INTO `c_battle` VALUES('151', '1', '12', '1013', ''); 
INSERT INTO `c_battle` VALUES('152', '8', '13', '1013', ''); 
INSERT INTO `c_battle` VALUES('153', '2', '14', '1013', ''); 
INSERT INTO `c_battle` VALUES('154', '7', '15', '1013', ''); 
INSERT INTO `c_battle` VALUES('155', '8', '0', '1014', ''); 
INSERT INTO `c_battle` VALUES('156', '7', '1', '1014', ''); 
INSERT INTO `c_battle` VALUES('157', '7', '2', '1014', ''); 
INSERT INTO `c_battle` VALUES('158', '3', '3', '1014', ''); 
INSERT INTO `c_battle` VALUES('159', '8', '4', '1014', ''); 
INSERT INTO `c_battle` VALUES('160', '8', '5', '1014', ''); 
INSERT INTO `c_battle` VALUES('161', '8', '6', '1014', ''); 
INSERT INTO `c_battle` VALUES('162', '3', '7', '1014', ''); 
INSERT INTO `c_battle` VALUES('163', '1', '8', '1014', ''); 
INSERT INTO `c_battle` VALUES('164', '7', '9', '1014', ''); 
INSERT INTO `c_battle` VALUES('165', '2', '0', '1015', ''); 
INSERT INTO `c_battle` VALUES('166', '8', '1', '1015', ''); 
INSERT INTO `c_battle` VALUES('167', '8', '2', '1015', ''); 
INSERT INTO `c_battle` VALUES('168', '7', '3', '1015', ''); 
INSERT INTO `c_battle` VALUES('169', '8', '4', '1015', ''); 
INSERT INTO `c_battle` VALUES('170', '8', '5', '1015', ''); 
INSERT INTO `c_battle` VALUES('171', '1', '6', '1015', ''); 
INSERT INTO `c_battle` VALUES('172', '1', '7', '1015', ''); 
INSERT INTO `c_battle` VALUES('173', '2', '8', '1015', ''); 
INSERT INTO `c_battle` VALUES('174', '1', '9', '1015', ''); 
INSERT INTO `c_battle` VALUES('175', '7', '10', '1015', ''); 
INSERT INTO `c_battle` VALUES('176', '3', '11', '1015', ''); 
INSERT INTO `c_battle` VALUES('177', '2', '12', '1015', ''); 
INSERT INTO `c_battle` VALUES('178', '8', '13', '1015', ''); 
INSERT INTO `c_battle` VALUES('179', '1', '14', '1015', ''); 
INSERT INTO `c_battle` VALUES('180', '1', '15', '1015', ''); 
INSERT INTO `c_battle` VALUES('181', '7', '16', '1015', ''); 
INSERT INTO `c_battle` VALUES('182', '2', '17', '1015', ''); 
INSERT INTO `c_battle` VALUES('183', '2', '0', '1016', ''); 
INSERT INTO `c_battle` VALUES('184', '3', '1', '1016', ''); 
INSERT INTO `c_battle` VALUES('185', '7', '2', '1016', ''); 
INSERT INTO `c_battle` VALUES('186', '7', '3', '1016', ''); 
INSERT INTO `c_battle` VALUES('187', '3', '4', '1016', ''); 
INSERT INTO `c_battle` VALUES('188', '2', '5', '1016', ''); 
INSERT INTO `c_battle` VALUES('189', '7', '6', '1016', ''); 
INSERT INTO `c_battle` VALUES('190', '7', '7', '1016', ''); 
INSERT INTO `c_battle` VALUES('191', '8', '8', '1016', ''); 
INSERT INTO `c_battle` VALUES('192', '7', '9', '1016', ''); 
INSERT INTO `c_battle` VALUES('193', '7', '10', '1016', ''); 
INSERT INTO `c_battle` VALUES('194', '1', '11', '1016', ''); 
INSERT INTO `c_battle` VALUES('195', '3', '12', '1016', ''); 
INSERT INTO `c_battle` VALUES('196', '2', '13', '1016', ''); 
INSERT INTO `c_battle` VALUES('197', '7', '0', '3', ''); 
INSERT INTO `c_battle` VALUES('198', '7', '1', '3', ''); 
INSERT INTO `c_battle` VALUES('199', '2', '2', '3', ''); 
INSERT INTO `c_battle` VALUES('200', '3', '3', '3', ''); 
INSERT INTO `c_battle` VALUES('201', '1', '4', '3', ''); 
INSERT INTO `c_battle` VALUES('202', '8', '5', '3', ''); 
INSERT INTO `c_battle` VALUES('203', '2', '6', '3', ''); 
INSERT INTO `c_battle` VALUES('204', '7', '7', '3', ''); 
INSERT INTO `c_battle` VALUES('205', '8', '8', '3', ''); 
INSERT INTO `c_battle` VALUES('206', '7', '9', '3', ''); 
INSERT INTO `c_battle` VALUES('207', '7', '10', '3', ''); 
INSERT INTO `c_battle` VALUES('208', '7', '11', '3', ''); 
INSERT INTO `c_battle` VALUES('209', '8', '12', '3', ''); 
INSERT INTO `c_battle` VALUES('210', '3', '13', '3', ''); 
INSERT INTO `c_battle` VALUES('211', '3', '14', '3', ''); 
INSERT INTO `c_battle` VALUES('212', '7', '15', '3', ''); 
INSERT INTO `c_battle` VALUES('213', '1', '16', '3', ''); 
INSERT INTO `c_battle` VALUES('214', '2', '17', '3', ''); 
INSERT INTO `c_battle_soldier` VALUES('1', '1', '1', '15028', '1', ''); 
INSERT INTO `c_battle_soldier` VALUES('2', '2', '1', '15015', '1', ''); 
INSERT INTO `c_battle_soldier` VALUES('3', '3', '1', '15036', '1', ''); 
INSERT INTO `c_battle_soldier` VALUES('4', '4', '1', '15007', '1', ''); 
INSERT INTO `c_battle_soldier` VALUES('5', '4', '3', '15013', '1', ''); 
INSERT INTO `c_battle_soldier` VALUES('6', '5', '0', '15023', '1', ''); 
INSERT INTO `c_battle_soldier` VALUES('7', '5', '2', '15002', '1', ''); 
INSERT INTO `c_battle_soldier` VALUES('8', '6', '1', '15004', '1', ''); 
INSERT INTO `c_battle_soldier` VALUES('9', '6', '3', '15033', '1', ''); 
INSERT INTO `c_battle_soldier` VALUES('10', '6', '5', '15025', '1', ''); 
INSERT INTO `c_battle_soldier` VALUES('11', '7', '1', '15001', '1', ''); 
INSERT INTO `c_battle_soldier` VALUES('12', '7', '3', '15035', '1', ''); 
INSERT INTO `c_battle_soldier` VALUES('13', '7', '4', '15027', '1', ''); 
INSERT INTO `c_battle_soldier` VALUES('14', '8', '0', '15009', '1', ''); 
INSERT INTO `c_battle_soldier` VALUES('15', '8', '1', '15028', '1', ''); 
INSERT INTO `c_battle_soldier` VALUES('16', '8', '2', '15017', '1', ''); 
INSERT INTO `c_battle_soldier` VALUES('17', '8', '4', '15001', '1', ''); 
INSERT INTO `c_battle_soldier` VALUES('18', '9', '0', '15010', '1', ''); 
INSERT INTO `c_battle_soldier` VALUES('19', '9', '1', '15031', '1', ''); 
INSERT INTO `c_battle_soldier` VALUES('20', '9', '2', '15024', '1', ''); 
INSERT INTO `c_battle_soldier` VALUES('21', '9', '4', '15008', '1', ''); 
INSERT INTO `c_battle_soldier` VALUES('22', '10', '0', '15036', '1', ''); 
INSERT INTO `c_battle_soldier` VALUES('23', '10', '2', '15029', '1', ''); 
INSERT INTO `c_battle_soldier` VALUES('24', '10', '4', '15010', '1', ''); 
INSERT INTO `c_battle_soldier` VALUES('25', '10', '6', '15002', '1', ''); 
INSERT INTO `c_battle_soldier` VALUES('26', '10', '8', '15016', '1', ''); 
INSERT INTO `c_battle_soldier` VALUES('27', '11', '0', '15025', '1', ''); 
INSERT INTO `c_battle_soldier` VALUES('28', '11', '1', '15018', '1', ''); 
INSERT INTO `c_battle_soldier` VALUES('29', '11', '2', '15007', '1', ''); 
INSERT INTO `c_battle_soldier` VALUES('30', '11', '4', '15007', '1', ''); 
INSERT INTO `c_battle_soldier` VALUES('31', '11', '7', '15019', '1', ''); 
INSERT INTO `c_battle_soldier` VALUES('32', '12', '1', '15035', '1', ''); 
INSERT INTO `c_battle_soldier` VALUES('33', '12', '3', '15030', '1', ''); 
INSERT INTO `c_battle_soldier` VALUES('34', '12', '5', '15035', '1', ''); 
INSERT INTO `c_battle_soldier` VALUES('35', '12', '6', '15035', '1', ''); 
INSERT INTO `c_battle_soldier` VALUES('36', '12', '8', '15019', '1', ''); 
INSERT INTO `c_battle_soldier` VALUES('37', '13', '1', '15002', '1', ''); 
INSERT INTO `c_battle_soldier` VALUES('38', '13', '3', '15010', '1', ''); 
INSERT INTO `c_battle_soldier` VALUES('39', '13', '4', '15012', '1', ''); 
INSERT INTO `c_battle_soldier` VALUES('40', '13', '5', '15018', '1', ''); 
INSERT INTO `c_battle_soldier` VALUES('41', '13', '7', '15022', '1', ''); 
INSERT INTO `c_battle_soldier` VALUES('42', '14', '2', '15017', '1', ''); 
INSERT INTO `c_battle_soldier` VALUES('43', '14', '3', '15010', '1', ''); 
INSERT INTO `c_battle_soldier` VALUES('44', '14', '4', '15001', '1', ''); 
INSERT INTO `c_battle_soldier` VALUES('45', '14', '5', '15021', '1', ''); 
INSERT INTO `c_battle_soldier` VALUES('46', '14', '6', '15010', '1', ''); 
INSERT INTO `c_battle_soldier` VALUES('47', '15', '2', '15028', '1', ''); 
INSERT INTO `c_battle_soldier` VALUES('48', '15', '3', '15003', '1', ''); 
INSERT INTO `c_battle_soldier` VALUES('49', '15', '4', '15036', '1', ''); 
INSERT INTO `c_battle_soldier` VALUES('50', '15', '5', '15018', '1', ''); 
INSERT INTO `c_battle_soldier` VALUES('51', '15', '6', '15005', '2', ''); 
INSERT INTO `c_battle_soldier` VALUES('52', '16', '1', '15019', '1', ''); 
INSERT INTO `c_battle_soldier` VALUES('53', '16', '3', '15034', '1', ''); 
INSERT INTO `c_battle_soldier` VALUES('54', '16', '5', '15032', '1', ''); 
INSERT INTO `c_battle_soldier` VALUES('55', '16', '6', '15006', '1', ''); 
INSERT INTO `c_battle_soldier` VALUES('56', '16', '8', '15024', '2', ''); 
INSERT INTO `c_battle_soldier` VALUES('57', '17', '0', '15028', '1', ''); 
INSERT INTO `c_battle_soldier` VALUES('58', '17', '2', '15033', '1', ''); 
INSERT INTO `c_battle_soldier` VALUES('59', '17', '4', '15010', '1', ''); 
INSERT INTO `c_battle_soldier` VALUES('60', '17', '6', '15015', '1', ''); 
INSERT INTO `c_battle_soldier` VALUES('61', '17', '8', '15002', '2', ''); 
INSERT INTO `c_battle_soldier` VALUES('62', '18', '0', '15013', '1', ''); 
INSERT INTO `c_battle_soldier` VALUES('63', '18', '1', '15020', '1', ''); 
INSERT INTO `c_battle_soldier` VALUES('64', '18', '2', '15005', '1', ''); 
INSERT INTO `c_battle_soldier` VALUES('65', '18', '4', '15029', '1', ''); 
INSERT INTO `c_battle_soldier` VALUES('66', '18', '7', '15025', '2', ''); 
INSERT INTO `c_battle_soldier` VALUES('67', '19', '1', '15011', '1', ''); 
INSERT INTO `c_battle_soldier` VALUES('68', '19', '3', '15017', '1', ''); 
INSERT INTO `c_battle_soldier` VALUES('69', '19', '4', '15028', '1', ''); 
INSERT INTO `c_battle_soldier` VALUES('70', '19', '5', '15028', '2', ''); 
INSERT INTO `c_battle_soldier` VALUES('71', '19', '7', '15027', '2', ''); 
INSERT INTO `c_battle_soldier` VALUES('72', '20', '0', '15003', '1', ''); 
INSERT INTO `c_battle_soldier` VALUES('73', '20', '1', '15003', '1', ''); 
INSERT INTO `c_battle_soldier` VALUES('74', '20', '2', '15035', '1', ''); 
INSERT INTO `c_battle_soldier` VALUES('75', '20', '4', '15017', '2', ''); 
INSERT INTO `c_battle_soldier` VALUES('76', '20', '7', '15031', '2', ''); 
INSERT INTO `c_battle_soldier` VALUES('77', '21', '2', '15024', '1', ''); 
INSERT INTO `c_battle_soldier` VALUES('78', '21', '3', '15002', '1', ''); 
INSERT INTO `c_battle_soldier` VALUES('79', '21', '4', '15006', '1', ''); 
INSERT INTO `c_battle_soldier` VALUES('80', '21', '5', '15025', '2', ''); 
INSERT INTO `c_battle_soldier` VALUES('81', '21', '6', '15001', '2', ''); 
INSERT INTO `c_battle_soldier` VALUES('82', '22', '2', '15019', '1', ''); 
INSERT INTO `c_battle_soldier` VALUES('83', '22', '3', '15029', '1', ''); 
INSERT INTO `c_battle_soldier` VALUES('84', '22', '4', '15021', '1', ''); 
INSERT INTO `c_battle_soldier` VALUES('85', '22', '5', '15036', '2', ''); 
INSERT INTO `c_battle_soldier` VALUES('86', '22', '6', '15032', '2', ''); 
INSERT INTO `c_battle_soldier` VALUES('87', '23', '1', '15003', '1', ''); 
INSERT INTO `c_battle_soldier` VALUES('88', '23', '3', '15020', '1', ''); 
INSERT INTO `c_battle_soldier` VALUES('89', '23', '4', '15033', '2', ''); 
INSERT INTO `c_battle_soldier` VALUES('90', '23', '5', '15035', '2', ''); 
INSERT INTO `c_battle_soldier` VALUES('91', '23', '7', '15019', '2', ''); 
INSERT INTO `c_battle_soldier` VALUES('92', '24', '2', '15024', '1', ''); 
INSERT INTO `c_battle_soldier` VALUES('93', '24', '3', '15030', '1', ''); 
INSERT INTO `c_battle_soldier` VALUES('94', '24', '4', '15008', '2', ''); 
INSERT INTO `c_battle_soldier` VALUES('95', '24', '5', '15002', '2', ''); 
INSERT INTO `c_battle_soldier` VALUES('96', '24', '6', '15001', '2', ''); 
INSERT INTO `c_battle_soldier` VALUES('97', '25', '2', '15012', '1', ''); 
INSERT INTO `c_battle_soldier` VALUES('98', '25', '3', '15031', '1', ''); 
INSERT INTO `c_battle_soldier` VALUES('99', '25', '4', '15019', '2', ''); 
INSERT INTO `c_battle_soldier` VALUES('100', '25', '5', '15002', '2', ''); 
INSERT INTO `c_battle_soldier` VALUES('101', '25', '6', '15029', '2', ''); 
INSERT INTO `c_battle_soldier` VALUES('102', '26', '1', '15034', '1', ''); 
INSERT INTO `c_battle_soldier` VALUES('103', '26', '3', '15005', '1', ''); 
INSERT INTO `c_battle_soldier` VALUES('104', '26', '5', '15016', '2', ''); 
INSERT INTO `c_battle_soldier` VALUES('105', '26', '6', '15036', '2', ''); 
INSERT INTO `c_battle_soldier` VALUES('106', '26', '8', '15015', '2', ''); 
INSERT INTO `c_battle_soldier` VALUES('107', '27', '0', '15034', '1', ''); 
INSERT INTO `c_battle_soldier` VALUES('108', '27', '1', '15020', '2', ''); 
INSERT INTO `c_battle_soldier` VALUES('109', '27', '2', '15036', '2', ''); 
INSERT INTO `c_battle_soldier` VALUES('110', '27', '4', '15002', '2', ''); 
INSERT INTO `c_battle_soldier` VALUES('111', '27', '7', '15013', '2', ''); 
INSERT INTO `c_battle_soldier` VALUES('112', '28', '1', '15014', '1', ''); 
INSERT INTO `c_battle_soldier` VALUES('113', '28', '3', '15010', '2', ''); 
INSERT INTO `c_battle_soldier` VALUES('114', '28', '5', '15003', '2', ''); 
INSERT INTO `c_battle_soldier` VALUES('115', '28', '6', '15029', '2', ''); 
INSERT INTO `c_battle_soldier` VALUES('116', '28', '8', '15014', '2', ''); 
INSERT INTO `c_battle_soldier` VALUES('117', '29', '2', '15010', '1', ''); 
INSERT INTO `c_battle_soldier` VALUES('118', '29', '3', '15012', '2', ''); 
INSERT INTO `c_battle_soldier` VALUES('119', '29', '4', '15025', '2', ''); 
INSERT INTO `c_battle_soldier` VALUES('120', '29', '5', '15023', '2', ''); 
INSERT INTO `c_battle_soldier` VALUES('121', '29', '6', '15030', '2', ''); 
INSERT INTO `c_battle_soldier` VALUES('122', '30', '2', '15018', '1', ''); 
INSERT INTO `c_battle_soldier` VALUES('123', '30', '3', '15016', '2', ''); 
INSERT INTO `c_battle_soldier` VALUES('124', '30', '4', '15010', '2', ''); 
INSERT INTO `c_battle_soldier` VALUES('125', '30', '5', '15001', '2', ''); 
INSERT INTO `c_battle_soldier` VALUES('126', '30', '6', '15032', '2', ''); 
INSERT INTO `c_battle_soldier` VALUES('127', '31', '0', '15005', '2', ''); 
INSERT INTO `c_battle_soldier` VALUES('128', '31', '1', '15018', '2', ''); 
INSERT INTO `c_battle_soldier` VALUES('129', '31', '2', '15008', '2', ''); 
INSERT INTO `c_battle_soldier` VALUES('130', '31', '4', '15007', '2', ''); 
INSERT INTO `c_battle_soldier` VALUES('131', '31', '7', '15014', '3', ''); 
INSERT INTO `c_battle_soldier` VALUES('132', '32', '0', '15017', '2', ''); 
INSERT INTO `c_battle_soldier` VALUES('133', '32', '2', '15014', '2', ''); 
INSERT INTO `c_battle_soldier` VALUES('134', '32', '4', '15025', '2', ''); 
INSERT INTO `c_battle_soldier` VALUES('135', '32', '6', '15034', '2', ''); 
INSERT INTO `c_battle_soldier` VALUES('136', '32', '8', '15020', '3', ''); 
INSERT INTO `c_battle_soldier` VALUES('137', '33', '2', '15028', '2', ''); 
INSERT INTO `c_battle_soldier` VALUES('138', '33', '3', '15035', '2', ''); 
INSERT INTO `c_battle_soldier` VALUES('139', '33', '4', '15002', '2', ''); 
INSERT INTO `c_battle_soldier` VALUES('140', '33', '5', '15017', '2', ''); 
INSERT INTO `c_battle_soldier` VALUES('141', '33', '6', '15009', '3', ''); 
INSERT INTO `c_battle_soldier` VALUES('142', '34', '1', '15017', '2', ''); 
INSERT INTO `c_battle_soldier` VALUES('143', '34', '3', '15008', '2', ''); 
INSERT INTO `c_battle_soldier` VALUES('144', '34', '5', '15030', '2', ''); 
INSERT INTO `c_battle_soldier` VALUES('145', '34', '6', '15030', '2', ''); 
INSERT INTO `c_battle_soldier` VALUES('146', '34', '8', '15020', '3', ''); 
INSERT INTO `c_battle_soldier` VALUES('147', '35', '1', '15019', '2', ''); 
INSERT INTO `c_battle_soldier` VALUES('148', '35', '3', '15001', '2', ''); 
INSERT INTO `c_battle_soldier` VALUES('149', '35', '4', '15006', '2', ''); 
INSERT INTO `c_battle_soldier` VALUES('150', '35', '5', '15022', '2', ''); 
INSERT INTO `c_battle_soldier` VALUES('151', '35', '7', '15012', '4', ''); 
INSERT INTO `c_battle_soldier` VALUES('152', '36', '1', '15027', '2', ''); 
INSERT INTO `c_battle_soldier` VALUES('153', '36', '3', '15012', '2', ''); 
INSERT INTO `c_battle_soldier` VALUES('154', '36', '5', '15012', '2', ''); 
INSERT INTO `c_battle_soldier` VALUES('155', '36', '6', '15004', '2', ''); 
INSERT INTO `c_battle_soldier` VALUES('156', '36', '8', '15033', '4', ''); 
INSERT INTO `c_battle_soldier` VALUES('157', '37', '0', '15010', '2', ''); 
INSERT INTO `c_battle_soldier` VALUES('158', '37', '1', '15016', '2', ''); 
INSERT INTO `c_battle_soldier` VALUES('159', '37', '2', '15013', '2', ''); 
INSERT INTO `c_battle_soldier` VALUES('160', '37', '4', '15031', '2', ''); 
INSERT INTO `c_battle_soldier` VALUES('161', '37', '7', '15034', '4', ''); 
INSERT INTO `c_battle_soldier` VALUES('162', '38', '1', '15023', '2', ''); 
INSERT INTO `c_battle_soldier` VALUES('163', '38', '3', '15027', '2', ''); 
INSERT INTO `c_battle_soldier` VALUES('164', '38', '4', '15028', '2', ''); 
INSERT INTO `c_battle_soldier` VALUES('165', '38', '5', '15005', '2', ''); 
INSERT INTO `c_battle_soldier` VALUES('166', '38', '7', '15022', '4', ''); 
INSERT INTO `c_battle_soldier` VALUES('167', '39', '1', '15003', '2', ''); 
INSERT INTO `c_battle_soldier` VALUES('168', '39', '3', '15013', '2', ''); 
INSERT INTO `c_battle_soldier` VALUES('169', '39', '4', '15019', '2', ''); 
INSERT INTO `c_battle_soldier` VALUES('170', '39', '5', '15006', '3', ''); 
INSERT INTO `c_battle_soldier` VALUES('171', '39', '7', '15036', '4', ''); 
INSERT INTO `c_battle_soldier` VALUES('172', '40', '2', '15019', '2', ''); 
INSERT INTO `c_battle_soldier` VALUES('173', '40', '3', '15010', '2', ''); 
INSERT INTO `c_battle_soldier` VALUES('174', '40', '4', '15034', '2', ''); 
INSERT INTO `c_battle_soldier` VALUES('175', '40', '5', '15021', '3', ''); 
INSERT INTO `c_battle_soldier` VALUES('176', '40', '6', '15029', '4', ''); 
INSERT INTO `c_battle_soldier` VALUES('177', '41', '0', '15021', '2', ''); 
INSERT INTO `c_battle_soldier` VALUES('178', '41', '1', '15026', '2', ''); 
INSERT INTO `c_battle_soldier` VALUES('179', '41', '2', '15031', '2', ''); 
INSERT INTO `c_battle_soldier` VALUES('180', '41', '4', '15019', '3', ''); 
INSERT INTO `c_battle_soldier` VALUES('181', '41', '7', '15031', '4', ''); 
INSERT INTO `c_battle_soldier` VALUES('182', '42', '1', '15003', '2', ''); 
INSERT INTO `c_battle_soldier` VALUES('183', '42', '3', '15004', '2', ''); 
INSERT INTO `c_battle_soldier` VALUES('184', '42', '5', '15012', '3', ''); 
INSERT INTO `c_battle_soldier` VALUES('185', '42', '6', '15009', '3', ''); 
INSERT INTO `c_battle_soldier` VALUES('186', '42', '8', '15026', '4', ''); 
INSERT INTO `c_award_type` VALUES('1', 'Gold'); 
INSERT INTO `c_award_type` VALUES('2', ' Exp'); 
INSERT INTO `c_award_type` VALUES('3', 'Item'); 
INSERT INTO `c_award_type` VALUES('4', 'Iron'); 
INSERT INTO `c_award_type` VALUES('5', 'Wood'); 
INSERT INTO `c_award` VALUES('1', '1', '1', '100'); 
INSERT INTO `c_award` VALUES('2', '1', '5', '10'); 
INSERT INTO `c_award` VALUES('3', '1', '4', '10'); 
INSERT INTO `c_award` VALUES('4', '2', '1', '100'); 
INSERT INTO `c_award` VALUES('5', '2', '5', '10'); 
INSERT INTO `c_award` VALUES('6', '2', '4', '10'); 
INSERT INTO `c_award` VALUES('7', '3', '1', '100'); 
INSERT INTO `c_award` VALUES('8', '3', '5', '10'); 
INSERT INTO `c_award` VALUES('9', '3', '4', '10'); 
INSERT INTO `c_award` VALUES('10', '4', '1', '100'); 
INSERT INTO `c_award` VALUES('11', '4', '5', '10'); 
INSERT INTO `c_award` VALUES('12', '4', '4', '10'); 
INSERT INTO `c_award` VALUES('13', '5', '1', '100'); 
INSERT INTO `c_award` VALUES('14', '5', '5', '10'); 
INSERT INTO `c_award` VALUES('15', '5', '4', '10'); 
INSERT INTO `c_award` VALUES('16', '6', '1', '100'); 
INSERT INTO `c_award` VALUES('17', '6', '5', '10'); 
INSERT INTO `c_award` VALUES('18', '6', '4', '10'); 
INSERT INTO `c_award` VALUES('19', '7', '1', '100'); 
INSERT INTO `c_award` VALUES('20', '7', '5', '10'); 
INSERT INTO `c_award` VALUES('21', '7', '4', '10'); 
INSERT INTO `c_award` VALUES('22', '8', '1', '100'); 
INSERT INTO `c_award` VALUES('23', '8', '5', '10'); 
INSERT INTO `c_award` VALUES('24', '8', '4', '10'); 
INSERT INTO `c_award` VALUES('25', '9', '1', '100'); 
INSERT INTO `c_award` VALUES('26', '9', '5', '10'); 
INSERT INTO `c_award` VALUES('27', '9', '4', '10'); 
INSERT INTO `c_award` VALUES('28', '10', '1', '100'); 
INSERT INTO `c_award` VALUES('29', '10', '5', '10'); 
INSERT INTO `c_award` VALUES('30', '10', '4', '10'); 
INSERT INTO `c_award` VALUES('31', '11', '1', '100'); 
INSERT INTO `c_award` VALUES('32', '11', '5', '10'); 
INSERT INTO `c_award` VALUES('33', '11', '4', '10'); 
INSERT INTO `c_award` VALUES('34', '12', '1', '100'); 
INSERT INTO `c_award` VALUES('35', '12', '5', '10'); 
INSERT INTO `c_award` VALUES('36', '12', '4', '10'); 
INSERT INTO `c_award` VALUES('37', '13', '1', '100'); 
INSERT INTO `c_award` VALUES('38', '13', '5', '10'); 
INSERT INTO `c_award` VALUES('39', '13', '4', '10'); 
INSERT INTO `c_award` VALUES('40', '14', '1', '100'); 
INSERT INTO `c_award` VALUES('41', '14', '5', '10'); 
INSERT INTO `c_award` VALUES('42', '14', '4', '10'); 
INSERT INTO `c_award` VALUES('43', '15', '1', '100'); 
INSERT INTO `c_award` VALUES('44', '15', '5', '10'); 
INSERT INTO `c_award` VALUES('45', '15', '4', '10'); 
INSERT INTO `c_award` VALUES('46', '16', '1', '100'); 
INSERT INTO `c_award` VALUES('47', '16', '5', '10'); 
INSERT INTO `c_award` VALUES('48', '16', '4', '10'); 
INSERT INTO `c_award` VALUES('49', '17', '1', '100'); 
INSERT INTO `c_award` VALUES('50', '17', '5', '10'); 
INSERT INTO `c_award` VALUES('51', '17', '4', '10'); 
INSERT INTO `c_award` VALUES('52', '18', '1', '100'); 
INSERT INTO `c_award` VALUES('53', '18', '5', '10'); 
INSERT INTO `c_award` VALUES('54', '18', '4', '10'); 
INSERT INTO `c_award` VALUES('55', '19', '1', '100'); 
INSERT INTO `c_award` VALUES('56', '19', '5', '10'); 
INSERT INTO `c_award` VALUES('57', '19', '4', '10'); 
INSERT INTO `c_award` VALUES('58', '20', '1', '100'); 
INSERT INTO `c_award` VALUES('59', '20', '5', '10'); 
INSERT INTO `c_award` VALUES('60', '20', '4', '10'); 
INSERT INTO `c_award` VALUES('61', '21', '1', '100'); 
INSERT INTO `c_award` VALUES('62', '21', '5', '10'); 
INSERT INTO `c_award` VALUES('63', '21', '4', '10'); 
INSERT INTO `c_award` VALUES('64', '22', '1', '100'); 
INSERT INTO `c_award` VALUES('65', '22', '5', '10'); 
INSERT INTO `c_award` VALUES('66', '22', '4', '10'); 
INSERT INTO `c_award` VALUES('67', '23', '1', '100'); 
INSERT INTO `c_award` VALUES('68', '23', '5', '10'); 
INSERT INTO `c_award` VALUES('69', '23', '4', '10'); 
INSERT INTO `c_award` VALUES('70', '24', '1', '100'); 
INSERT INTO `c_award` VALUES('71', '24', '5', '10'); 
INSERT INTO `c_award` VALUES('72', '24', '4', '10'); 
INSERT INTO `c_award` VALUES('73', '25', '1', '100'); 
INSERT INTO `c_award` VALUES('74', '25', '5', '10'); 
INSERT INTO `c_award` VALUES('75', '25', '4', '10'); 
INSERT INTO `c_award` VALUES('76', '26', '1', '100'); 
INSERT INTO `c_award` VALUES('77', '26', '5', '10'); 
INSERT INTO `c_award` VALUES('78', '26', '4', '10'); 
INSERT INTO `c_award` VALUES('79', '27', '1', '100'); 
INSERT INTO `c_award` VALUES('80', '27', '5', '10'); 
INSERT INTO `c_award` VALUES('81', '27', '4', '10'); 
INSERT INTO `c_award` VALUES('82', '28', '1', '100'); 
INSERT INTO `c_award` VALUES('83', '28', '5', '10'); 
INSERT INTO `c_award` VALUES('84', '28', '4', '10'); 
INSERT INTO `c_award` VALUES('85', '29', '1', '100'); 
INSERT INTO `c_award` VALUES('86', '29', '5', '10'); 
INSERT INTO `c_award` VALUES('87', '29', '4', '10'); 
INSERT INTO `c_award` VALUES('88', '30', '1', '100'); 
INSERT INTO `c_award` VALUES('89', '30', '5', '10'); 
INSERT INTO `c_award` VALUES('90', '30', '4', '10'); 
INSERT INTO `c_award` VALUES('91', '31', '1', '100'); 
INSERT INTO `c_award` VALUES('92', '31', '5', '10'); 
INSERT INTO `c_award` VALUES('93', '31', '4', '10'); 
INSERT INTO `c_award` VALUES('94', '32', '1', '100'); 
INSERT INTO `c_award` VALUES('95', '32', '5', '10'); 
INSERT INTO `c_award` VALUES('96', '32', '4', '10'); 
INSERT INTO `c_award` VALUES('97', '33', '1', '100'); 
INSERT INTO `c_award` VALUES('98', '33', '5', '10'); 
INSERT INTO `c_award` VALUES('99', '33', '4', '10'); 
INSERT INTO `c_award` VALUES('100', '34', '1', '100'); 
INSERT INTO `c_award` VALUES('101', '34', '5', '10'); 
INSERT INTO `c_award` VALUES('102', '34', '4', '10'); 
INSERT INTO `c_award` VALUES('103', '35', '1', '100'); 
INSERT INTO `c_award` VALUES('104', '35', '5', '10'); 
INSERT INTO `c_award` VALUES('105', '35', '4', '10'); 
INSERT INTO `c_award` VALUES('106', '36', '1', '100'); 
INSERT INTO `c_award` VALUES('107', '36', '5', '10'); 
INSERT INTO `c_award` VALUES('108', '36', '4', '10'); 
INSERT INTO `c_award` VALUES('109', '37', '1', '100'); 
INSERT INTO `c_award` VALUES('110', '37', '5', '10'); 
INSERT INTO `c_award` VALUES('111', '37', '4', '10'); 
INSERT INTO `c_award` VALUES('112', '38', '1', '100'); 
INSERT INTO `c_award` VALUES('113', '38', '5', '10'); 
INSERT INTO `c_award` VALUES('114', '38', '4', '10'); 
INSERT INTO `c_award` VALUES('115', '39', '1', '100'); 
INSERT INTO `c_award` VALUES('116', '39', '5', '10'); 
INSERT INTO `c_award` VALUES('117', '39', '4', '10'); 
INSERT INTO `c_award` VALUES('118', '40', '1', '100'); 
INSERT INTO `c_award` VALUES('119', '40', '5', '10'); 
INSERT INTO `c_award` VALUES('120', '40', '4', '10'); 
INSERT INTO `c_award` VALUES('121', '41', '1', '100'); 
INSERT INTO `c_award` VALUES('122', '41', '5', '10'); 
INSERT INTO `c_award` VALUES('123', '41', '4', '10'); 
INSERT INTO `c_award` VALUES('124', '42', '1', '100'); 
INSERT INTO `c_award` VALUES('125', '42', '5', '10'); 
INSERT INTO `c_award` VALUES('126', '42', '4', '10'); 
