DELETE FROM `c_award` WHERE 1;
 ALTER TABLE c_award AUTO_INCREMENT=1; 
DELETE FROM `c_award_type` WHERE 1;
 ALTER TABLE c_award_type AUTO_INCREMENT=1; 
DELETE FROM `c_battle_soldier` WHERE 1;
 ALTER TABLE c_battle_soldier AUTO_INCREMENT=1; 
DELETE FROM `c_battle` WHERE 1;
 ALTER TABLE c_battle AUTO_INCREMENT=1;
 DELETE FROM `c_layout` WHERE 1;
 ALTER TABLE c_layout AUTO_INCREMENT=1; 
DELETE FROM `c_soldier` WHERE 1;
 ALTER TABLE c_soldier AUTO_INCREMENT=1; 
DELETE FROM `c_nextcamp` WHERE 1;
 ALTER TABLE c_nextcamp AUTO_INCREMENT=1; 
DELETE FROM `c_campaign` WHERE 1;
 ALTER TABLE c_campaign AUTO_INCREMENT=1; 
DELETE FROM `c_typemap` WHERE 1;
 ALTER TABLE c_typemap AUTO_INCREMENT=1; 
DELETE FROM `c_worldmap` WHERE 1;
 ALTER TABLE c_worldmap AUTO_INCREMENT=1;
 INSERT INTO `c_worldmap` VALUES('1', 'worldmap1'); 
INSERT INTO `c_worldmap` VALUES('2', 'worldmap2'); 
INSERT INTO `c_typemap` VALUES('1', 'Barrack'); 
INSERT INTO `c_typemap` VALUES('2', 'Map'); 
INSERT INTO `c_campaign` VALUES('1', 'MAP_1', '', '', '', ''); 
INSERT INTO `c_campaign` VALUES('2', 'MAP_2', '', '', '', ''); 
INSERT INTO `c_campaign` VALUES('1001', 'BARRACK_1', '', '', '', ''); 
INSERT INTO `c_campaign` VALUES('1002', 'BARRACK_2', '', '', '', ''); 
INSERT INTO `c_campaign` VALUES('1003', 'BARRACK_3', '', '', '', ''); 
INSERT INTO `c_campaign` VALUES('1004', 'BARRACK_4', '', '', '', ''); 
INSERT INTO `c_campaign` VALUES('1005', 'BARRACK_5', '', '', '', ''); 
INSERT INTO `c_campaign` VALUES('1006', 'BARRACK_6', '', '', '', ''); 
INSERT INTO `c_campaign` VALUES('1007', 'BARRACK_7', '', '', '', ''); 
INSERT INTO `c_campaign` VALUES('1008', 'BARRACK_8', '', '', '', ''); 
INSERT INTO `c_soldier` VALUES('15001', 'Công b?', '', 'SOLDIER_ENEMY_NORMAL_1'); 
INSERT INTO `c_soldier` VALUES('15002', 'Thi?t b?', '', 'SOLDIER_ENEMY_NORMAL_2'); 
INSERT INTO `c_soldier` VALUES('15003', 'Th? b?', '', 'SOLDIER_ENEMY_NORMAL_3'); 
INSERT INTO `c_soldier` VALUES('15004', 'Ng?u b?', '', 'SOLDIER_ENEMY_NORMAL_4'); 
INSERT INTO `c_soldier` VALUES('15005', 'Th?ch b?', '', 'SOLDIER_ENEMY_NORMAL_5'); 
INSERT INTO `c_soldier` VALUES('15006', 'Sát b?', '', 'SOLDIER_ENEMY_NORMAL_6'); 
INSERT INTO `c_soldier` VALUES('15007', 'Di b?', '', 'SOLDIER_ENEMY_NORMAL_7'); 
INSERT INTO `c_soldier` VALUES('15008', 'T?n b?', '', 'SOLDIER_ENEMY_NORMAL_8'); 
INSERT INTO `c_soldier` VALUES('15009', 'Trung b?', '', 'SOLDIER_ENEMY_NORMAL_9'); 
INSERT INTO `c_soldier` VALUES('15010', 'Hoành b?', '', 'SOLDIER_ENEMY_ROW_1'); 
INSERT INTO `c_soldier` VALUES('15011', 'Tung b?', '', 'SOLDIER_ENEMY_COL_1'); 
INSERT INTO `c_soldier` VALUES('15012', 'Toàn b?', '', 'SOLDIER_ENEMY_ALL_1'); 
INSERT INTO `c_soldier` VALUES('15013', 'Công k?', '', 'SOLDIER_ENEMY_NORMAL_10'); 
INSERT INTO `c_soldier` VALUES('15014', 'Thi?t k?', '', 'SOLDIER_ENEMY_NORMAL_11'); 
INSERT INTO `c_soldier` VALUES('15015', 'Th? k?', '', 'SOLDIER_ENEMY_NORMAL_12'); 
INSERT INTO `c_soldier` VALUES('15016', 'Ng?u k?', '', 'SOLDIER_ENEMY_NORMAL_13'); 
INSERT INTO `c_soldier` VALUES('15017', 'Th?ch k?', '', 'SOLDIER_ENEMY_NORMAL_14'); 
INSERT INTO `c_soldier` VALUES('15018', 'Sát k?', '', 'SOLDIER_ENEMY_NORMAL_15'); 
INSERT INTO `c_soldier` VALUES('15019', 'Di k?', '', 'SOLDIER_ENEMY_NORMAL_16'); 
INSERT INTO `c_soldier` VALUES('15020', 'T?n k?', '', 'SOLDIER_ENEMY_NORMAL_17'); 
INSERT INTO `c_soldier` VALUES('15021', 'Trung k?', '', 'SOLDIER_ENEMY_NORMAL_18'); 
INSERT INTO `c_soldier` VALUES('15022', 'Hoành k?', '', 'SOLDIER_ENEMY_ROW_2'); 
INSERT INTO `c_soldier` VALUES('15023', 'Tung k?', '', 'SOLDIER_ENEMY_COL_2'); 
INSERT INTO `c_soldier` VALUES('15024', 'Toàn k?', '', 'SOLDIER_ENEMY_ALL_2'); 
INSERT INTO `c_soldier` VALUES('15025', 'Công pháo', '', 'SOLDIER_ENEMY_NORMAL_19'); 
INSERT INTO `c_soldier` VALUES('15026', 'Thi?t pháo', '', 'SOLDIER_ENEMY_NORMAL_20'); 
INSERT INTO `c_soldier` VALUES('15027', 'Th? pháo', '', 'SOLDIER_ENEMY_NORMAL_21'); 
INSERT INTO `c_soldier` VALUES('15028', 'Ng?u pháo', '', 'SOLDIER_ENEMY_NORMAL_22'); 
INSERT INTO `c_soldier` VALUES('15029', 'Th?ch pháo', '', 'SOLDIER_ENEMY_NORMAL_23'); 
INSERT INTO `c_soldier` VALUES('15030', 'Sát pháo', '', 'SOLDIER_ENEMY_NORMAL_24'); 
INSERT INTO `c_soldier` VALUES('15031', 'Di pháo', '', 'SOLDIER_ENEMY_NORMAL_25'); 
INSERT INTO `c_soldier` VALUES('15032', 'T?n pháo', '', 'SOLDIER_ENEMY_NORMAL_26'); 
INSERT INTO `c_soldier` VALUES('15033', 'Trung pháo', '', 'SOLDIER_ENEMY_NORMAL_27'); 
INSERT INTO `c_soldier` VALUES('15034', 'Hoành pháo', '', 'SOLDIER_ENEMY_ROW_3'); 
INSERT INTO `c_soldier` VALUES('15035', 'Tung pháo', '', 'SOLDIER_ENEMY_COL_3'); 
INSERT INTO `c_soldier` VALUES('15036', 'Toàn pháo', '', 'SOLDIER_ENEMY_ALL_3'); 
INSERT INTO `c_layout` VALUES('1', 'T', '[1,1,1,0,1,0,0,1,0]', ''); 
INSERT INTO `c_layout` VALUES('2', '+', '[0,1,0,1,1,1,0,1,0]', ''); 
INSERT INTO `c_layout` VALUES('3', 'X', '[1,0,1,0,1,0,1,0,1]', ''); 
INSERT INTO `c_layout` VALUES('7', 'V', '[0,1,0,1,0,1,1,0,1]', ''); 
INSERT INTO `c_layout` VALUES('8', 'Z', '[0,0,1,1,1,1,1,0,0]', ''); 
INSERT INTO `c_battle` VALUES('1', '1', '0', '1001', ''); 
INSERT INTO `c_battle` VALUES('2', '1', '1', '1001', ''); 
INSERT INTO `c_battle` VALUES('3', '1', '2', '1001', ''); 
INSERT INTO `c_battle` VALUES('4', '8', '3', '1001', ''); 
INSERT INTO `c_battle` VALUES('5', '8', '4', '1001', ''); 
INSERT INTO `c_battle` VALUES('6', '2', '5', '1001', ''); 
INSERT INTO `c_battle` VALUES('7', '2', '6', '1001', ''); 
INSERT INTO `c_battle` VALUES('8', '8', '7', '1001', ''); 
INSERT INTO `c_battle` VALUES('9', '8', '8', '1001', ''); 
INSERT INTO `c_battle` VALUES('10', '1', '0', '1002', ''); 
INSERT INTO `c_battle` VALUES('11', '3', '1', '1002', ''); 
INSERT INTO `c_battle` VALUES('12', '7', '2', '1002', ''); 
INSERT INTO `c_battle` VALUES('13', '8', '3', '1002', ''); 
INSERT INTO `c_battle` VALUES('14', '8', '4', '1002', ''); 
INSERT INTO `c_battle` VALUES('15', '1', '5', '1002', ''); 
INSERT INTO `c_battle` VALUES('16', '8', '6', '1002', ''); 
INSERT INTO `c_battle` VALUES('17', '1', '7', '1002', ''); 
INSERT INTO `c_battle` VALUES('18', '8', '8', '1002', ''); 
INSERT INTO `c_battle` VALUES('19', '2', '0', '1003', ''); 
INSERT INTO `c_battle` VALUES('20', '3', '1', '1003', ''); 
INSERT INTO `c_battle` VALUES('21', '8', '2', '1003', ''); 
INSERT INTO `c_battle` VALUES('22', '8', '3', '1003', ''); 
INSERT INTO `c_battle` VALUES('23', '8', '4', '1003', ''); 
INSERT INTO `c_battle` VALUES('24', '2', '5', '1003', ''); 
INSERT INTO `c_battle` VALUES('25', '2', '6', '1003', ''); 
INSERT INTO `c_battle` VALUES('26', '1', '7', '1003', ''); 
INSERT INTO `c_battle` VALUES('27', '3', '8', '1003', ''); 
INSERT INTO `c_battle` VALUES('28', '8', '9', '1003', ''); 
INSERT INTO `c_battle` VALUES('29', '2', '10', '1003', ''); 
INSERT INTO `c_battle` VALUES('30', '7', '11', '1003', ''); 
INSERT INTO `c_battle` VALUES('31', '7', '0', '1004', ''); 
INSERT INTO `c_battle` VALUES('32', '8', '1', '1004', ''); 
INSERT INTO `c_battle` VALUES('33', '3', '2', '1004', ''); 
INSERT INTO `c_battle` VALUES('34', '3', '3', '1004', ''); 
INSERT INTO `c_battle` VALUES('35', '3', '4', '1004', ''); 
INSERT INTO `c_battle` VALUES('36', '7', '5', '1004', ''); 
INSERT INTO `c_battle` VALUES('37', '2', '6', '1004', ''); 
INSERT INTO `c_battle` VALUES('38', '3', '7', '1004', ''); 
INSERT INTO `c_battle` VALUES('39', '1', '8', '1004', ''); 
INSERT INTO `c_battle` VALUES('40', '1', '9', '1004', ''); 
INSERT INTO `c_battle` VALUES('41', '2', '10', '1004', ''); 
INSERT INTO `c_battle` VALUES('42', '8', '0', '1005', ''); 
INSERT INTO `c_battle` VALUES('43', '7', '1', '1005', ''); 
INSERT INTO `c_battle` VALUES('44', '3', '2', '1005', ''); 
INSERT INTO `c_battle` VALUES('45', '3', '3', '1005', ''); 
INSERT INTO `c_battle` VALUES('46', '8', '4', '1005', ''); 
INSERT INTO `c_battle` VALUES('47', '7', '5', '1005', ''); 
INSERT INTO `c_battle` VALUES('48', '8', '6', '1005', ''); 
INSERT INTO `c_battle` VALUES('49', '3', '7', '1005', ''); 
INSERT INTO `c_battle` VALUES('50', '8', '8', '1005', ''); 
INSERT INTO `c_battle` VALUES('51', '2', '9', '1005', ''); 
INSERT INTO `c_battle` VALUES('52', '7', '10', '1005', ''); 
INSERT INTO `c_battle` VALUES('53', '3', '11', '1005', ''); 
INSERT INTO `c_battle` VALUES('54', '8', '0', '1006', ''); 
INSERT INTO `c_battle` VALUES('55', '2', '1', '1006', ''); 
INSERT INTO `c_battle` VALUES('56', '7', '2', '1006', ''); 
INSERT INTO `c_battle` VALUES('57', '2', '3', '1006', ''); 
INSERT INTO `c_battle` VALUES('58', '1', '4', '1006', ''); 
INSERT INTO `c_battle` VALUES('59', '7', '5', '1006', ''); 
INSERT INTO `c_battle` VALUES('60', '2', '6', '1006', ''); 
INSERT INTO `c_battle` VALUES('61', '3', '7', '1006', ''); 
INSERT INTO `c_battle` VALUES('62', '2', '8', '1006', ''); 
INSERT INTO `c_battle` VALUES('63', '7', '9', '1006', ''); 
INSERT INTO `c_battle` VALUES('64', '2', '10', '1006', ''); 
INSERT INTO `c_battle` VALUES('65', '8', '11', '1006', ''); 
INSERT INTO `c_battle` VALUES('66', '2', '12', '1006', ''); 
INSERT INTO `c_battle` VALUES('67', '8', '13', '1006', ''); 
INSERT INTO `c_battle` VALUES('68', '1', '14', '1006', ''); 
INSERT INTO `c_battle` VALUES('69', '1', '0', '1007', ''); 
INSERT INTO `c_battle` VALUES('70', '3', '1', '1007', ''); 
INSERT INTO `c_battle` VALUES('71', '8', '2', '1007', ''); 
INSERT INTO `c_battle` VALUES('72', '1', '3', '1007', ''); 
INSERT INTO `c_battle` VALUES('73', '8', '4', '1007', ''); 
INSERT INTO `c_battle` VALUES('74', '1', '5', '1007', ''); 
INSERT INTO `c_battle` VALUES('75', '2', '6', '1007', ''); 
INSERT INTO `c_battle` VALUES('76', '7', '7', '1007', ''); 
INSERT INTO `c_battle` VALUES('77', '2', '0', '1008', ''); 
INSERT INTO `c_battle` VALUES('78', '8', '1', '1008', ''); 
INSERT INTO `c_battle` VALUES('79', '3', '2', '1008', ''); 
INSERT INTO `c_battle` VALUES('80', '7', '3', '1008', ''); 
INSERT INTO `c_battle` VALUES('81', '2', '4', '1008', ''); 
INSERT INTO `c_battle` VALUES('82', '3', '5', '1008', ''); 
INSERT INTO `c_battle` VALUES('83', '1', '6', '1008', ''); 
INSERT INTO `c_battle` VALUES('84', '8', '7', '1008', ''); 
INSERT INTO `c_battle` VALUES('85', '8', '8', '1008', ''); 
INSERT INTO `c_battle` VALUES('86', '7', '9', '1008', ''); 
INSERT INTO `c_battle` VALUES('87', '1', '0', '2', ''); 
INSERT INTO `c_battle` VALUES('88', '1', '1', '2', ''); 
INSERT INTO `c_battle` VALUES('89', '7', '2', '2', ''); 
INSERT INTO `c_battle` VALUES('90', '8', '3', '2', ''); 
INSERT INTO `c_battle` VALUES('91', '8', '4', '2', ''); 
INSERT INTO `c_battle` VALUES('92', '8', '5', '2', ''); 
INSERT INTO `c_battle` VALUES('93', '2', '6', '2', ''); 
INSERT INTO `c_battle` VALUES('94', '2', '7', '2', ''); 
INSERT INTO `c_battle_soldier` VALUES('1', '1', '0', '15036', '1', ''); 
INSERT INTO `c_battle_soldier` VALUES('2', '2', '0', '15025', '1', ''); 
INSERT INTO `c_battle_soldier` VALUES('3', '3', '1', '15019', '1', ''); 
INSERT INTO `c_battle_soldier` VALUES('4', '4', '2', '15030', '1', ''); 
INSERT INTO `c_battle_soldier` VALUES('5', '4', '3', '15005', '1', ''); 
INSERT INTO `c_battle_soldier` VALUES('6', '5', '2', '15005', '1', ''); 
INSERT INTO `c_battle_soldier` VALUES('7', '5', '3', '15011', '1', ''); 
INSERT INTO `c_battle_soldier` VALUES('8', '6', '1', '15005', '1', ''); 
INSERT INTO `c_battle_soldier` VALUES('9', '6', '3', '15007', '1', ''); 
INSERT INTO `c_battle_soldier` VALUES('10', '6', '4', '15004', '1', ''); 
INSERT INTO `c_battle_soldier` VALUES('11', '7', '1', '15023', '1', ''); 
INSERT INTO `c_battle_soldier` VALUES('12', '7', '3', '15008', '1', ''); 
INSERT INTO `c_battle_soldier` VALUES('13', '7', '4', '15019', '1', ''); 
INSERT INTO `c_battle_soldier` VALUES('14', '8', '2', '15005', '1', ''); 
INSERT INTO `c_battle_soldier` VALUES('15', '8', '3', '15035', '1', ''); 
INSERT INTO `c_battle_soldier` VALUES('16', '8', '4', '15031', '1', ''); 
INSERT INTO `c_battle_soldier` VALUES('17', '8', '5', '15030', '1', ''); 
INSERT INTO `c_battle_soldier` VALUES('18', '9', '2', '15023', '1', ''); 
INSERT INTO `c_battle_soldier` VALUES('19', '9', '3', '15024', '1', ''); 
INSERT INTO `c_battle_soldier` VALUES('20', '9', '4', '15006', '1', ''); 
INSERT INTO `c_battle_soldier` VALUES('21', '9', '5', '15030', '1', ''); 
INSERT INTO `c_battle_soldier` VALUES('22', '10', '0', '15022', '1', ''); 
INSERT INTO `c_battle_soldier` VALUES('23', '10', '1', '15020', '1', ''); 
INSERT INTO `c_battle_soldier` VALUES('24', '10', '2', '15021', '1', ''); 
INSERT INTO `c_battle_soldier` VALUES('25', '10', '4', '15023', '1', ''); 
INSERT INTO `c_battle_soldier` VALUES('26', '10', '7', '15014', '1', ''); 
INSERT INTO `c_battle_soldier` VALUES('27', '11', '0', '15034', '1', ''); 
INSERT INTO `c_battle_soldier` VALUES('28', '11', '2', '15036', '1', ''); 
INSERT INTO `c_battle_soldier` VALUES('29', '11', '4', '15006', '1', ''); 
INSERT INTO `c_battle_soldier` VALUES('30', '11', '6', '15018', '1', ''); 
INSERT INTO `c_battle_soldier` VALUES('31', '11', '8', '15024', '1', ''); 
INSERT INTO `c_battle_soldier` VALUES('32', '12', '1', '15035', '1', ''); 
INSERT INTO `c_battle_soldier` VALUES('33', '12', '3', '15033', '1', ''); 
INSERT INTO `c_battle_soldier` VALUES('34', '12', '5', '15021', '1', ''); 
INSERT INTO `c_battle_soldier` VALUES('35', '12', '6', '15015', '1', ''); 
INSERT INTO `c_battle_soldier` VALUES('36', '12', '8', '15017', '1', ''); 
INSERT INTO `c_battle_soldier` VALUES('37', '13', '2', '15009', '1', ''); 
INSERT INTO `c_battle_soldier` VALUES('38', '13', '3', '15022', '1', ''); 
INSERT INTO `c_battle_soldier` VALUES('39', '13', '4', '15023', '1', ''); 
INSERT INTO `c_battle_soldier` VALUES('40', '13', '5', '15016', '1', ''); 
INSERT INTO `c_battle_soldier` VALUES('41', '13', '6', '15018', '1', ''); 
INSERT INTO `c_battle_soldier` VALUES('42', '14', '2', '15024', '1', ''); 
INSERT INTO `c_battle_soldier` VALUES('43', '14', '3', '15011', '1', ''); 
INSERT INTO `c_battle_soldier` VALUES('44', '14', '4', '15030', '1', ''); 
INSERT INTO `c_battle_soldier` VALUES('45', '14', '5', '15006', '1', ''); 
INSERT INTO `c_battle_soldier` VALUES('46', '14', '6', '15004', '1', ''); 
INSERT INTO `c_battle_soldier` VALUES('47', '15', '0', '15035', '1', ''); 
INSERT INTO `c_battle_soldier` VALUES('48', '15', '1', '15031', '1', ''); 
INSERT INTO `c_battle_soldier` VALUES('49', '15', '2', '15030', '1', ''); 
INSERT INTO `c_battle_soldier` VALUES('50', '15', '4', '15033', '1', ''); 
INSERT INTO `c_battle_soldier` VALUES('51', '15', '7', '15028', '2', ''); 
INSERT INTO `c_battle_soldier` VALUES('52', '16', '2', '15023', '1', ''); 
INSERT INTO `c_battle_soldier` VALUES('53', '16', '3', '15017', '1', ''); 
INSERT INTO `c_battle_soldier` VALUES('54', '16', '4', '15030', '1', ''); 
INSERT INTO `c_battle_soldier` VALUES('55', '16', '5', '15020', '1', ''); 
INSERT INTO `c_battle_soldier` VALUES('56', '16', '6', '15009', '2', ''); 
INSERT INTO `c_battle_soldier` VALUES('57', '17', '0', '15034', '1', ''); 
INSERT INTO `c_battle_soldier` VALUES('58', '17', '1', '15027', '1', ''); 
INSERT INTO `c_battle_soldier` VALUES('59', '17', '2', '15031', '1', ''); 
INSERT INTO `c_battle_soldier` VALUES('60', '17', '4', '15003', '1', ''); 
INSERT INTO `c_battle_soldier` VALUES('61', '17', '7', '15008', '2', ''); 
INSERT INTO `c_battle_soldier` VALUES('62', '18', '2', '15014', '1', ''); 
INSERT INTO `c_battle_soldier` VALUES('63', '18', '3', '15027', '1', ''); 
INSERT INTO `c_battle_soldier` VALUES('64', '18', '4', '15008', '1', ''); 
INSERT INTO `c_battle_soldier` VALUES('65', '18', '5', '15015', '1', ''); 
INSERT INTO `c_battle_soldier` VALUES('66', '18', '6', '15003', '2', ''); 
INSERT INTO `c_battle_soldier` VALUES('67', '19', '1', '15003', '1', ''); 
INSERT INTO `c_battle_soldier` VALUES('68', '19', '3', '15001', '1', ''); 
INSERT INTO `c_battle_soldier` VALUES('69', '19', '4', '15008', '1', ''); 
INSERT INTO `c_battle_soldier` VALUES('70', '19', '5', '15026', '2', ''); 
INSERT INTO `c_battle_soldier` VALUES('71', '19', '7', '15022', '2', ''); 
INSERT INTO `c_battle_soldier` VALUES('72', '20', '0', '15019', '1', ''); 
INSERT INTO `c_battle_soldier` VALUES('73', '20', '2', '15015', '1', ''); 
INSERT INTO `c_battle_soldier` VALUES('74', '20', '4', '15019', '1', ''); 
INSERT INTO `c_battle_soldier` VALUES('75', '20', '6', '15022', '2', ''); 
INSERT INTO `c_battle_soldier` VALUES('76', '20', '8', '15016', '2', ''); 
INSERT INTO `c_battle_soldier` VALUES('77', '21', '2', '15036', '1', ''); 
INSERT INTO `c_battle_soldier` VALUES('78', '21', '3', '15012', '1', ''); 
INSERT INTO `c_battle_soldier` VALUES('79', '21', '4', '15007', '1', ''); 
INSERT INTO `c_battle_soldier` VALUES('80', '21', '5', '15036', '2', ''); 
INSERT INTO `c_battle_soldier` VALUES('81', '21', '6', '15013', '2', ''); 
INSERT INTO `c_battle_soldier` VALUES('82', '22', '2', '15036', '1', ''); 
INSERT INTO `c_battle_soldier` VALUES('83', '22', '3', '15015', '1', ''); 
INSERT INTO `c_battle_soldier` VALUES('84', '22', '4', '15033', '1', ''); 
INSERT INTO `c_battle_soldier` VALUES('85', '22', '5', '15019', '2', ''); 
INSERT INTO `c_battle_soldier` VALUES('86', '22', '6', '15002', '2', ''); 
INSERT INTO `c_battle_soldier` VALUES('87', '23', '2', '15011', '1', ''); 
INSERT INTO `c_battle_soldier` VALUES('88', '23', '3', '15028', '1', ''); 
INSERT INTO `c_battle_soldier` VALUES('89', '23', '4', '15018', '2', ''); 
INSERT INTO `c_battle_soldier` VALUES('90', '23', '5', '15030', '2', ''); 
INSERT INTO `c_battle_soldier` VALUES('91', '23', '6', '15014', '2', ''); 
INSERT INTO `c_battle_soldier` VALUES('92', '24', '1', '15014', '1', ''); 
INSERT INTO `c_battle_soldier` VALUES('93', '24', '3', '15013', '1', ''); 
INSERT INTO `c_battle_soldier` VALUES('94', '24', '4', '15008', '2', ''); 
INSERT INTO `c_battle_soldier` VALUES('95', '24', '5', '15024', '2', ''); 
INSERT INTO `c_battle_soldier` VALUES('96', '24', '7', '15010', '2', ''); 
INSERT INTO `c_battle_soldier` VALUES('97', '25', '1', '15003', '1', ''); 
INSERT INTO `c_battle_soldier` VALUES('98', '25', '3', '15012', '1', ''); 
INSERT INTO `c_battle_soldier` VALUES('99', '25', '4', '15004', '2', ''); 
INSERT INTO `c_battle_soldier` VALUES('100', '25', '5', '15004', '2', ''); 
INSERT INTO `c_battle_soldier` VALUES('101', '25', '7', '15003', '2', ''); 
INSERT INTO `c_battle_soldier` VALUES('102', '26', '0', '15018', '1', ''); 
INSERT INTO `c_battle_soldier` VALUES('103', '26', '1', '15020', '1', ''); 
INSERT INTO `c_battle_soldier` VALUES('104', '26', '2', '15013', '2', ''); 
INSERT INTO `c_battle_soldier` VALUES('105', '26', '4', '15016', '2', ''); 
INSERT INTO `c_battle_soldier` VALUES('106', '26', '7', '15005', '2', ''); 
INSERT INTO `c_battle_soldier` VALUES('107', '27', '0', '15025', '1', ''); 
INSERT INTO `c_battle_soldier` VALUES('108', '27', '2', '15017', '2', ''); 
INSERT INTO `c_battle_soldier` VALUES('109', '27', '4', '15008', '2', ''); 
INSERT INTO `c_battle_soldier` VALUES('110', '27', '6', '15002', '2', ''); 
INSERT INTO `c_battle_soldier` VALUES('111', '27', '8', '15004', '2', ''); 
INSERT INTO `c_battle_soldier` VALUES('112', '28', '2', '15030', '1', ''); 
INSERT INTO `c_battle_soldier` VALUES('113', '28', '3', '15022', '2', ''); 
INSERT INTO `c_battle_soldier` VALUES('114', '28', '4', '15027', '2', ''); 
INSERT INTO `c_battle_soldier` VALUES('115', '28', '5', '15014', '2', ''); 
INSERT INTO `c_battle_soldier` VALUES('116', '28', '6', '15036', '2', ''); 
INSERT INTO `c_battle_soldier` VALUES('117', '29', '1', '15027', '1', ''); 
INSERT INTO `c_battle_soldier` VALUES('118', '29', '3', '15012', '2', ''); 
INSERT INTO `c_battle_soldier` VALUES('119', '29', '4', '15026', '2', ''); 
INSERT INTO `c_battle_soldier` VALUES('120', '29', '5', '15016', '2', ''); 
INSERT INTO `c_battle_soldier` VALUES('121', '29', '7', '15004', '2', ''); 
INSERT INTO `c_battle_soldier` VALUES('122', '30', '1', '15027', '1', ''); 
INSERT INTO `c_battle_soldier` VALUES('123', '30', '3', '15032', '2', ''); 
INSERT INTO `c_battle_soldier` VALUES('124', '30', '5', '15031', '2', ''); 
INSERT INTO `c_battle_soldier` VALUES('125', '30', '6', '15032', '2', ''); 
INSERT INTO `c_battle_soldier` VALUES('126', '30', '8', '15035', '2', ''); 
INSERT INTO `c_battle_soldier` VALUES('127', '31', '1', '15016', '2', ''); 
INSERT INTO `c_battle_soldier` VALUES('128', '31', '3', '15013', '2', ''); 
INSERT INTO `c_battle_soldier` VALUES('129', '31', '5', '15006', '2', ''); 
INSERT INTO `c_battle_soldier` VALUES('130', '31', '6', '15035', '2', ''); 
INSERT INTO `c_battle_soldier` VALUES('131', '31', '8', '15004', '3', ''); 
INSERT INTO `c_battle_soldier` VALUES('132', '32', '2', '15035', '2', ''); 
INSERT INTO `c_battle_soldier` VALUES('133', '32', '3', '15016', '2', ''); 
INSERT INTO `c_battle_soldier` VALUES('134', '32', '4', '15013', '2', ''); 
INSERT INTO `c_battle_soldier` VALUES('135', '32', '5', '15027', '2', ''); 
INSERT INTO `c_battle_soldier` VALUES('136', '32', '6', '15006', '3', ''); 
INSERT INTO `c_battle_soldier` VALUES('137', '33', '0', '15032', '2', ''); 
INSERT INTO `c_battle_soldier` VALUES('138', '33', '2', '15027', '2', ''); 
INSERT INTO `c_battle_soldier` VALUES('139', '33', '4', '15011', '2', ''); 
INSERT INTO `c_battle_soldier` VALUES('140', '33', '6', '15005', '2', ''); 
INSERT INTO `c_battle_soldier` VALUES('141', '33', '8', '15022', '3', ''); 
INSERT INTO `c_battle_soldier` VALUES('142', '34', '0', '15023', '2', ''); 
INSERT INTO `c_battle_soldier` VALUES('143', '34', '2', '15011', '2', ''); 
INSERT INTO `c_battle_soldier` VALUES('144', '34', '4', '15031', '2', ''); 
INSERT INTO `c_battle_soldier` VALUES('145', '34', '6', '15027', '2', ''); 
INSERT INTO `c_battle_soldier` VALUES('146', '34', '8', '15025', '3', ''); 
INSERT INTO `c_battle_soldier` VALUES('147', '35', '0', '15002', '2', ''); 
INSERT INTO `c_battle_soldier` VALUES('148', '35', '2', '15011', '2', ''); 
INSERT INTO `c_battle_soldier` VALUES('149', '35', '4', '15002', '2', ''); 
INSERT INTO `c_battle_soldier` VALUES('150', '35', '6', '15002', '2', ''); 
INSERT INTO `c_battle_soldier` VALUES('151', '35', '8', '15010', '4', ''); 
INSERT INTO `c_battle_soldier` VALUES('152', '36', '1', '15016', '2', ''); 
INSERT INTO `c_battle_soldier` VALUES('153', '36', '3', '15033', '2', ''); 
INSERT INTO `c_battle_soldier` VALUES('154', '36', '5', '15020', '2', ''); 
INSERT INTO `c_battle_soldier` VALUES('155', '36', '6', '15020', '2', ''); 
INSERT INTO `c_battle_soldier` VALUES('156', '36', '8', '15026', '4', ''); 
INSERT INTO `c_battle_soldier` VALUES('157', '37', '1', '15017', '2', ''); 
INSERT INTO `c_battle_soldier` VALUES('158', '37', '3', '15006', '2', ''); 
INSERT INTO `c_battle_soldier` VALUES('159', '37', '4', '15033', '2', ''); 
INSERT INTO `c_battle_soldier` VALUES('160', '37', '5', '15001', '2', ''); 
INSERT INTO `c_battle_soldier` VALUES('161', '37', '7', '15022', '4', ''); 
INSERT INTO `c_battle_soldier` VALUES('162', '38', '0', '15008', '2', ''); 
INSERT INTO `c_battle_soldier` VALUES('163', '38', '2', '15021', '2', ''); 
INSERT INTO `c_battle_soldier` VALUES('164', '38', '4', '15028', '2', ''); 
INSERT INTO `c_battle_soldier` VALUES('165', '38', '6', '15023', '2', ''); 
INSERT INTO `c_battle_soldier` VALUES('166', '38', '8', '15025', '4', ''); 
INSERT INTO `c_battle_soldier` VALUES('167', '39', '0', '15018', '2', ''); 
INSERT INTO `c_battle_soldier` VALUES('168', '39', '1', '15028', '2', ''); 
INSERT INTO `c_battle_soldier` VALUES('169', '39', '2', '15030', '2', ''); 
INSERT INTO `c_battle_soldier` VALUES('170', '39', '4', '15029', '3', ''); 
INSERT INTO `c_battle_soldier` VALUES('171', '39', '7', '15013', '4', ''); 
INSERT INTO `c_battle_soldier` VALUES('172', '40', '0', '15020', '2', ''); 
INSERT INTO `c_battle_soldier` VALUES('173', '40', '1', '15015', '2', ''); 
INSERT INTO `c_battle_soldier` VALUES('174', '40', '2', '15013', '2', ''); 
INSERT INTO `c_battle_soldier` VALUES('175', '40', '4', '15018', '3', ''); 
INSERT INTO `c_battle_soldier` VALUES('176', '40', '7', '15017', '4', ''); 
INSERT INTO `c_battle_soldier` VALUES('177', '41', '1', '15033', '2', ''); 
INSERT INTO `c_battle_soldier` VALUES('178', '41', '3', '15034', '2', ''); 
INSERT INTO `c_battle_soldier` VALUES('179', '41', '4', '15035', '2', ''); 
INSERT INTO `c_battle_soldier` VALUES('180', '41', '5', '15018', '3', ''); 
INSERT INTO `c_battle_soldier` VALUES('181', '41', '7', '15012', '4', ''); 
INSERT INTO `c_battle_soldier` VALUES('182', '42', '2', '15031', '2', ''); 
INSERT INTO `c_battle_soldier` VALUES('183', '42', '3', '15005', '2', ''); 
INSERT INTO `c_battle_soldier` VALUES('184', '42', '4', '15002', '3', ''); 
INSERT INTO `c_battle_soldier` VALUES('185', '42', '5', '15017', '3', ''); 
INSERT INTO `c_battle_soldier` VALUES('186', '42', '6', '15023', '4', ''); 
INSERT INTO `c_battle_soldier` VALUES('187', '43', '1', '15028', '2', ''); 
INSERT INTO `c_battle_soldier` VALUES('188', '43', '3', '15003', '2', ''); 
INSERT INTO `c_battle_soldier` VALUES('189', '43', '5', '15004', '3', ''); 
INSERT INTO `c_battle_soldier` VALUES('190', '43', '6', '15010', '3', ''); 
INSERT INTO `c_battle_soldier` VALUES('191', '43', '8', '15017', '4', ''); 
INSERT INTO `c_battle_soldier` VALUES('192', '44', '0', '15033', '2', ''); 
INSERT INTO `c_battle_soldier` VALUES('193', '44', '2', '15014', '2', ''); 
INSERT INTO `c_battle_soldier` VALUES('194', '44', '4', '15009', '3', ''); 
INSERT INTO `c_battle_soldier` VALUES('195', '44', '6', '15023', '3', ''); 
INSERT INTO `c_battle_soldier` VALUES('196', '44', '8', '15005', '4', ''); 
INSERT INTO `c_battle_soldier` VALUES('197', '45', '0', '15026', '2', ''); 
INSERT INTO `c_battle_soldier` VALUES('198', '45', '2', '15026', '3', ''); 
INSERT INTO `c_battle_soldier` VALUES('199', '45', '4', '15031', '3', ''); 
INSERT INTO `c_battle_soldier` VALUES('200', '45', '6', '15030', '3', ''); 
INSERT INTO `c_battle_soldier` VALUES('201', '45', '8', '15025', '4', ''); 
INSERT INTO `c_battle_soldier` VALUES('202', '46', '2', '15005', '2', ''); 
INSERT INTO `c_battle_soldier` VALUES('203', '46', '3', '15020', '3', ''); 
INSERT INTO `c_battle_soldier` VALUES('204', '46', '4', '15016', '3', ''); 
INSERT INTO `c_battle_soldier` VALUES('205', '46', '5', '15029', '3', ''); 
INSERT INTO `c_battle_soldier` VALUES('206', '46', '6', '15009', '4', ''); 
INSERT INTO `c_battle_soldier` VALUES('207', '47', '1', '15016', '2', ''); 
INSERT INTO `c_battle_soldier` VALUES('208', '47', '3', '15007', '3', ''); 
INSERT INTO `c_battle_soldier` VALUES('209', '47', '5', '15004', '3', ''); 
INSERT INTO `c_battle_soldier` VALUES('210', '47', '6', '15034', '3', ''); 
INSERT INTO `c_battle_soldier` VALUES('211', '47', '8', '15036', '4', ''); 
INSERT INTO `c_battle_soldier` VALUES('212', '48', '2', '15003', '3', ''); 
INSERT INTO `c_battle_soldier` VALUES('213', '48', '3', '15013', '3', ''); 
INSERT INTO `c_battle_soldier` VALUES('214', '48', '4', '15012', '3', ''); 
INSERT INTO `c_battle_soldier` VALUES('215', '48', '5', '15003', '3', ''); 
INSERT INTO `c_battle_soldier` VALUES('216', '48', '6', '15025', '4', ''); 
INSERT INTO `c_battle_soldier` VALUES('217', '49', '0', '15034', '3', ''); 
INSERT INTO `c_battle_soldier` VALUES('218', '49', '2', '15010', '3', ''); 
INSERT INTO `c_battle_soldier` VALUES('219', '49', '4', '15016', '3', ''); 
INSERT INTO `c_battle_soldier` VALUES('220', '49', '6', '15029', '3', ''); 
INSERT INTO `c_battle_soldier` VALUES('221', '49', '8', '15003', '4', ''); 
INSERT INTO `c_battle_soldier` VALUES('222', '50', '2', '15016', '3', ''); 
INSERT INTO `c_battle_soldier` VALUES('223', '50', '3', '15016', '3', ''); 
INSERT INTO `c_battle_soldier` VALUES('224', '50', '4', '15020', '3', ''); 
INSERT INTO `c_battle_soldier` VALUES('225', '50', '5', '15014', '3', ''); 
INSERT INTO `c_battle_soldier` VALUES('226', '50', '6', '15019', '4', ''); 
INSERT INTO `c_battle_soldier` VALUES('227', '51', '1', '15022', '3', ''); 
INSERT INTO `c_battle_soldier` VALUES('228', '51', '3', '15035', '3', ''); 
INSERT INTO `c_battle_soldier` VALUES('229', '51', '4', '15030', '3', ''); 
INSERT INTO `c_battle_soldier` VALUES('230', '51', '5', '15003', '4', ''); 
INSERT INTO `c_battle_soldier` VALUES('231', '51', '7', '15036', '4', ''); 
INSERT INTO `c_battle_soldier` VALUES('232', '52', '1', '15004', '3', ''); 
INSERT INTO `c_battle_soldier` VALUES('233', '52', '3', '15020', '3', ''); 
INSERT INTO `c_battle_soldier` VALUES('234', '52', '5', '15012', '3', ''); 
INSERT INTO `c_battle_soldier` VALUES('235', '52', '6', '15036', '4', ''); 
INSERT INTO `c_battle_soldier` VALUES('236', '52', '8', '15006', '4', ''); 
INSERT INTO `c_battle_soldier` VALUES('237', '53', '0', '15004', '3', ''); 
INSERT INTO `c_battle_soldier` VALUES('238', '53', '2', '15030', '3', ''); 
INSERT INTO `c_battle_soldier` VALUES('239', '53', '4', '15004', '3', ''); 
INSERT INTO `c_battle_soldier` VALUES('240', '53', '6', '15016', '4', ''); 
INSERT INTO `c_battle_soldier` VALUES('241', '53', '8', '15028', '4', ''); 
INSERT INTO `c_battle_soldier` VALUES('242', '54', '2', '15013', '3', ''); 
INSERT INTO `c_battle_soldier` VALUES('243', '54', '3', '15024', '3', ''); 
INSERT INTO `c_battle_soldier` VALUES('244', '54', '4', '15005', '4', ''); 
INSERT INTO `c_battle_soldier` VALUES('245', '54', '5', '15031', '4', ''); 
INSERT INTO `c_battle_soldier` VALUES('246', '54', '6', '15027', '4', ''); 
INSERT INTO `c_battle_soldier` VALUES('247', '55', '1', '15002', '3', ''); 
INSERT INTO `c_battle_soldier` VALUES('248', '55', '3', '15003', '3', ''); 
INSERT INTO `c_battle_soldier` VALUES('249', '55', '4', '15005', '4', ''); 
INSERT INTO `c_battle_soldier` VALUES('250', '55', '5', '15007', '4', ''); 
INSERT INTO `c_battle_soldier` VALUES('251', '55', '7', '15004', '4', ''); 
INSERT INTO `c_battle_soldier` VALUES('252', '56', '1', '15024', '3', ''); 
INSERT INTO `c_battle_soldier` VALUES('253', '56', '3', '15014', '3', ''); 
INSERT INTO `c_battle_soldier` VALUES('254', '56', '5', '15011', '4', ''); 
INSERT INTO `c_battle_soldier` VALUES('255', '56', '6', '15034', '4', ''); 
INSERT INTO `c_battle_soldier` VALUES('256', '56', '8', '15012', '4', ''); 
INSERT INTO `c_battle_soldier` VALUES('257', '57', '1', '15005', '3', ''); 
INSERT INTO `c_battle_soldier` VALUES('258', '57', '3', '15002', '4', ''); 
INSERT INTO `c_battle_soldier` VALUES('259', '57', '4', '15026', '4', ''); 
INSERT INTO `c_battle_soldier` VALUES('260', '57', '5', '15002', '4', ''); 
INSERT INTO `c_battle_soldier` VALUES('261', '57', '7', '15024', '4', ''); 
INSERT INTO `c_battle_soldier` VALUES('262', '58', '0', '15002', '3', ''); 
INSERT INTO `c_battle_soldier` VALUES('263', '58', '1', '15035', '4', ''); 
INSERT INTO `c_battle_soldier` VALUES('264', '58', '2', '15031', '4', ''); 
INSERT INTO `c_battle_soldier` VALUES('265', '58', '4', '15026', '4', ''); 
INSERT INTO `c_battle_soldier` VALUES('266', '58', '7', '15004', '4', ''); 
INSERT INTO `c_battle_soldier` VALUES('267', '59', '1', '15025', '3', ''); 
INSERT INTO `c_battle_soldier` VALUES('268', '59', '3', '15026', '4', ''); 
INSERT INTO `c_battle_soldier` VALUES('269', '59', '5', '15033', '4', ''); 
INSERT INTO `c_battle_soldier` VALUES('270', '59', '6', '15019', '4', ''); 
INSERT INTO `c_battle_soldier` VALUES('271', '59', '8', '15020', '4', ''); 
INSERT INTO `c_battle_soldier` VALUES('272', '60', '1', '15036', '4', ''); 
INSERT INTO `c_battle_soldier` VALUES('273', '60', '3', '15035', '4', ''); 
INSERT INTO `c_battle_soldier` VALUES('274', '60', '4', '15028', '4', ''); 
INSERT INTO `c_battle_soldier` VALUES('275', '60', '5', '15035', '4', ''); 
INSERT INTO `c_battle_soldier` VALUES('276', '60', '7', '15026', '4', ''); 
INSERT INTO `c_battle_soldier` VALUES('277', '61', '0', '15017', '4', ''); 
INSERT INTO `c_battle_soldier` VALUES('278', '61', '2', '15017', '4', ''); 
INSERT INTO `c_battle_soldier` VALUES('279', '61', '4', '15005', '4', ''); 
INSERT INTO `c_battle_soldier` VALUES('280', '61', '6', '15017', '4', ''); 
INSERT INTO `c_battle_soldier` VALUES('281', '61', '8', '15001', '4', ''); 
INSERT INTO `c_battle_soldier` VALUES('282', '62', '1', '15013', '4', ''); 
INSERT INTO `c_battle_soldier` VALUES('283', '62', '3', '15015', '4', ''); 
INSERT INTO `c_battle_soldier` VALUES('284', '62', '4', '15013', '4', ''); 
INSERT INTO `c_battle_soldier` VALUES('285', '62', '5', '15006', '4', ''); 
INSERT INTO `c_battle_soldier` VALUES('286', '62', '7', '15021', '4', ''); 
INSERT INTO `c_battle_soldier` VALUES('287', '63', '1', '15036', '4', ''); 
INSERT INTO `c_battle_soldier` VALUES('288', '63', '3', '15030', '4', ''); 
INSERT INTO `c_battle_soldier` VALUES('289', '63', '5', '15015', '4', ''); 
INSERT INTO `c_battle_soldier` VALUES('290', '63', '6', '15023', '4', ''); 
INSERT INTO `c_battle_soldier` VALUES('291', '63', '8', '15035', '6', ''); 
INSERT INTO `c_battle_soldier` VALUES('292', '64', '1', '15023', '4', ''); 
INSERT INTO `c_battle_soldier` VALUES('293', '64', '3', '15018', '4', ''); 
INSERT INTO `c_battle_soldier` VALUES('294', '64', '4', '15014', '4', ''); 
INSERT INTO `c_battle_soldier` VALUES('295', '64', '5', '15026', '4', ''); 
INSERT INTO `c_battle_soldier` VALUES('296', '64', '7', '15009', '6', ''); 
INSERT INTO `c_battle_soldier` VALUES('297', '65', '2', '15005', '4', ''); 
INSERT INTO `c_battle_soldier` VALUES('298', '65', '3', '15007', '4', ''); 
INSERT INTO `c_battle_soldier` VALUES('299', '65', '4', '15005', '4', ''); 
INSERT INTO `c_battle_soldier` VALUES('300', '65', '5', '15011', '4', ''); 
INSERT INTO `c_battle_soldier` VALUES('301', '65', '6', '15003', '6', ''); 
INSERT INTO `c_battle_soldier` VALUES('302', '66', '1', '15010', '4', ''); 
INSERT INTO `c_battle_soldier` VALUES('303', '66', '3', '15029', '4', ''); 
INSERT INTO `c_battle_soldier` VALUES('304', '66', '4', '15034', '4', ''); 
INSERT INTO `c_battle_soldier` VALUES('305', '66', '5', '15022', '5', ''); 
INSERT INTO `c_battle_soldier` VALUES('306', '66', '7', '15007', '6', ''); 
INSERT INTO `c_battle_soldier` VALUES('307', '67', '2', '15013', '4', ''); 
INSERT INTO `c_battle_soldier` VALUES('308', '67', '3', '15034', '4', ''); 
INSERT INTO `c_battle_soldier` VALUES('309', '67', '4', '15020', '4', ''); 
INSERT INTO `c_battle_soldier` VALUES('310', '67', '5', '15031', '5', ''); 
INSERT INTO `c_battle_soldier` VALUES('311', '67', '6', '15024', '6', ''); 
INSERT INTO `c_battle_soldier` VALUES('312', '68', '0', '15001', '4', ''); 
INSERT INTO `c_battle_soldier` VALUES('313', '68', '1', '15020', '4', ''); 
INSERT INTO `c_battle_soldier` VALUES('314', '68', '2', '15028', '4', ''); 
INSERT INTO `c_battle_soldier` VALUES('315', '68', '4', '15034', '5', ''); 
INSERT INTO `c_battle_soldier` VALUES('316', '68', '7', '15021', '6', ''); 
INSERT INTO `c_battle_soldier` VALUES('317', '69', '0', '15031', '4', ''); 
INSERT INTO `c_battle_soldier` VALUES('318', '69', '1', '15006', '4', ''); 
INSERT INTO `c_battle_soldier` VALUES('319', '69', '2', '15007', '5', ''); 
INSERT INTO `c_battle_soldier` VALUES('320', '69', '4', '15005', '5', ''); 
INSERT INTO `c_battle_soldier` VALUES('321', '69', '7', '15023', '6', ''); 
INSERT INTO `c_battle_soldier` VALUES('322', '70', '0', '15014', '4', ''); 
INSERT INTO `c_battle_soldier` VALUES('323', '70', '2', '15022', '4', ''); 
INSERT INTO `c_battle_soldier` VALUES('324', '70', '4', '15017', '5', ''); 
INSERT INTO `c_battle_soldier` VALUES('325', '70', '6', '15015', '5', ''); 
INSERT INTO `c_battle_soldier` VALUES('326', '70', '8', '15022', '6', ''); 
INSERT INTO `c_battle_soldier` VALUES('327', '71', '2', '15035', '4', ''); 
INSERT INTO `c_battle_soldier` VALUES('328', '71', '3', '15004', '5', ''); 
INSERT INTO `c_battle_soldier` VALUES('329', '71', '4', '15002', '5', ''); 
INSERT INTO `c_battle_soldier` VALUES('330', '71', '5', '15014', '5', ''); 
INSERT INTO `c_battle_soldier` VALUES('331', '71', '6', '15032', '6', ''); 
INSERT INTO `c_battle_soldier` VALUES('332', '72', '0', '15018', '4', ''); 
INSERT INTO `c_battle_soldier` VALUES('333', '72', '1', '15012', '5', ''); 
INSERT INTO `c_battle_soldier` VALUES('334', '72', '2', '15010', '5', ''); 
INSERT INTO `c_battle_soldier` VALUES('335', '72', '4', '15035', '5', ''); 
INSERT INTO `c_battle_soldier` VALUES('336', '72', '7', '15026', '6', ''); 
INSERT INTO `c_battle_soldier` VALUES('337', '73', '2', '15035', '5', ''); 
INSERT INTO `c_battle_soldier` VALUES('338', '73', '3', '15013', '5', ''); 
INSERT INTO `c_battle_soldier` VALUES('339', '73', '4', '15023', '5', ''); 
INSERT INTO `c_battle_soldier` VALUES('340', '73', '5', '15012', '5', ''); 
INSERT INTO `c_battle_soldier` VALUES('341', '73', '6', '15020', '6', ''); 
INSERT INTO `c_battle_soldier` VALUES('342', '74', '0', '15001', '5', ''); 
INSERT INTO `c_battle_soldier` VALUES('343', '74', '1', '15035', '5', ''); 
INSERT INTO `c_battle_soldier` VALUES('344', '74', '2', '15013', '5', ''); 
INSERT INTO `c_battle_soldier` VALUES('345', '74', '4', '15014', '5', ''); 
INSERT INTO `c_battle_soldier` VALUES('346', '74', '7', '15033', '6', ''); 
INSERT INTO `c_battle_soldier` VALUES('347', '75', '1', '15027', '5', ''); 
INSERT INTO `c_battle_soldier` VALUES('348', '75', '3', '15032', '5', ''); 
INSERT INTO `c_battle_soldier` VALUES('349', '75', '4', '15032', '5', ''); 
INSERT INTO `c_battle_soldier` VALUES('350', '75', '5', '15025', '6', ''); 
INSERT INTO `c_battle_soldier` VALUES('351', '75', '7', '15027', '6', ''); 
INSERT INTO `c_battle_soldier` VALUES('352', '76', '1', '15016', '5', ''); 
INSERT INTO `c_battle_soldier` VALUES('353', '76', '3', '15011', '5', ''); 
INSERT INTO `c_battle_soldier` VALUES('354', '76', '5', '15002', '5', ''); 
INSERT INTO `c_battle_soldier` VALUES('355', '76', '6', '15024', '6', ''); 
INSERT INTO `c_battle_soldier` VALUES('356', '76', '8', '15027', '6', ''); 
INSERT INTO `c_battle_soldier` VALUES('357', '77', '1', '15031', '5', ''); 
INSERT INTO `c_battle_soldier` VALUES('358', '77', '3', '15035', '5', ''); 
INSERT INTO `c_battle_soldier` VALUES('359', '77', '4', '15017', '6', ''); 
INSERT INTO `c_battle_soldier` VALUES('360', '77', '5', '15013', '6', ''); 
INSERT INTO `c_battle_soldier` VALUES('361', '77', '7', '15008', '6', ''); 
INSERT INTO `c_battle_soldier` VALUES('362', '78', '2', '15022', '5', ''); 
INSERT INTO `c_battle_soldier` VALUES('363', '78', '3', '15003', '5', ''); 
INSERT INTO `c_battle_soldier` VALUES('364', '78', '4', '15032', '6', ''); 
INSERT INTO `c_battle_soldier` VALUES('365', '78', '5', '15018', '6', ''); 
INSERT INTO `c_battle_soldier` VALUES('366', '78', '6', '15008', '6', ''); 
INSERT INTO `c_battle_soldier` VALUES('367', '79', '0', '15018', '5', ''); 
INSERT INTO `c_battle_soldier` VALUES('368', '79', '2', '15010', '6', ''); 
INSERT INTO `c_battle_soldier` VALUES('369', '79', '4', '15001', '6', ''); 
INSERT INTO `c_battle_soldier` VALUES('370', '79', '6', '15015', '6', ''); 
INSERT INTO `c_battle_soldier` VALUES('371', '79', '8', '15012', '6', ''); 
INSERT INTO `c_battle_soldier` VALUES('372', '80', '1', '15014', '5', ''); 
INSERT INTO `c_battle_soldier` VALUES('373', '80', '3', '15020', '6', ''); 
INSERT INTO `c_battle_soldier` VALUES('374', '80', '5', '15015', '6', ''); 
INSERT INTO `c_battle_soldier` VALUES('375', '80', '6', '15022', '6', ''); 
INSERT INTO `c_battle_soldier` VALUES('376', '80', '8', '15018', '6', ''); 
INSERT INTO `c_battle_soldier` VALUES('377', '81', '1', '15015', '6', ''); 
INSERT INTO `c_battle_soldier` VALUES('378', '81', '3', '15019', '6', ''); 
INSERT INTO `c_battle_soldier` VALUES('379', '81', '4', '15020', '6', ''); 
INSERT INTO `c_battle_soldier` VALUES('380', '81', '5', '15023', '6', ''); 
INSERT INTO `c_battle_soldier` VALUES('381', '81', '7', '15015', '6', ''); 
INSERT INTO `c_battle_soldier` VALUES('382', '82', '0', '15028', '6', ''); 
INSERT INTO `c_battle_soldier` VALUES('383', '82', '2', '15016', '6', ''); 
INSERT INTO `c_battle_soldier` VALUES('384', '82', '4', '15004', '6', ''); 
INSERT INTO `c_battle_soldier` VALUES('385', '82', '6', '15035', '6', ''); 
INSERT INTO `c_battle_soldier` VALUES('386', '82', '8', '15031', '6', ''); 
INSERT INTO `c_battle_soldier` VALUES('387', '83', '0', '15017', '6', ''); 
INSERT INTO `c_battle_soldier` VALUES('388', '83', '1', '15010', '6', ''); 
INSERT INTO `c_battle_soldier` VALUES('389', '83', '2', '15034', '6', ''); 
INSERT INTO `c_battle_soldier` VALUES('390', '83', '4', '15035', '6', ''); 
INSERT INTO `c_battle_soldier` VALUES('391', '83', '7', '15010', '7', ''); 
INSERT INTO `c_battle_soldier` VALUES('392', '84', '2', '15024', '6', ''); 
INSERT INTO `c_battle_soldier` VALUES('393', '84', '3', '15026', '6', ''); 
INSERT INTO `c_battle_soldier` VALUES('394', '84', '4', '15032', '6', ''); 
INSERT INTO `c_battle_soldier` VALUES('395', '84', '5', '15001', '6', ''); 
INSERT INTO `c_battle_soldier` VALUES('396', '84', '6', '15017', '7', ''); 
INSERT INTO `c_battle_soldier` VALUES('397', '85', '2', '15007', '6', ''); 
INSERT INTO `c_battle_soldier` VALUES('398', '85', '3', '15008', '6', ''); 
INSERT INTO `c_battle_soldier` VALUES('399', '85', '4', '15012', '6', ''); 
INSERT INTO `c_battle_soldier` VALUES('400', '85', '5', '15011', '7', ''); 
INSERT INTO `c_battle_soldier` VALUES('401', '85', '6', '15010', '8', ''); 
INSERT INTO `c_battle_soldier` VALUES('402', '86', '1', '15009', '6', ''); 
INSERT INTO `c_battle_soldier` VALUES('403', '86', '3', '15024', '6', ''); 
INSERT INTO `c_battle_soldier` VALUES('404', '86', '5', '15012', '6', ''); 
INSERT INTO `c_battle_soldier` VALUES('405', '86', '6', '15029', '7', ''); 
INSERT INTO `c_battle_soldier` VALUES('406', '86', '8', '15005', '8', ''); 
INSERT INTO `c_battle_soldier` VALUES('412', '88', '0', '15013', '6', ''); 
INSERT INTO `c_battle_soldier` VALUES('413', '88', '1', '15003', '6', ''); 
INSERT INTO `c_battle_soldier` VALUES('414', '88', '2', '15021', '7', ''); 
INSERT INTO `c_battle_soldier` VALUES('415', '88', '4', '15015', '7', ''); 
INSERT INTO `c_battle_soldier` VALUES('416', '88', '7', '15018', '8', ''); 
INSERT INTO `c_battle_soldier` VALUES('417', '89', '1', '15003', '6', ''); 
INSERT INTO `c_battle_soldier` VALUES('418', '89', '3', '15009', '7', ''); 
INSERT INTO `c_battle_soldier` VALUES('419', '89', '5', '15034', '7', ''); 
INSERT INTO `c_battle_soldier` VALUES('420', '89', '6', '15031', '7', ''); 
INSERT INTO `c_battle_soldier` VALUES('421', '89', '8', '15005', '8', ''); 
INSERT INTO `c_battle_soldier` VALUES('422', '90', '2', '15034', '6', ''); 
INSERT INTO `c_battle_soldier` VALUES('423', '90', '3', '15031', '7', ''); 
INSERT INTO `c_battle_soldier` VALUES('424', '90', '4', '15033', '7', ''); 
INSERT INTO `c_battle_soldier` VALUES('425', '90', '5', '15025', '7', ''); 
INSERT INTO `c_battle_soldier` VALUES('426', '90', '6', '15028', '8', ''); 
INSERT INTO `c_battle_soldier` VALUES('427', '91', '2', '15003', '7', ''); 
INSERT INTO `c_battle_soldier` VALUES('428', '91', '3', '15008', '7', ''); 
INSERT INTO `c_battle_soldier` VALUES('429', '91', '4', '15023', '7', ''); 
INSERT INTO `c_battle_soldier` VALUES('430', '91', '5', '15005', '7', ''); 
INSERT INTO `c_battle_soldier` VALUES('431', '91', '6', '15027', '8', ''); 
INSERT INTO `c_battle_soldier` VALUES('432', '92', '2', '15001', '7', ''); 
INSERT INTO `c_battle_soldier` VALUES('433', '92', '3', '15004', '7', ''); 
INSERT INTO `c_battle_soldier` VALUES('434', '92', '4', '15005', '7', ''); 
INSERT INTO `c_battle_soldier` VALUES('435', '92', '5', '15028', '7', ''); 
INSERT INTO `c_battle_soldier` VALUES('436', '92', '6', '15004', '8', ''); 
INSERT INTO `c_battle_soldier` VALUES('437', '93', '1', '15005', '7', ''); 
INSERT INTO `c_battle_soldier` VALUES('438', '93', '3', '15003', '7', ''); 
INSERT INTO `c_battle_soldier` VALUES('439', '93', '4', '15001', '7', ''); 
INSERT INTO `c_battle_soldier` VALUES('440', '93', '5', '15010', '7', ''); 
INSERT INTO `c_battle_soldier` VALUES('441', '93', '7', '15006', '9', ''); 
INSERT INTO `c_battle_soldier` VALUES('442', '94', '1', '15009', '40', ''); 
INSERT INTO `c_battle_soldier` VALUES('443', '94', '3', '15022', '40', ''); 
INSERT INTO `c_battle_soldier` VALUES('444', '94', '4', '15035', '40', ''); 
INSERT INTO `c_battle_soldier` VALUES('445', '94', '5', '15001', '40', ''); 
INSERT INTO `c_battle_soldier` VALUES('446', '94', '7', '15014', '40', ''); 
INSERT INTO `c_battle_soldier` VALUES('447', '87', '0', '15001', '6', ''); 
INSERT INTO `c_battle_soldier` VALUES('448', '87', '1', '15001', '6', ''); 
INSERT INTO `c_battle_soldier` VALUES('449', '87', '4', '15001', '7', ''); 
INSERT INTO `c_battle_soldier` VALUES('450', '87', '7', '15001', '8', ''); 
INSERT INTO `c_battle_soldier` VALUES('451', '87', '2', '15001', '7', ''); 
INSERT INTO `c_award_type` VALUES('1', 'Gold'); 
INSERT INTO `c_award_type` VALUES('2', 'Exp'); 
INSERT INTO `c_award_type` VALUES('3', 'Item'); 
INSERT INTO `c_award_type` VALUES('4', 'Iron'); 
INSERT INTO `c_award_type` VALUES('5', 'Wood'); 
INSERT INTO `c_award` VALUES('1', '1', '2', '1'); 
INSERT INTO `c_award` VALUES('2', '1', '1', '55'); 
INSERT INTO `c_award` VALUES('3', '2', '2', '1'); 
INSERT INTO `c_award` VALUES('4', '2', '1', '55'); 
INSERT INTO `c_award` VALUES('5', '3', '2', '1'); 
INSERT INTO `c_award` VALUES('6', '3', '1', '55'); 
INSERT INTO `c_award` VALUES('7', '4', '2', '1'); 
INSERT INTO `c_award` VALUES('8', '4', '1', '55'); 
INSERT INTO `c_award` VALUES('9', '5', '2', '1'); 
INSERT INTO `c_award` VALUES('10', '5', '1', '55'); 
INSERT INTO `c_award` VALUES('11', '6', '2', '1'); 
INSERT INTO `c_award` VALUES('12', '6', '1', '55'); 
INSERT INTO `c_award` VALUES('13', '7', '2', '1'); 
INSERT INTO `c_award` VALUES('14', '7', '1', '55'); 
INSERT INTO `c_award` VALUES('15', '8', '2', '1'); 
INSERT INTO `c_award` VALUES('16', '8', '1', '55'); 
INSERT INTO `c_award` VALUES('17', '9', '2', '1'); 
INSERT INTO `c_award` VALUES('18', '9', '1', '55'); 
INSERT INTO `c_award` VALUES('19', '10', '2', '1'); 
INSERT INTO `c_award` VALUES('20', '10', '1', '55'); 
INSERT INTO `c_award` VALUES('21', '11', '2', '1'); 
INSERT INTO `c_award` VALUES('22', '11', '1', '55'); 
INSERT INTO `c_award` VALUES('23', '12', '2', '1'); 
INSERT INTO `c_award` VALUES('24', '12', '1', '55'); 
INSERT INTO `c_award` VALUES('25', '13', '2', '1'); 
INSERT INTO `c_award` VALUES('26', '13', '1', '55'); 
INSERT INTO `c_award` VALUES('27', '14', '2', '1'); 
INSERT INTO `c_award` VALUES('28', '14', '1', '55'); 
INSERT INTO `c_award` VALUES('29', '15', '2', '1'); 
INSERT INTO `c_award` VALUES('30', '15', '1', '55'); 
INSERT INTO `c_award` VALUES('31', '16', '2', '1'); 
INSERT INTO `c_award` VALUES('32', '16', '1', '55'); 
INSERT INTO `c_award` VALUES('33', '17', '2', '1'); 
INSERT INTO `c_award` VALUES('34', '17', '1', '55'); 
INSERT INTO `c_award` VALUES('35', '18', '2', '1'); 
INSERT INTO `c_award` VALUES('36', '18', '1', '55'); 
INSERT INTO `c_award` VALUES('37', '19', '2', '1'); 
INSERT INTO `c_award` VALUES('38', '19', '1', '55'); 
INSERT INTO `c_award` VALUES('39', '20', '2', '1'); 
INSERT INTO `c_award` VALUES('40', '20', '1', '55'); 
INSERT INTO `c_award` VALUES('41', '21', '2', '1'); 
INSERT INTO `c_award` VALUES('42', '21', '1', '55'); 
INSERT INTO `c_award` VALUES('43', '22', '2', '1'); 
INSERT INTO `c_award` VALUES('44', '22', '1', '55'); 
INSERT INTO `c_award` VALUES('45', '23', '2', '1'); 
INSERT INTO `c_award` VALUES('46', '23', '1', '55'); 
INSERT INTO `c_award` VALUES('47', '24', '2', '1'); 
INSERT INTO `c_award` VALUES('48', '24', '1', '55'); 
INSERT INTO `c_award` VALUES('49', '25', '2', '1'); 
INSERT INTO `c_award` VALUES('50', '25', '1', '55'); 
INSERT INTO `c_award` VALUES('51', '26', '2', '1'); 
INSERT INTO `c_award` VALUES('52', '26', '1', '55'); 
INSERT INTO `c_award` VALUES('53', '27', '2', '1'); 
INSERT INTO `c_award` VALUES('54', '27', '1', '55'); 
INSERT INTO `c_award` VALUES('55', '28', '2', '1'); 
INSERT INTO `c_award` VALUES('56', '28', '1', '55'); 
INSERT INTO `c_award` VALUES('57', '29', '2', '1'); 
INSERT INTO `c_award` VALUES('58', '29', '1', '55'); 
INSERT INTO `c_award` VALUES('59', '30', '2', '1'); 
INSERT INTO `c_award` VALUES('60', '30', '1', '55'); 
INSERT INTO `c_award` VALUES('61', '31', '2', '1'); 
INSERT INTO `c_award` VALUES('62', '31', '1', '70'); 
INSERT INTO `c_award` VALUES('63', '32', '2', '1'); 
INSERT INTO `c_award` VALUES('64', '32', '1', '70'); 
INSERT INTO `c_award` VALUES('65', '33', '2', '1'); 
INSERT INTO `c_award` VALUES('66', '33', '1', '70'); 
INSERT INTO `c_award` VALUES('67', '34', '2', '1'); 
INSERT INTO `c_award` VALUES('68', '34', '1', '70'); 
INSERT INTO `c_award` VALUES('69', '35', '2', '1'); 
INSERT INTO `c_award` VALUES('70', '35', '1', '70'); 
INSERT INTO `c_award` VALUES('71', '36', '2', '1'); 
INSERT INTO `c_award` VALUES('72', '36', '1', '70'); 
INSERT INTO `c_award` VALUES('73', '37', '2', '1'); 
INSERT INTO `c_award` VALUES('74', '37', '1', '70'); 
INSERT INTO `c_award` VALUES('75', '38', '2', '1'); 
INSERT INTO `c_award` VALUES('76', '38', '1', '70'); 
INSERT INTO `c_award` VALUES('77', '39', '2', '1'); 
INSERT INTO `c_award` VALUES('78', '39', '1', '70'); 
INSERT INTO `c_award` VALUES('79', '40', '2', '1'); 
INSERT INTO `c_award` VALUES('80', '40', '1', '70'); 
INSERT INTO `c_award` VALUES('81', '41', '2', '1'); 
INSERT INTO `c_award` VALUES('82', '41', '1', '70'); 
INSERT INTO `c_award` VALUES('83', '42', '2', '1'); 
INSERT INTO `c_award` VALUES('84', '42', '1', '70'); 
INSERT INTO `c_award` VALUES('85', '43', '2', '1'); 
INSERT INTO `c_award` VALUES('86', '43', '1', '70'); 
INSERT INTO `c_award` VALUES('87', '44', '2', '1'); 
INSERT INTO `c_award` VALUES('88', '44', '1', '70'); 
INSERT INTO `c_award` VALUES('89', '45', '2', '1'); 
INSERT INTO `c_award` VALUES('90', '45', '1', '70'); 
INSERT INTO `c_award` VALUES('91', '46', '2', '1'); 
INSERT INTO `c_award` VALUES('92', '46', '1', '70'); 
INSERT INTO `c_award` VALUES('93', '47', '2', '1'); 
INSERT INTO `c_award` VALUES('94', '47', '1', '70'); 
INSERT INTO `c_award` VALUES('95', '48', '2', '1'); 
INSERT INTO `c_award` VALUES('96', '48', '1', '85'); 
INSERT INTO `c_award` VALUES('97', '49', '2', '1'); 
INSERT INTO `c_award` VALUES('98', '49', '1', '85'); 
INSERT INTO `c_award` VALUES('99', '50', '2', '1'); 
INSERT INTO `c_award` VALUES('100', '50', '1', '85'); 
INSERT INTO `c_award` VALUES('101', '51', '2', '1'); 
INSERT INTO `c_award` VALUES('102', '51', '1', '85'); 
INSERT INTO `c_award` VALUES('103', '52', '2', '1'); 
INSERT INTO `c_award` VALUES('104', '52', '1', '85'); 
INSERT INTO `c_award` VALUES('105', '53', '2', '1'); 
INSERT INTO `c_award` VALUES('106', '53', '1', '85'); 
INSERT INTO `c_award` VALUES('107', '54', '2', '1'); 
INSERT INTO `c_award` VALUES('108', '54', '1', '85'); 
INSERT INTO `c_award` VALUES('109', '55', '2', '1'); 
INSERT INTO `c_award` VALUES('110', '55', '1', '85'); 
INSERT INTO `c_award` VALUES('111', '56', '2', '1'); 
INSERT INTO `c_award` VALUES('112', '56', '1', '85'); 
INSERT INTO `c_award` VALUES('113', '57', '2', '1'); 
INSERT INTO `c_award` VALUES('114', '57', '1', '85'); 
INSERT INTO `c_award` VALUES('115', '58', '2', '1'); 
INSERT INTO `c_award` VALUES('116', '58', '1', '85'); 
INSERT INTO `c_award` VALUES('117', '59', '2', '1'); 
INSERT INTO `c_award` VALUES('118', '59', '1', '85'); 
INSERT INTO `c_award` VALUES('119', '60', '2', '1'); 
INSERT INTO `c_award` VALUES('120', '60', '1', '100'); 
INSERT INTO `c_award` VALUES('121', '61', '2', '1'); 
INSERT INTO `c_award` VALUES('122', '61', '1', '100'); 
INSERT INTO `c_award` VALUES('123', '62', '2', '1'); 
INSERT INTO `c_award` VALUES('124', '62', '1', '100'); 
INSERT INTO `c_award` VALUES('125', '63', '2', '1'); 
INSERT INTO `c_award` VALUES('126', '63', '1', '100'); 
INSERT INTO `c_award` VALUES('127', '64', '2', '1'); 
INSERT INTO `c_award` VALUES('128', '64', '1', '100'); 
INSERT INTO `c_award` VALUES('129', '65', '2', '1'); 
INSERT INTO `c_award` VALUES('130', '65', '1', '100'); 
INSERT INTO `c_award` VALUES('131', '66', '2', '1'); 
INSERT INTO `c_award` VALUES('132', '66', '1', '100'); 
INSERT INTO `c_award` VALUES('133', '67', '2', '1'); 
INSERT INTO `c_award` VALUES('134', '67', '1', '100'); 
INSERT INTO `c_award` VALUES('135', '68', '2', '1'); 
INSERT INTO `c_award` VALUES('136', '68', '1', '100'); 
INSERT INTO `c_award` VALUES('137', '69', '2', '1'); 
INSERT INTO `c_award` VALUES('138', '69', '1', '100'); 
INSERT INTO `c_award` VALUES('139', '70', '2', '1'); 
INSERT INTO `c_award` VALUES('140', '70', '1', '100'); 
INSERT INTO `c_award` VALUES('141', '71', '2', '1'); 
INSERT INTO `c_award` VALUES('142', '71', '1', '100'); 
INSERT INTO `c_award` VALUES('143', '72', '2', '1'); 
INSERT INTO `c_award` VALUES('144', '72', '1', '100'); 
INSERT INTO `c_award` VALUES('145', '73', '2', '1'); 
INSERT INTO `c_award` VALUES('146', '73', '1', '115'); 
INSERT INTO `c_award` VALUES('147', '74', '2', '1'); 
INSERT INTO `c_award` VALUES('148', '74', '1', '115'); 
INSERT INTO `c_award` VALUES('149', '75', '2', '1'); 
INSERT INTO `c_award` VALUES('150', '75', '1', '115'); 
INSERT INTO `c_award` VALUES('151', '76', '2', '1'); 
INSERT INTO `c_award` VALUES('152', '76', '1', '115'); 
INSERT INTO `c_award` VALUES('153', '77', '2', '1'); 
INSERT INTO `c_award` VALUES('154', '77', '1', '115'); 
INSERT INTO `c_award` VALUES('155', '78', '2', '1'); 
INSERT INTO `c_award` VALUES('156', '78', '1', '115'); 
INSERT INTO `c_award` VALUES('157', '79', '2', '1'); 
INSERT INTO `c_award` VALUES('158', '79', '1', '115'); 
INSERT INTO `c_award` VALUES('159', '80', '2', '1'); 
INSERT INTO `c_award` VALUES('160', '80', '1', '115'); 
INSERT INTO `c_award` VALUES('161', '81', '2', '1'); 
INSERT INTO `c_award` VALUES('162', '81', '1', '130'); 
INSERT INTO `c_award` VALUES('163', '82', '2', '1'); 
INSERT INTO `c_award` VALUES('164', '82', '1', '130'); 
INSERT INTO `c_award` VALUES('165', '83', '2', '1'); 
INSERT INTO `c_award` VALUES('166', '83', '1', '130'); 
INSERT INTO `c_award` VALUES('167', '84', '2', '1'); 
INSERT INTO `c_award` VALUES('168', '84', '1', '130'); 
INSERT INTO `c_award` VALUES('169', '85', '2', '1'); 
INSERT INTO `c_award` VALUES('170', '85', '1', '130'); 
INSERT INTO `c_award` VALUES('171', '86', '2', '1'); 
INSERT INTO `c_award` VALUES('172', '86', '1', '130'); 
INSERT INTO `c_award` VALUES('175', '88', '2', '1'); 
INSERT INTO `c_award` VALUES('176', '88', '1', '130'); 
INSERT INTO `c_award` VALUES('177', '89', '2', '1'); 
INSERT INTO `c_award` VALUES('178', '89', '1', '130'); 
INSERT INTO `c_award` VALUES('179', '90', '2', '1'); 
INSERT INTO `c_award` VALUES('180', '90', '1', '130'); 
INSERT INTO `c_award` VALUES('181', '91', '2', '1'); 
INSERT INTO `c_award` VALUES('182', '91', '1', '145'); 
INSERT INTO `c_award` VALUES('183', '92', '2', '1'); 
INSERT INTO `c_award` VALUES('184', '92', '1', '145'); 
INSERT INTO `c_award` VALUES('185', '93', '2', '1'); 
INSERT INTO `c_award` VALUES('186', '93', '1', '145'); 
INSERT INTO `c_award` VALUES('187', '94', '2', '1'); 
INSERT INTO `c_award` VALUES('188', '94', '1', '145'); 
INSERT INTO `c_award` VALUES('189', '87', '1', '130'); 
INSERT INTO `c_award` VALUES('190', '87', '2', '1'); 
