-- phpMyAdmin SQL Dump
-- version 3.4.5
-- http://www.phpmyadmin.net
--
-- Host: localhost
-- Generation Time: Apr 09, 2012 at 12:33 PM
-- Server version: 5.5.16
-- PHP Version: 5.3.8

SET SQL_MODE="NO_AUTO_VALUE_ON_ZERO";
SET time_zone = "+00:00";


/*!40101 SET @OLD_CHARACTER_SET_CLIENT=@@CHARACTER_SET_CLIENT */;
/*!40101 SET @OLD_CHARACTER_SET_RESULTS=@@CHARACTER_SET_RESULTS */;
/*!40101 SET @OLD_COLLATION_CONNECTION=@@COLLATION_CONNECTION */;
/*!40101 SET NAMES utf8 */;

--
-- Database: `chipzin_9_4_full`
--

-- --------------------------------------------------------

--
-- Table structure for table `c_award`
--

CREATE TABLE IF NOT EXISTS `c_award` (
  `ID` int(11) NOT NULL AUTO_INCREMENT,
  `BattleID` int(11) NOT NULL,
  `AwardTypeID` int(11) NOT NULL,
  `Value` int(11) NOT NULL,
  PRIMARY KEY (`ID`),
  KEY `BattleID` (`BattleID`,`AwardTypeID`),
  KEY `AwardType` (`AwardTypeID`)
) ENGINE=InnoDB  DEFAULT CHARSET=latin1 AUTO_INCREMENT=643 ;

--
-- Dumping data for table `c_award`
--

INSERT INTO `c_award` (`ID`, `BattleID`, `AwardTypeID`, `Value`) VALUES
(1, 1, 1, 100),
(2, 1, 5, 10),
(3, 1, 4, 10),
(4, 2, 1, 100),
(5, 2, 5, 10),
(6, 2, 4, 10),
(7, 3, 1, 100),
(8, 3, 5, 10),
(9, 3, 4, 10),
(10, 4, 1, 100),
(11, 4, 5, 10),
(12, 4, 4, 10),
(13, 5, 1, 100),
(14, 5, 5, 10),
(15, 5, 4, 10),
(16, 6, 1, 100),
(17, 6, 5, 10),
(18, 6, 4, 10),
(19, 7, 1, 100),
(20, 7, 5, 10),
(21, 7, 4, 10),
(22, 8, 1, 100),
(23, 8, 5, 10),
(24, 8, 4, 10),
(25, 9, 1, 100),
(26, 9, 5, 10),
(27, 9, 4, 10),
(28, 10, 1, 100),
(29, 10, 5, 10),
(30, 10, 4, 10),
(31, 11, 1, 100),
(32, 11, 5, 10),
(33, 11, 4, 10),
(34, 12, 1, 100),
(35, 12, 5, 10),
(36, 12, 4, 10),
(37, 13, 1, 100),
(38, 13, 5, 10),
(39, 13, 4, 10),
(40, 14, 1, 100),
(41, 14, 5, 10),
(42, 14, 4, 10),
(43, 15, 1, 100),
(44, 15, 5, 10),
(45, 15, 4, 10),
(46, 16, 1, 100),
(47, 16, 5, 10),
(48, 16, 4, 10),
(49, 17, 1, 100),
(50, 17, 5, 10),
(51, 17, 4, 10),
(52, 18, 1, 100),
(53, 18, 5, 10),
(54, 18, 4, 10),
(55, 19, 1, 100),
(56, 19, 5, 10),
(57, 19, 4, 10),
(58, 20, 1, 100),
(59, 20, 5, 10),
(60, 20, 4, 10),
(61, 21, 1, 100),
(62, 21, 5, 10),
(63, 21, 4, 10),
(64, 22, 1, 100),
(65, 22, 5, 10),
(66, 22, 4, 10),
(67, 23, 1, 100),
(68, 23, 5, 10),
(69, 23, 4, 10),
(70, 24, 1, 100),
(71, 24, 5, 10),
(72, 24, 4, 10),
(73, 25, 1, 100),
(74, 25, 5, 10),
(75, 25, 4, 10),
(76, 26, 1, 100),
(77, 26, 5, 10),
(78, 26, 4, 10),
(79, 27, 1, 100),
(80, 27, 5, 10),
(81, 27, 4, 10),
(82, 28, 1, 100),
(83, 28, 5, 10),
(84, 28, 4, 10),
(85, 29, 1, 100),
(86, 29, 5, 10),
(87, 29, 4, 10),
(88, 30, 1, 100),
(89, 30, 5, 10),
(90, 30, 4, 10),
(91, 31, 1, 100),
(92, 31, 5, 10),
(93, 31, 4, 10),
(94, 32, 1, 100),
(95, 32, 5, 10),
(96, 32, 4, 10),
(97, 33, 1, 100),
(98, 33, 5, 10),
(99, 33, 4, 10),
(100, 34, 1, 100),
(101, 34, 5, 10),
(102, 34, 4, 10),
(103, 35, 1, 100),
(104, 35, 5, 10),
(105, 35, 4, 10),
(106, 36, 1, 100),
(107, 36, 5, 10),
(108, 36, 4, 10),
(109, 37, 1, 100),
(110, 37, 5, 10),
(111, 37, 4, 10),
(112, 38, 1, 100),
(113, 38, 5, 10),
(114, 38, 4, 10),
(115, 39, 1, 100),
(116, 39, 5, 10),
(117, 39, 4, 10),
(118, 40, 1, 100),
(119, 40, 5, 10),
(120, 40, 4, 10),
(121, 41, 1, 100),
(122, 41, 5, 10),
(123, 41, 4, 10),
(124, 42, 1, 100),
(125, 42, 5, 10),
(126, 42, 4, 10),
(127, 43, 1, 100),
(128, 43, 5, 10),
(129, 43, 4, 10),
(130, 44, 1, 100),
(131, 44, 5, 10),
(132, 44, 4, 10),
(133, 45, 1, 100),
(134, 45, 5, 10),
(135, 45, 4, 10),
(136, 46, 1, 100),
(137, 46, 5, 10),
(138, 46, 4, 10),
(139, 47, 1, 100),
(140, 47, 5, 10),
(141, 47, 4, 10),
(142, 48, 1, 100),
(143, 48, 5, 10),
(144, 48, 4, 10),
(145, 49, 1, 100),
(146, 49, 5, 10),
(147, 49, 4, 10),
(148, 50, 1, 100),
(149, 50, 5, 10),
(150, 50, 4, 10),
(151, 51, 1, 100),
(152, 51, 5, 10),
(153, 51, 4, 10),
(154, 52, 1, 100),
(155, 52, 5, 10),
(156, 52, 4, 10),
(157, 53, 1, 100),
(158, 53, 5, 10),
(159, 53, 4, 10),
(160, 54, 1, 100),
(161, 54, 5, 10),
(162, 54, 4, 10),
(163, 55, 1, 100),
(164, 55, 5, 10),
(165, 55, 4, 10),
(166, 56, 1, 100),
(167, 56, 5, 10),
(168, 56, 4, 10),
(169, 57, 1, 100),
(170, 57, 5, 10),
(171, 57, 4, 10),
(172, 58, 1, 100),
(173, 58, 5, 10),
(174, 58, 4, 10),
(175, 59, 1, 100),
(176, 59, 5, 10),
(177, 59, 4, 10),
(178, 60, 1, 100),
(179, 60, 5, 10),
(180, 60, 4, 10),
(181, 61, 1, 100),
(182, 61, 5, 10),
(183, 61, 4, 10),
(184, 62, 1, 100),
(185, 62, 5, 10),
(186, 62, 4, 10),
(187, 63, 1, 100),
(188, 63, 5, 10),
(189, 63, 4, 10),
(190, 64, 1, 100),
(191, 64, 5, 10),
(192, 64, 4, 10),
(193, 65, 1, 100),
(194, 65, 5, 10),
(195, 65, 4, 10),
(196, 66, 1, 100),
(197, 66, 5, 10),
(198, 66, 4, 10),
(199, 67, 1, 100),
(200, 67, 5, 10),
(201, 67, 4, 10),
(202, 68, 1, 100),
(203, 68, 5, 10),
(204, 68, 4, 10),
(205, 69, 1, 100),
(206, 69, 5, 10),
(207, 69, 4, 10),
(208, 70, 1, 100),
(209, 70, 5, 10),
(210, 70, 4, 10),
(211, 71, 1, 100),
(212, 71, 5, 10),
(213, 71, 4, 10),
(214, 72, 1, 100),
(215, 72, 5, 10),
(216, 72, 4, 10),
(217, 73, 1, 100),
(218, 73, 5, 10),
(219, 73, 4, 10),
(220, 74, 1, 100),
(221, 74, 5, 10),
(222, 74, 4, 10),
(223, 75, 1, 100),
(224, 75, 5, 10),
(225, 75, 4, 10),
(226, 76, 1, 100),
(227, 76, 5, 10),
(228, 76, 4, 10),
(229, 77, 1, 100),
(230, 77, 5, 10),
(231, 77, 4, 10),
(232, 78, 1, 100),
(233, 78, 5, 10),
(234, 78, 4, 10),
(235, 79, 1, 100),
(236, 79, 5, 10),
(237, 79, 4, 10),
(238, 80, 1, 100),
(239, 80, 5, 10),
(240, 80, 4, 10),
(241, 81, 1, 100),
(242, 81, 5, 10),
(243, 81, 4, 10),
(244, 82, 1, 100),
(245, 82, 5, 10),
(246, 82, 4, 10),
(247, 83, 1, 100),
(248, 83, 5, 10),
(249, 83, 4, 10),
(250, 84, 1, 100),
(251, 84, 5, 10),
(252, 84, 4, 10),
(253, 85, 1, 100),
(254, 85, 5, 10),
(255, 85, 4, 10),
(256, 86, 1, 100),
(257, 86, 5, 10),
(258, 86, 4, 10),
(259, 87, 1, 100),
(260, 87, 5, 10),
(261, 87, 4, 10),
(262, 88, 1, 100),
(263, 88, 5, 10),
(264, 88, 4, 10),
(265, 89, 1, 100),
(266, 89, 5, 10),
(267, 89, 4, 10),
(268, 90, 1, 100),
(269, 90, 5, 10),
(270, 90, 4, 10),
(271, 91, 1, 100),
(272, 91, 5, 10),
(273, 91, 4, 10),
(274, 92, 1, 100),
(275, 92, 5, 10),
(276, 92, 4, 10),
(277, 93, 1, 100),
(278, 93, 5, 10),
(279, 93, 4, 10),
(280, 94, 1, 100),
(281, 94, 5, 10),
(282, 94, 4, 10),
(283, 95, 1, 100),
(284, 95, 5, 10),
(285, 95, 4, 10),
(286, 96, 1, 100),
(287, 96, 5, 10),
(288, 96, 4, 10),
(289, 97, 1, 100),
(290, 97, 5, 10),
(291, 97, 4, 10),
(292, 98, 1, 100),
(293, 98, 5, 10),
(294, 98, 4, 10),
(295, 99, 1, 100),
(296, 99, 5, 10),
(297, 99, 4, 10),
(298, 100, 1, 100),
(299, 100, 5, 10),
(300, 100, 4, 10),
(301, 101, 1, 100),
(302, 101, 5, 10),
(303, 101, 4, 10),
(304, 102, 1, 100),
(305, 102, 5, 10),
(306, 102, 4, 10),
(307, 103, 1, 100),
(308, 103, 5, 10),
(309, 103, 4, 10),
(310, 104, 1, 100),
(311, 104, 5, 10),
(312, 104, 4, 10),
(313, 105, 1, 100),
(314, 105, 5, 10),
(315, 105, 4, 10),
(316, 106, 1, 100),
(317, 106, 5, 10),
(318, 106, 4, 10),
(319, 107, 1, 100),
(320, 107, 5, 10),
(321, 107, 4, 10),
(322, 108, 1, 100),
(323, 108, 5, 10),
(324, 108, 4, 10),
(325, 109, 1, 100),
(326, 109, 5, 10),
(327, 109, 4, 10),
(328, 110, 1, 100),
(329, 110, 5, 10),
(330, 110, 4, 10),
(331, 111, 1, 100),
(332, 111, 5, 10),
(333, 111, 4, 10),
(334, 112, 1, 100),
(335, 112, 5, 10),
(336, 112, 4, 10),
(337, 113, 1, 100),
(338, 113, 5, 10),
(339, 113, 4, 10),
(340, 114, 1, 100),
(341, 114, 5, 10),
(342, 114, 4, 10),
(343, 115, 1, 100),
(344, 115, 5, 10),
(345, 115, 4, 10),
(346, 116, 1, 100),
(347, 116, 5, 10),
(348, 116, 4, 10),
(349, 117, 1, 100),
(350, 117, 5, 10),
(351, 117, 4, 10),
(352, 118, 1, 100),
(353, 118, 5, 10),
(354, 118, 4, 10),
(355, 119, 1, 100),
(356, 119, 5, 10),
(357, 119, 4, 10),
(358, 120, 1, 100),
(359, 120, 5, 10),
(360, 120, 4, 10),
(361, 121, 1, 100),
(362, 121, 5, 10),
(363, 121, 4, 10),
(364, 122, 1, 100),
(365, 122, 5, 10),
(366, 122, 4, 10),
(367, 123, 1, 100),
(368, 123, 5, 10),
(369, 123, 4, 10),
(370, 124, 1, 100),
(371, 124, 5, 10),
(372, 124, 4, 10),
(373, 125, 1, 100),
(374, 125, 5, 10),
(375, 125, 4, 10),
(376, 126, 1, 100),
(377, 126, 5, 10),
(378, 126, 4, 10),
(379, 127, 1, 100),
(380, 127, 5, 10),
(381, 127, 4, 10),
(382, 128, 1, 100),
(383, 128, 5, 10),
(384, 128, 4, 10),
(385, 129, 1, 100),
(386, 129, 5, 10),
(387, 129, 4, 10),
(388, 130, 1, 100),
(389, 130, 5, 10),
(390, 130, 4, 10),
(391, 131, 1, 100),
(392, 131, 5, 10),
(393, 131, 4, 10),
(394, 132, 1, 100),
(395, 132, 5, 10),
(396, 132, 4, 10),
(397, 133, 1, 100),
(398, 133, 5, 10),
(399, 133, 4, 10),
(400, 134, 1, 100),
(401, 134, 5, 10),
(402, 134, 4, 10),
(403, 135, 1, 100),
(404, 135, 5, 10),
(405, 135, 4, 10),
(406, 136, 1, 100),
(407, 136, 5, 10),
(408, 136, 4, 10),
(409, 137, 1, 100),
(410, 137, 5, 10),
(411, 137, 4, 10),
(412, 138, 1, 100),
(413, 138, 5, 10),
(414, 138, 4, 10),
(415, 139, 1, 100),
(416, 139, 5, 10),
(417, 139, 4, 10),
(418, 140, 1, 100),
(419, 140, 5, 10),
(420, 140, 4, 10),
(421, 141, 1, 100),
(422, 141, 5, 10),
(423, 141, 4, 10),
(424, 142, 1, 100),
(425, 142, 5, 10),
(426, 142, 4, 10),
(427, 143, 1, 100),
(428, 143, 5, 10),
(429, 143, 4, 10),
(430, 144, 1, 100),
(431, 144, 5, 10),
(432, 144, 4, 10),
(433, 145, 1, 100),
(434, 145, 5, 10),
(435, 145, 4, 10),
(436, 146, 1, 100),
(437, 146, 5, 10),
(438, 146, 4, 10),
(439, 147, 1, 100),
(440, 147, 5, 10),
(441, 147, 4, 10),
(442, 148, 1, 100),
(443, 148, 5, 10),
(444, 148, 4, 10),
(445, 149, 1, 100),
(446, 149, 5, 10),
(447, 149, 4, 10),
(448, 150, 1, 100),
(449, 150, 5, 10),
(450, 150, 4, 10),
(451, 151, 1, 100),
(452, 151, 5, 10),
(453, 151, 4, 10),
(454, 152, 1, 100),
(455, 152, 5, 10),
(456, 152, 4, 10),
(457, 153, 1, 100),
(458, 153, 5, 10),
(459, 153, 4, 10),
(460, 154, 1, 100),
(461, 154, 5, 10),
(462, 154, 4, 10),
(463, 155, 1, 100),
(464, 155, 5, 10),
(465, 155, 4, 10),
(466, 156, 1, 100),
(467, 156, 5, 10),
(468, 156, 4, 10),
(469, 157, 1, 100),
(470, 157, 5, 10),
(471, 157, 4, 10),
(472, 158, 1, 100),
(473, 158, 5, 10),
(474, 158, 4, 10),
(475, 159, 1, 100),
(476, 159, 5, 10),
(477, 159, 4, 10),
(478, 160, 1, 100),
(479, 160, 5, 10),
(480, 160, 4, 10),
(481, 161, 1, 100),
(482, 161, 5, 10),
(483, 161, 4, 10),
(484, 162, 1, 100),
(485, 162, 5, 10),
(486, 162, 4, 10),
(487, 163, 1, 100),
(488, 163, 5, 10),
(489, 163, 4, 10),
(490, 164, 1, 100),
(491, 164, 5, 10),
(492, 164, 4, 10),
(493, 165, 1, 100),
(494, 165, 5, 10),
(495, 165, 4, 10),
(496, 166, 1, 100),
(497, 166, 5, 10),
(498, 166, 4, 10),
(499, 167, 1, 100),
(500, 167, 5, 10),
(501, 167, 4, 10),
(502, 168, 1, 100),
(503, 168, 5, 10),
(504, 168, 4, 10),
(505, 169, 1, 100),
(506, 169, 5, 10),
(507, 169, 4, 10),
(508, 170, 1, 100),
(509, 170, 5, 10),
(510, 170, 4, 10),
(511, 171, 1, 100),
(512, 171, 5, 10),
(513, 171, 4, 10),
(514, 172, 1, 100),
(515, 172, 5, 10),
(516, 172, 4, 10),
(517, 173, 1, 100),
(518, 173, 5, 10),
(519, 173, 4, 10),
(520, 174, 1, 100),
(521, 174, 5, 10),
(522, 174, 4, 10),
(523, 175, 1, 100),
(524, 175, 5, 10),
(525, 175, 4, 10),
(526, 176, 1, 100),
(527, 176, 5, 10),
(528, 176, 4, 10),
(529, 177, 1, 100),
(530, 177, 5, 10),
(531, 177, 4, 10),
(532, 178, 1, 100),
(533, 178, 5, 10),
(534, 178, 4, 10),
(535, 179, 1, 100),
(536, 179, 5, 10),
(537, 179, 4, 10),
(538, 180, 1, 100),
(539, 180, 5, 10),
(540, 180, 4, 10),
(541, 181, 1, 100),
(542, 181, 5, 10),
(543, 181, 4, 10),
(544, 182, 1, 100),
(545, 182, 5, 10),
(546, 182, 4, 10),
(547, 183, 1, 100),
(548, 183, 5, 10),
(549, 183, 4, 10),
(550, 184, 1, 100),
(551, 184, 5, 10),
(552, 184, 4, 10),
(553, 185, 1, 100),
(554, 185, 5, 10),
(555, 185, 4, 10),
(556, 186, 1, 100),
(557, 186, 5, 10),
(558, 186, 4, 10),
(559, 187, 1, 100),
(560, 187, 5, 10),
(561, 187, 4, 10),
(562, 188, 1, 100),
(563, 188, 5, 10),
(564, 188, 4, 10),
(565, 189, 1, 100),
(566, 189, 5, 10),
(567, 189, 4, 10),
(568, 190, 1, 100),
(569, 190, 5, 10),
(570, 190, 4, 10),
(571, 191, 1, 100),
(572, 191, 5, 10),
(573, 191, 4, 10),
(574, 192, 1, 100),
(575, 192, 5, 10),
(576, 192, 4, 10),
(577, 193, 1, 100),
(578, 193, 5, 10),
(579, 193, 4, 10),
(580, 194, 1, 100),
(581, 194, 5, 10),
(582, 194, 4, 10),
(583, 195, 1, 100),
(584, 195, 5, 10),
(585, 195, 4, 10),
(586, 196, 1, 100),
(587, 196, 5, 10),
(588, 196, 4, 10),
(589, 197, 1, 100),
(590, 197, 5, 10),
(591, 197, 4, 10),
(592, 198, 1, 100),
(593, 198, 5, 10),
(594, 198, 4, 10),
(595, 199, 1, 100),
(596, 199, 5, 10),
(597, 199, 4, 10),
(598, 200, 1, 100),
(599, 200, 5, 10),
(600, 200, 4, 10),
(601, 201, 1, 100),
(602, 201, 5, 10),
(603, 201, 4, 10),
(604, 202, 1, 100),
(605, 202, 5, 10),
(606, 202, 4, 10),
(607, 203, 1, 100),
(608, 203, 5, 10),
(609, 203, 4, 10),
(610, 204, 1, 100),
(611, 204, 5, 10),
(612, 204, 4, 10),
(613, 205, 1, 100),
(614, 205, 5, 10),
(615, 205, 4, 10),
(616, 206, 1, 100),
(617, 206, 5, 10),
(618, 206, 4, 10),
(619, 207, 1, 100),
(620, 207, 5, 10),
(621, 207, 4, 10),
(622, 208, 1, 100),
(623, 208, 5, 10),
(624, 208, 4, 10),
(625, 209, 1, 100),
(626, 209, 5, 10),
(627, 209, 4, 10),
(628, 210, 1, 100),
(629, 210, 5, 10),
(630, 210, 4, 10),
(631, 211, 1, 100),
(632, 211, 5, 10),
(633, 211, 4, 10),
(634, 212, 1, 100),
(635, 212, 5, 10),
(636, 212, 4, 10),
(637, 213, 1, 100),
(638, 213, 5, 10),
(639, 213, 4, 10),
(640, 214, 1, 100),
(641, 214, 5, 10),
(642, 214, 4, 10);

-- --------------------------------------------------------

--
-- Table structure for table `c_award_type`
--

CREATE TABLE IF NOT EXISTS `c_award_type` (
  `AwardTypeID` int(11) NOT NULL AUTO_INCREMENT,
  `Name` varchar(255) CHARACTER SET utf8 COLLATE utf8_unicode_ci NOT NULL,
  PRIMARY KEY (`AwardTypeID`)
) ENGINE=InnoDB  DEFAULT CHARSET=latin1 AUTO_INCREMENT=6 ;

--
-- Dumping data for table `c_award_type`
--

INSERT INTO `c_award_type` (`AwardTypeID`, `Name`) VALUES
(1, 'Gold'),
(2, ' Exp'),
(3, 'Item'),
(4, 'Iron'),
(5, 'Wood');

-- --------------------------------------------------------

--
-- Table structure for table `c_backup`
--

CREATE TABLE IF NOT EXISTS `c_backup` (
  `ID` int(11) NOT NULL AUTO_INCREMENT,
  `DateTime` datetime NOT NULL,
  `Link` varchar(255) NOT NULL,
  PRIMARY KEY (`ID`)
) ENGINE=InnoDB  DEFAULT CHARSET=latin1 AUTO_INCREMENT=17 ;

--
-- Dumping data for table `c_backup`
--

INSERT INTO `c_backup` (`ID`, `DateTime`, `Link`) VALUES
(4, '2012-04-09 15:04:14', 'backup_2012-04-09_15-09.sql'),
(5, '2012-04-09 15:04:33', 'backup_2012-04-09_15-09.sql'),
(6, '2012-04-09 15:04:53', 'backup_2012-04-09_15-09.sql'),
(7, '2012-04-09 15:04:03', 'backup_2012-04-09_15-10.sql'),
(8, '2012-04-09 15:04:58', 'backup_2012-04-09_15-13.sql'),
(9, '2012-04-09 15:04:11', 'backup_2012-04-09_15-15.sql'),
(10, '2012-04-09 15:04:54', 'backup_2012-04-09_15-15.sql'),
(11, '2012-04-09 15:16:31', 'backup_2012-04-09_15-16.sql'),
(12, '2012-04-09 15:30:27', 'backup_2012-04-09_15-30.sql'),
(13, '2012-04-09 15:33:41', 'backup_2012-04-09_15-33.sql'),
(14, '2012-04-09 15:34:28', 'backup_2012-04-09_15-34.sql'),
(15, '2012-04-09 15:35:44', 'backup_2012-04-09_15-35.sql'),
(16, '2012-04-09 15:51:53', 'backup_2012-04-09_15-51.sql');

-- --------------------------------------------------------

--
-- Table structure for table `c_battle`
--

CREATE TABLE IF NOT EXISTS `c_battle` (
  `ID` int(11) NOT NULL AUTO_INCREMENT,
  `Layout` int(11) NOT NULL,
  `Order` int(11) DEFAULT NULL,
  `Campaign` int(11) NOT NULL,
  `Temp` varchar(255) DEFAULT NULL,
  PRIMARY KEY (`ID`),
  KEY `Layout` (`Layout`,`Order`),
  KEY `Campaign` (`Campaign`)
) ENGINE=InnoDB  DEFAULT CHARSET=latin1 AUTO_INCREMENT=215 ;

--
-- Dumping data for table `c_battle`
--

INSERT INTO `c_battle` (`ID`, `Layout`, `Order`, `Campaign`, `Temp`) VALUES
(1, 1, 0, 1001, NULL),
(2, 1, 1, 1001, NULL),
(3, 1, 2, 1001, NULL),
(4, 2, 3, 1001, NULL),
(5, 1, 4, 1001, NULL),
(6, 2, 5, 1001, NULL),
(7, 2, 6, 1001, NULL),
(8, 1, 7, 1001, NULL),
(9, 1, 8, 1001, NULL),
(10, 3, 0, 1002, NULL),
(11, 1, 1, 1002, NULL),
(12, 7, 2, 1002, NULL),
(13, 2, 3, 1002, NULL),
(14, 8, 4, 1002, NULL),
(15, 8, 5, 1002, NULL),
(16, 7, 6, 1002, NULL),
(17, 3, 7, 1002, NULL),
(18, 1, 8, 1002, NULL),
(19, 2, 0, 1003, NULL),
(20, 1, 1, 1003, NULL),
(21, 8, 2, 1003, NULL),
(22, 8, 3, 1003, NULL),
(23, 2, 4, 1003, NULL),
(24, 8, 5, 1003, NULL),
(25, 8, 6, 1003, NULL),
(26, 7, 7, 1003, NULL),
(27, 1, 8, 1003, NULL),
(28, 7, 9, 1003, NULL),
(29, 8, 10, 1003, NULL),
(30, 8, 11, 1003, NULL),
(31, 1, 0, 1004, NULL),
(32, 3, 1, 1004, NULL),
(33, 8, 2, 1004, NULL),
(34, 7, 3, 1004, NULL),
(35, 2, 4, 1004, NULL),
(36, 7, 5, 1004, NULL),
(37, 1, 6, 1004, NULL),
(38, 2, 7, 1004, NULL),
(39, 2, 8, 1004, NULL),
(40, 8, 9, 1004, NULL),
(41, 1, 10, 1004, NULL),
(42, 7, 0, 1005, NULL),
(43, 8, 1, 1005, NULL),
(44, 8, 2, 1005, NULL),
(45, 8, 3, 1005, NULL),
(46, 1, 4, 1005, NULL),
(47, 8, 5, 1005, NULL),
(48, 2, 6, 1005, NULL),
(49, 8, 7, 1005, NULL),
(50, 2, 8, 1005, NULL),
(51, 8, 9, 1005, NULL),
(52, 7, 10, 1005, NULL),
(53, 3, 11, 1005, NULL),
(54, 3, 0, 1006, NULL),
(55, 7, 1, 1006, NULL),
(56, 3, 2, 1006, NULL),
(57, 7, 3, 1006, NULL),
(58, 7, 4, 1006, NULL),
(59, 3, 5, 1006, NULL),
(60, 1, 6, 1006, NULL),
(61, 1, 7, 1006, NULL),
(62, 2, 8, 1006, NULL),
(63, 1, 9, 1006, NULL),
(64, 8, 10, 1006, NULL),
(65, 3, 11, 1006, NULL),
(66, 7, 12, 1006, NULL),
(67, 8, 13, 1006, NULL),
(68, 7, 14, 1006, NULL),
(69, 3, 0, 1007, NULL),
(70, 2, 1, 1007, NULL),
(71, 3, 2, 1007, NULL),
(72, 7, 3, 1007, NULL),
(73, 7, 4, 1007, NULL),
(74, 3, 5, 1007, NULL),
(75, 3, 6, 1007, NULL),
(76, 1, 7, 1007, NULL),
(77, 3, 0, 1008, NULL),
(78, 8, 1, 1008, NULL),
(79, 3, 2, 1008, NULL),
(80, 1, 3, 1008, NULL),
(81, 7, 4, 1008, NULL),
(82, 2, 5, 1008, NULL),
(83, 1, 6, 1008, NULL),
(84, 7, 7, 1008, NULL),
(85, 7, 8, 1008, NULL),
(86, 8, 9, 1008, NULL),
(87, 7, 0, 2, NULL),
(88, 7, 1, 2, NULL),
(89, 7, 2, 2, NULL),
(90, 7, 3, 2, NULL),
(91, 1, 4, 2, NULL),
(92, 1, 5, 2, NULL),
(93, 7, 6, 2, NULL),
(94, 7, 7, 2, NULL),
(95, 1, 0, 1009, NULL),
(96, 7, 1, 1009, NULL),
(97, 7, 2, 1009, NULL),
(98, 2, 3, 1009, NULL),
(99, 1, 4, 1009, NULL),
(100, 2, 5, 1009, NULL),
(101, 2, 6, 1009, NULL),
(102, 8, 7, 1009, NULL),
(103, 1, 8, 1009, NULL),
(104, 8, 9, 1009, NULL),
(105, 1, 10, 1009, NULL),
(106, 3, 11, 1009, NULL),
(107, 1, 0, 1010, NULL),
(108, 1, 1, 1010, NULL),
(109, 1, 2, 1010, NULL),
(110, 7, 3, 1010, NULL),
(111, 2, 4, 1010, NULL),
(112, 3, 5, 1010, NULL),
(113, 2, 6, 1010, NULL),
(114, 8, 7, 1010, NULL),
(115, 7, 8, 1010, NULL),
(116, 7, 9, 1010, NULL),
(117, 7, 10, 1010, NULL),
(118, 7, 11, 1010, NULL),
(119, 7, 12, 1010, NULL),
(120, 2, 13, 1010, NULL),
(121, 8, 0, 1011, NULL),
(122, 8, 1, 1011, NULL),
(123, 7, 2, 1011, NULL),
(124, 8, 3, 1011, NULL),
(125, 1, 4, 1011, NULL),
(126, 2, 5, 1011, NULL),
(127, 1, 6, 1011, NULL),
(128, 2, 7, 1011, NULL),
(129, 1, 8, 1011, NULL),
(130, 7, 9, 1011, NULL),
(131, 7, 0, 1012, NULL),
(132, 1, 1, 1012, NULL),
(133, 8, 2, 1012, NULL),
(134, 8, 3, 1012, NULL),
(135, 7, 4, 1012, NULL),
(136, 3, 5, 1012, NULL),
(137, 3, 6, 1012, NULL),
(138, 1, 7, 1012, NULL),
(139, 2, 0, 1013, NULL),
(140, 7, 1, 1013, NULL),
(141, 7, 2, 1013, NULL),
(142, 3, 3, 1013, NULL),
(143, 1, 4, 1013, NULL),
(144, 1, 5, 1013, NULL),
(145, 1, 6, 1013, NULL),
(146, 8, 7, 1013, NULL),
(147, 7, 8, 1013, NULL),
(148, 8, 9, 1013, NULL),
(149, 8, 10, 1013, NULL),
(150, 8, 11, 1013, NULL),
(151, 2, 12, 1013, NULL),
(152, 8, 13, 1013, NULL),
(153, 2, 14, 1013, NULL),
(154, 7, 15, 1013, NULL),
(155, 8, 0, 1014, NULL),
(156, 1, 1, 1014, NULL),
(157, 1, 2, 1014, NULL),
(158, 2, 3, 1014, NULL),
(159, 1, 4, 1014, NULL),
(160, 3, 5, 1014, NULL),
(161, 8, 6, 1014, NULL),
(162, 7, 7, 1014, NULL),
(163, 1, 8, 1014, NULL),
(164, 1, 9, 1014, NULL),
(165, 8, 0, 1015, NULL),
(166, 3, 1, 1015, NULL),
(167, 2, 2, 1015, NULL),
(168, 2, 3, 1015, NULL),
(169, 3, 4, 1015, NULL),
(170, 3, 5, 1015, NULL),
(171, 1, 6, 1015, NULL),
(172, 7, 7, 1015, NULL),
(173, 7, 8, 1015, NULL),
(174, 8, 9, 1015, NULL),
(175, 2, 10, 1015, NULL),
(176, 3, 11, 1015, NULL),
(177, 7, 12, 1015, NULL),
(178, 1, 13, 1015, NULL),
(179, 1, 14, 1015, NULL),
(180, 8, 15, 1015, NULL),
(181, 3, 16, 1015, NULL),
(182, 3, 17, 1015, NULL),
(183, 3, 0, 1016, NULL),
(184, 8, 1, 1016, NULL),
(185, 7, 2, 1016, NULL),
(186, 8, 3, 1016, NULL),
(187, 1, 4, 1016, NULL),
(188, 7, 5, 1016, NULL),
(189, 1, 6, 1016, NULL),
(190, 8, 7, 1016, NULL),
(191, 1, 8, 1016, NULL),
(192, 2, 9, 1016, NULL),
(193, 8, 10, 1016, NULL),
(194, 1, 11, 1016, NULL),
(195, 2, 12, 1016, NULL),
(196, 7, 13, 1016, NULL),
(197, 8, 0, 3, NULL),
(198, 1, 1, 3, NULL),
(199, 1, 2, 3, NULL),
(200, 2, 3, 3, NULL),
(201, 8, 4, 3, NULL),
(202, 7, 5, 3, NULL),
(203, 7, 6, 3, NULL),
(204, 3, 7, 3, NULL),
(205, 1, 8, 3, NULL),
(206, 7, 9, 3, NULL),
(207, 8, 10, 3, NULL),
(208, 8, 11, 3, NULL),
(209, 8, 12, 3, NULL),
(210, 1, 13, 3, NULL),
(211, 1, 14, 3, NULL),
(212, 2, 15, 3, NULL),
(213, 1, 16, 3, NULL),
(214, 3, 17, 3, NULL);

-- --------------------------------------------------------

--
-- Table structure for table `c_battle_soldier`
--

CREATE TABLE IF NOT EXISTS `c_battle_soldier` (
  `ID` int(11) NOT NULL AUTO_INCREMENT,
  `BattleID` int(11) NOT NULL,
  `Point` int(11) NOT NULL,
  `Soldier` int(11) NOT NULL,
  `Level` int(11) NOT NULL,
  `Temp` varchar(255) CHARACTER SET utf8 COLLATE utf8_unicode_ci DEFAULT NULL,
  PRIMARY KEY (`ID`),
  KEY `BattleID` (`BattleID`,`Soldier`),
  KEY `Soldier` (`Soldier`)
) ENGINE=InnoDB  DEFAULT CHARSET=latin1 AUTO_INCREMENT=1047 ;

--
-- Dumping data for table `c_battle_soldier`
--

INSERT INTO `c_battle_soldier` (`ID`, `BattleID`, `Point`, `Soldier`, `Level`, `Temp`) VALUES
(1, 1, 1, 15028, 1, NULL),
(2, 2, 1, 15015, 1, NULL),
(3, 3, 1, 15036, 1, NULL),
(4, 4, 1, 15007, 1, NULL),
(5, 4, 3, 15013, 1, NULL),
(6, 5, 0, 15023, 1, NULL),
(7, 5, 2, 15002, 1, NULL),
(8, 6, 1, 15004, 1, NULL),
(9, 6, 3, 15033, 1, NULL),
(10, 6, 5, 15025, 1, NULL),
(11, 7, 1, 15001, 1, NULL),
(12, 7, 3, 15035, 1, NULL),
(13, 7, 4, 15027, 1, NULL),
(14, 8, 0, 15009, 1, NULL),
(15, 8, 1, 15028, 1, NULL),
(16, 8, 2, 15017, 1, NULL),
(17, 8, 4, 15001, 1, NULL),
(18, 9, 0, 15010, 1, NULL),
(19, 9, 1, 15031, 1, NULL),
(20, 9, 2, 15024, 1, NULL),
(21, 9, 4, 15008, 1, NULL),
(22, 10, 0, 15036, 1, NULL),
(23, 10, 2, 15029, 1, NULL),
(24, 10, 4, 15010, 1, NULL),
(25, 10, 6, 15002, 1, NULL),
(26, 10, 8, 15016, 1, NULL),
(27, 11, 0, 15025, 1, NULL),
(28, 11, 1, 15018, 1, NULL),
(29, 11, 2, 15007, 1, NULL),
(30, 11, 4, 15007, 1, NULL),
(31, 11, 7, 15019, 1, NULL),
(32, 12, 1, 15035, 1, NULL),
(33, 12, 3, 15030, 1, NULL),
(34, 12, 5, 15035, 1, NULL),
(35, 12, 6, 15035, 1, NULL),
(36, 12, 8, 15019, 1, NULL),
(37, 13, 1, 15002, 1, NULL),
(38, 13, 3, 15010, 1, NULL),
(39, 13, 4, 15012, 1, NULL),
(40, 13, 5, 15018, 1, NULL),
(41, 13, 7, 15022, 1, NULL),
(42, 14, 2, 15017, 1, NULL),
(43, 14, 3, 15010, 1, NULL),
(44, 14, 4, 15001, 1, NULL),
(45, 14, 5, 15021, 1, NULL),
(46, 14, 6, 15010, 1, NULL),
(47, 15, 2, 15028, 1, NULL),
(48, 15, 3, 15003, 1, NULL),
(49, 15, 4, 15036, 1, NULL),
(50, 15, 5, 15018, 1, NULL),
(51, 15, 6, 15005, 2, NULL),
(52, 16, 1, 15019, 1, NULL),
(53, 16, 3, 15034, 1, NULL),
(54, 16, 5, 15032, 1, NULL),
(55, 16, 6, 15006, 1, NULL),
(56, 16, 8, 15024, 2, NULL),
(57, 17, 0, 15028, 1, NULL),
(58, 17, 2, 15033, 1, NULL),
(59, 17, 4, 15010, 1, NULL),
(60, 17, 6, 15015, 1, NULL),
(61, 17, 8, 15002, 2, NULL),
(62, 18, 0, 15013, 1, NULL),
(63, 18, 1, 15020, 1, NULL),
(64, 18, 2, 15005, 1, NULL),
(65, 18, 4, 15029, 1, NULL),
(66, 18, 7, 15025, 2, NULL),
(67, 19, 1, 15011, 1, NULL),
(68, 19, 3, 15017, 1, NULL),
(69, 19, 4, 15028, 1, NULL),
(70, 19, 5, 15028, 2, NULL),
(71, 19, 7, 15027, 2, NULL),
(72, 20, 0, 15003, 1, NULL),
(73, 20, 1, 15003, 1, NULL),
(74, 20, 2, 15035, 1, NULL),
(75, 20, 4, 15017, 2, NULL),
(76, 20, 7, 15031, 2, NULL),
(77, 21, 2, 15024, 1, NULL),
(78, 21, 3, 15002, 1, NULL),
(79, 21, 4, 15006, 1, NULL),
(80, 21, 5, 15025, 2, NULL),
(81, 21, 6, 15001, 2, NULL),
(82, 22, 2, 15019, 1, NULL),
(83, 22, 3, 15029, 1, NULL),
(84, 22, 4, 15021, 1, NULL),
(85, 22, 5, 15036, 2, NULL),
(86, 22, 6, 15032, 2, NULL),
(87, 23, 1, 15003, 1, NULL),
(88, 23, 3, 15020, 1, NULL),
(89, 23, 4, 15033, 2, NULL),
(90, 23, 5, 15035, 2, NULL),
(91, 23, 7, 15019, 2, NULL),
(92, 24, 2, 15024, 1, NULL),
(93, 24, 3, 15030, 1, NULL),
(94, 24, 4, 15008, 2, NULL),
(95, 24, 5, 15002, 2, NULL),
(96, 24, 6, 15001, 2, NULL),
(97, 25, 2, 15012, 1, NULL),
(98, 25, 3, 15031, 1, NULL),
(99, 25, 4, 15019, 2, NULL),
(100, 25, 5, 15002, 2, NULL),
(101, 25, 6, 15029, 2, NULL),
(102, 26, 1, 15034, 1, NULL),
(103, 26, 3, 15005, 1, NULL),
(104, 26, 5, 15016, 2, NULL),
(105, 26, 6, 15036, 2, NULL),
(106, 26, 8, 15015, 2, NULL),
(107, 27, 0, 15034, 1, NULL),
(108, 27, 1, 15020, 2, NULL),
(109, 27, 2, 15036, 2, NULL),
(110, 27, 4, 15002, 2, NULL),
(111, 27, 7, 15013, 2, NULL),
(112, 28, 1, 15014, 1, NULL),
(113, 28, 3, 15010, 2, NULL),
(114, 28, 5, 15003, 2, NULL),
(115, 28, 6, 15029, 2, NULL),
(116, 28, 8, 15014, 2, NULL),
(117, 29, 2, 15010, 1, NULL),
(118, 29, 3, 15012, 2, NULL),
(119, 29, 4, 15025, 2, NULL),
(120, 29, 5, 15023, 2, NULL),
(121, 29, 6, 15030, 2, NULL),
(122, 30, 2, 15018, 1, NULL),
(123, 30, 3, 15016, 2, NULL),
(124, 30, 4, 15010, 2, NULL),
(125, 30, 5, 15001, 2, NULL),
(126, 30, 6, 15032, 2, NULL),
(127, 31, 0, 15005, 2, NULL),
(128, 31, 1, 15018, 2, NULL),
(129, 31, 2, 15008, 2, NULL),
(130, 31, 4, 15007, 2, NULL),
(131, 31, 7, 15014, 3, NULL),
(132, 32, 0, 15017, 2, NULL),
(133, 32, 2, 15014, 2, NULL),
(134, 32, 4, 15025, 2, NULL),
(135, 32, 6, 15034, 2, NULL),
(136, 32, 8, 15020, 3, NULL),
(137, 33, 2, 15028, 2, NULL),
(138, 33, 3, 15035, 2, NULL),
(139, 33, 4, 15002, 2, NULL),
(140, 33, 5, 15017, 2, NULL),
(141, 33, 6, 15009, 3, NULL),
(142, 34, 1, 15017, 2, NULL),
(143, 34, 3, 15008, 2, NULL),
(144, 34, 5, 15030, 2, NULL),
(145, 34, 6, 15030, 2, NULL),
(146, 34, 8, 15020, 3, NULL),
(147, 35, 1, 15019, 2, NULL),
(148, 35, 3, 15001, 2, NULL),
(149, 35, 4, 15006, 2, NULL),
(150, 35, 5, 15022, 2, NULL),
(151, 35, 7, 15012, 4, NULL),
(152, 36, 1, 15027, 2, NULL),
(153, 36, 3, 15012, 2, NULL),
(154, 36, 5, 15012, 2, NULL),
(155, 36, 6, 15004, 2, NULL),
(156, 36, 8, 15033, 4, NULL),
(157, 37, 0, 15010, 2, NULL),
(158, 37, 1, 15016, 2, NULL),
(159, 37, 2, 15013, 2, NULL),
(160, 37, 4, 15031, 2, NULL),
(161, 37, 7, 15034, 4, NULL),
(162, 38, 1, 15023, 2, NULL),
(163, 38, 3, 15027, 2, NULL),
(164, 38, 4, 15028, 2, NULL),
(165, 38, 5, 15005, 2, NULL),
(166, 38, 7, 15022, 4, NULL),
(167, 39, 1, 15003, 2, NULL),
(168, 39, 3, 15013, 2, NULL),
(169, 39, 4, 15019, 2, NULL),
(170, 39, 5, 15006, 3, NULL),
(171, 39, 7, 15036, 4, NULL),
(172, 40, 2, 15019, 2, NULL),
(173, 40, 3, 15010, 2, NULL),
(174, 40, 4, 15034, 2, NULL),
(175, 40, 5, 15021, 3, NULL),
(176, 40, 6, 15029, 4, NULL),
(177, 41, 0, 15021, 2, NULL),
(178, 41, 1, 15026, 2, NULL),
(179, 41, 2, 15031, 2, NULL),
(180, 41, 4, 15019, 3, NULL),
(181, 41, 7, 15031, 4, NULL),
(182, 42, 1, 15003, 2, NULL),
(183, 42, 3, 15004, 2, NULL),
(184, 42, 5, 15012, 3, NULL),
(185, 42, 6, 15009, 3, NULL),
(186, 42, 8, 15026, 4, NULL),
(187, 43, 2, 15032, 2, NULL),
(188, 43, 3, 15011, 2, NULL),
(189, 43, 4, 15027, 3, NULL),
(190, 43, 5, 15013, 3, NULL),
(191, 43, 6, 15009, 4, NULL),
(192, 44, 2, 15028, 2, NULL),
(193, 44, 3, 15001, 2, NULL),
(194, 44, 4, 15031, 3, NULL),
(195, 44, 5, 15021, 3, NULL),
(196, 44, 6, 15005, 4, NULL),
(197, 45, 2, 15032, 2, NULL),
(198, 45, 3, 15019, 3, NULL),
(199, 45, 4, 15004, 3, NULL),
(200, 45, 5, 15007, 3, NULL),
(201, 45, 6, 15018, 4, NULL),
(202, 46, 0, 15022, 2, NULL),
(203, 46, 1, 15035, 3, NULL),
(204, 46, 2, 15017, 3, NULL),
(205, 46, 4, 15028, 3, NULL),
(206, 46, 7, 15034, 4, NULL),
(207, 47, 2, 15036, 2, NULL),
(208, 47, 3, 15021, 3, NULL),
(209, 47, 4, 15029, 3, NULL),
(210, 47, 5, 15026, 3, NULL),
(211, 47, 6, 15018, 4, NULL),
(212, 48, 1, 15029, 3, NULL),
(213, 48, 3, 15008, 3, NULL),
(214, 48, 4, 15001, 3, NULL),
(215, 48, 5, 15016, 3, NULL),
(216, 48, 7, 15027, 4, NULL),
(217, 49, 2, 15007, 3, NULL),
(218, 49, 3, 15024, 3, NULL),
(219, 49, 4, 15007, 3, NULL),
(220, 49, 5, 15023, 3, NULL),
(221, 49, 6, 15020, 4, NULL),
(222, 50, 1, 15004, 3, NULL),
(223, 50, 3, 15004, 3, NULL),
(224, 50, 4, 15022, 3, NULL),
(225, 50, 5, 15019, 3, NULL),
(226, 50, 7, 15014, 4, NULL),
(227, 51, 2, 15008, 3, NULL),
(228, 51, 3, 15001, 3, NULL),
(229, 51, 4, 15015, 3, NULL),
(230, 51, 5, 15027, 4, NULL),
(231, 51, 6, 15026, 4, NULL),
(232, 52, 1, 15028, 3, NULL),
(233, 52, 3, 15004, 3, NULL),
(234, 52, 5, 15006, 3, NULL),
(235, 52, 6, 15015, 4, NULL),
(236, 52, 8, 15031, 4, NULL),
(237, 53, 0, 15013, 3, NULL),
(238, 53, 2, 15034, 3, NULL),
(239, 53, 4, 15005, 3, NULL),
(240, 53, 6, 15001, 4, NULL),
(241, 53, 8, 15034, 4, NULL),
(242, 54, 0, 15023, 3, NULL),
(243, 54, 2, 15033, 3, NULL),
(244, 54, 4, 15010, 4, NULL),
(245, 54, 6, 15016, 4, NULL),
(246, 54, 8, 15031, 4, NULL),
(247, 55, 1, 15019, 3, NULL),
(248, 55, 3, 15029, 3, NULL),
(249, 55, 5, 15029, 4, NULL),
(250, 55, 6, 15032, 4, NULL),
(251, 55, 8, 15003, 4, NULL),
(252, 56, 0, 15025, 3, NULL),
(253, 56, 2, 15013, 3, NULL),
(254, 56, 4, 15003, 4, NULL),
(255, 56, 6, 15019, 4, NULL),
(256, 56, 8, 15020, 4, NULL),
(257, 57, 1, 15024, 3, NULL),
(258, 57, 3, 15011, 4, NULL),
(259, 57, 5, 15016, 4, NULL),
(260, 57, 6, 15013, 4, NULL),
(261, 57, 8, 15031, 4, NULL),
(262, 58, 1, 15031, 3, NULL),
(263, 58, 3, 15021, 4, NULL),
(264, 58, 5, 15030, 4, NULL),
(265, 58, 6, 15029, 4, NULL),
(266, 58, 8, 15010, 4, NULL),
(267, 59, 0, 15021, 3, NULL),
(268, 59, 2, 15017, 4, NULL),
(269, 59, 4, 15028, 4, NULL),
(270, 59, 6, 15020, 4, NULL),
(271, 59, 8, 15025, 4, NULL),
(272, 60, 0, 15018, 4, NULL),
(273, 60, 1, 15001, 4, NULL),
(274, 60, 2, 15009, 4, NULL),
(275, 60, 4, 15003, 4, NULL),
(276, 60, 7, 15017, 4, NULL),
(277, 61, 0, 15032, 4, NULL),
(278, 61, 1, 15004, 4, NULL),
(279, 61, 2, 15035, 4, NULL),
(280, 61, 4, 15033, 4, NULL),
(281, 61, 7, 15014, 4, NULL),
(282, 62, 1, 15011, 4, NULL),
(283, 62, 3, 15029, 4, NULL),
(284, 62, 4, 15012, 4, NULL),
(285, 62, 5, 15027, 4, NULL),
(286, 62, 7, 15005, 4, NULL),
(287, 63, 0, 15032, 4, NULL),
(288, 63, 1, 15003, 4, NULL),
(289, 63, 2, 15005, 4, NULL),
(290, 63, 4, 15020, 4, NULL),
(291, 63, 7, 15020, 6, NULL),
(292, 64, 2, 15001, 4, NULL),
(293, 64, 3, 15009, 4, NULL),
(294, 64, 4, 15011, 4, NULL),
(295, 64, 5, 15005, 4, NULL),
(296, 64, 6, 15027, 6, NULL),
(297, 65, 0, 15036, 4, NULL),
(298, 65, 2, 15027, 4, NULL),
(299, 65, 4, 15022, 4, NULL),
(300, 65, 6, 15021, 4, NULL),
(301, 65, 8, 15022, 6, NULL),
(302, 66, 1, 15036, 4, NULL),
(303, 66, 3, 15028, 4, NULL),
(304, 66, 5, 15035, 4, NULL),
(305, 66, 6, 15034, 5, NULL),
(306, 66, 8, 15006, 6, NULL),
(307, 67, 2, 15007, 4, NULL),
(308, 67, 3, 15007, 4, NULL),
(309, 67, 4, 15026, 4, NULL),
(310, 67, 5, 15022, 5, NULL),
(311, 67, 6, 15030, 6, NULL),
(312, 68, 1, 15020, 4, NULL),
(313, 68, 3, 15019, 4, NULL),
(314, 68, 5, 15010, 4, NULL),
(315, 68, 6, 15014, 5, NULL),
(316, 68, 8, 15022, 6, NULL),
(317, 69, 0, 15023, 4, NULL),
(318, 69, 2, 15031, 4, NULL),
(319, 69, 4, 15013, 5, NULL),
(320, 69, 6, 15031, 5, NULL),
(321, 69, 8, 15021, 6, NULL),
(322, 70, 1, 15015, 4, NULL),
(323, 70, 3, 15013, 4, NULL),
(324, 70, 4, 15009, 5, NULL),
(325, 70, 5, 15023, 5, NULL),
(326, 70, 7, 15005, 6, NULL),
(327, 71, 0, 15022, 4, NULL),
(328, 71, 2, 15009, 5, NULL),
(329, 71, 4, 15030, 5, NULL),
(330, 71, 6, 15017, 5, NULL),
(331, 71, 8, 15029, 6, NULL),
(332, 72, 1, 15028, 4, NULL),
(333, 72, 3, 15017, 5, NULL),
(334, 72, 5, 15028, 5, NULL),
(335, 72, 6, 15004, 5, NULL),
(336, 72, 8, 15034, 6, NULL),
(337, 73, 1, 15011, 5, NULL),
(338, 73, 3, 15002, 5, NULL),
(339, 73, 5, 15033, 5, NULL),
(340, 73, 6, 15001, 5, NULL),
(341, 73, 8, 15006, 6, NULL),
(342, 74, 0, 15027, 5, NULL),
(343, 74, 2, 15026, 5, NULL),
(344, 74, 4, 15007, 5, NULL),
(345, 74, 6, 15025, 5, NULL),
(346, 74, 8, 15006, 6, NULL),
(347, 75, 0, 15036, 5, NULL),
(348, 75, 2, 15012, 5, NULL),
(349, 75, 4, 15006, 5, NULL),
(350, 75, 6, 15003, 6, NULL),
(351, 75, 8, 15021, 6, NULL),
(352, 76, 0, 15006, 5, NULL),
(353, 76, 1, 15023, 5, NULL),
(354, 76, 2, 15024, 5, NULL),
(355, 76, 4, 15024, 6, NULL),
(356, 76, 7, 15028, 6, NULL),
(357, 77, 0, 15034, 5, NULL),
(358, 77, 2, 15008, 5, NULL),
(359, 77, 4, 15007, 6, NULL),
(360, 77, 6, 15003, 6, NULL),
(361, 77, 8, 15016, 6, NULL),
(362, 78, 2, 15029, 5, NULL),
(363, 78, 3, 15033, 5, NULL),
(364, 78, 4, 15014, 6, NULL),
(365, 78, 5, 15028, 6, NULL),
(366, 78, 6, 15013, 6, NULL),
(367, 79, 0, 15015, 5, NULL),
(368, 79, 2, 15032, 6, NULL),
(369, 79, 4, 15011, 6, NULL),
(370, 79, 6, 15031, 6, NULL),
(371, 79, 8, 15011, 6, NULL),
(372, 80, 0, 15026, 5, NULL),
(373, 80, 1, 15025, 6, NULL),
(374, 80, 2, 15008, 6, NULL),
(375, 80, 4, 15002, 6, NULL),
(376, 80, 7, 15019, 6, NULL),
(377, 81, 1, 15030, 6, NULL),
(378, 81, 3, 15009, 6, NULL),
(379, 81, 5, 15027, 6, NULL),
(380, 81, 6, 15006, 6, NULL),
(381, 81, 8, 15001, 6, NULL),
(382, 82, 1, 15025, 6, NULL),
(383, 82, 3, 15015, 6, NULL),
(384, 82, 4, 15018, 6, NULL),
(385, 82, 5, 15029, 6, NULL),
(386, 82, 7, 15014, 6, NULL),
(387, 83, 0, 15005, 6, NULL),
(388, 83, 1, 15033, 6, NULL),
(389, 83, 2, 15031, 6, NULL),
(390, 83, 4, 15010, 6, NULL),
(391, 83, 7, 15022, 7, NULL),
(392, 84, 1, 15025, 6, NULL),
(393, 84, 3, 15013, 6, NULL),
(394, 84, 5, 15013, 6, NULL),
(395, 84, 6, 15030, 6, NULL),
(396, 84, 8, 15016, 7, NULL),
(397, 85, 1, 15009, 6, NULL),
(398, 85, 3, 15022, 6, NULL),
(399, 85, 5, 15034, 6, NULL),
(400, 85, 6, 15019, 7, NULL),
(401, 85, 8, 15006, 8, NULL),
(402, 86, 2, 15013, 6, NULL),
(403, 86, 3, 15003, 6, NULL),
(404, 86, 4, 15025, 6, NULL),
(405, 86, 5, 15007, 7, NULL),
(406, 86, 6, 15030, 8, NULL),
(407, 87, 1, 15005, 6, NULL),
(408, 87, 3, 15024, 6, NULL),
(409, 87, 5, 15018, 7, NULL),
(410, 87, 6, 15002, 7, NULL),
(411, 87, 8, 15032, 8, NULL),
(412, 88, 1, 15033, 6, NULL),
(413, 88, 3, 15030, 6, NULL),
(414, 88, 5, 15003, 7, NULL),
(415, 88, 6, 15005, 7, NULL),
(416, 88, 8, 15026, 8, NULL),
(417, 89, 1, 15005, 6, NULL),
(418, 89, 3, 15028, 7, NULL),
(419, 89, 5, 15003, 7, NULL),
(420, 89, 6, 15005, 7, NULL),
(421, 89, 8, 15007, 8, NULL),
(422, 90, 1, 15016, 6, NULL),
(423, 90, 3, 15027, 7, NULL),
(424, 90, 5, 15027, 7, NULL),
(425, 90, 6, 15016, 7, NULL),
(426, 90, 8, 15010, 8, NULL),
(427, 91, 0, 15022, 7, NULL),
(428, 91, 1, 15005, 7, NULL),
(429, 91, 2, 15031, 7, NULL),
(430, 91, 4, 15006, 7, NULL),
(431, 91, 7, 15008, 8, NULL),
(432, 92, 0, 15020, 7, NULL),
(433, 92, 1, 15012, 7, NULL),
(434, 92, 2, 15011, 7, NULL),
(435, 92, 4, 15030, 7, NULL),
(436, 92, 7, 15025, 8, NULL),
(437, 93, 1, 15009, 7, NULL),
(438, 93, 3, 15016, 7, NULL),
(439, 93, 5, 15022, 7, NULL),
(440, 93, 6, 15031, 7, NULL),
(441, 93, 8, 15021, 9, NULL),
(442, 94, 1, 15026, 7, NULL),
(443, 94, 3, 15018, 7, NULL),
(444, 94, 5, 15033, 7, NULL),
(445, 94, 6, 15009, 7, NULL),
(446, 94, 8, 15012, 9, NULL),
(447, 95, 0, 15010, 7, NULL),
(448, 95, 1, 15025, 7, NULL),
(449, 95, 2, 15023, 8, NULL),
(450, 95, 4, 15028, 8, NULL),
(451, 95, 7, 15019, 8, NULL),
(452, 96, 1, 15033, 7, NULL),
(453, 96, 3, 15002, 7, NULL),
(454, 96, 5, 15029, 8, NULL),
(455, 96, 6, 15022, 8, NULL),
(456, 96, 8, 15026, 8, NULL),
(457, 97, 1, 15009, 7, NULL),
(458, 97, 3, 15003, 8, NULL),
(459, 97, 5, 15006, 8, NULL),
(460, 97, 6, 15029, 8, NULL),
(461, 97, 8, 15012, 8, NULL),
(462, 98, 1, 15016, 7, NULL),
(463, 98, 3, 15030, 8, NULL),
(464, 98, 4, 15035, 8, NULL),
(465, 98, 5, 15019, 8, NULL),
(466, 98, 7, 15008, 8, NULL),
(467, 99, 0, 15014, 8, NULL),
(468, 99, 1, 15011, 8, NULL),
(469, 99, 2, 15018, 8, NULL),
(470, 99, 4, 15021, 8, NULL),
(471, 99, 7, 15020, 8, NULL),
(472, 100, 1, 15011, 8, NULL),
(473, 100, 3, 15020, 8, NULL),
(474, 100, 4, 15008, 8, NULL),
(475, 100, 5, 15027, 8, NULL),
(476, 100, 7, 15009, 8, NULL),
(477, 101, 1, 15006, 8, NULL),
(478, 101, 3, 15036, 8, NULL),
(479, 101, 4, 15027, 8, NULL),
(480, 101, 5, 15004, 8, NULL),
(481, 101, 7, 15012, 9, NULL),
(482, 102, 2, 15021, 8, NULL),
(483, 102, 3, 15017, 8, NULL),
(484, 102, 4, 15005, 8, NULL),
(485, 102, 5, 15036, 8, NULL),
(486, 102, 6, 15014, 9, NULL),
(487, 103, 0, 15007, 8, NULL),
(488, 103, 1, 15036, 8, NULL),
(489, 103, 2, 15005, 8, NULL),
(490, 103, 4, 15009, 9, NULL),
(491, 103, 7, 15033, 9, NULL),
(492, 104, 2, 15014, 8, NULL),
(493, 104, 3, 15025, 8, NULL),
(494, 104, 4, 15035, 8, NULL),
(495, 104, 5, 15012, 9, NULL),
(496, 104, 6, 15001, 9, NULL),
(497, 105, 0, 15015, 8, NULL),
(498, 105, 1, 15028, 8, NULL),
(499, 105, 2, 15015, 9, NULL),
(500, 105, 4, 15022, 9, NULL),
(501, 105, 7, 15001, 10, NULL),
(502, 106, 0, 15008, 8, NULL),
(503, 106, 2, 15034, 8, NULL),
(504, 106, 4, 15019, 9, NULL),
(505, 106, 6, 15033, 9, NULL),
(506, 106, 8, 15008, 10, NULL),
(507, 107, 0, 15034, 8, NULL),
(508, 107, 1, 15022, 9, NULL),
(509, 107, 2, 15017, 9, NULL),
(510, 107, 4, 15036, 9, NULL),
(511, 107, 7, 15029, 10, NULL),
(512, 108, 0, 15012, 8, NULL),
(513, 108, 1, 15024, 9, NULL),
(514, 108, 2, 15036, 9, NULL),
(515, 108, 4, 15015, 9, NULL),
(516, 108, 7, 15023, 10, NULL),
(517, 109, 0, 15013, 9, NULL),
(518, 109, 1, 15027, 9, NULL),
(519, 109, 2, 15017, 9, NULL),
(520, 109, 4, 15019, 9, NULL),
(521, 109, 7, 15005, 10, NULL),
(522, 110, 1, 15007, 9, NULL),
(523, 110, 3, 15002, 9, NULL),
(524, 110, 5, 15035, 9, NULL),
(525, 110, 6, 15022, 9, NULL),
(526, 110, 8, 15024, 10, NULL),
(527, 111, 1, 15004, 9, NULL),
(528, 111, 3, 15035, 9, NULL),
(529, 111, 4, 15036, 9, NULL),
(530, 111, 5, 15021, 9, NULL),
(531, 111, 7, 15003, 11, NULL),
(532, 112, 0, 15008, 9, NULL),
(533, 112, 2, 15028, 9, NULL),
(534, 112, 4, 15012, 9, NULL),
(535, 112, 6, 15004, 9, NULL),
(536, 112, 8, 15028, 11, NULL),
(537, 113, 1, 15003, 9, NULL),
(538, 113, 3, 15002, 9, NULL),
(539, 113, 4, 15035, 9, NULL),
(540, 113, 5, 15007, 10, NULL),
(541, 113, 7, 15021, 11, NULL),
(542, 114, 2, 15012, 9, NULL),
(543, 114, 3, 15022, 9, NULL),
(544, 114, 4, 15003, 9, NULL),
(545, 114, 5, 15021, 10, NULL),
(546, 114, 6, 15006, 11, NULL),
(547, 115, 1, 15013, 9, NULL),
(548, 115, 3, 15033, 10, NULL),
(549, 115, 5, 15012, 10, NULL),
(550, 115, 6, 15030, 10, NULL),
(551, 115, 8, 15027, 10, NULL),
(552, 116, 1, 15001, 9, NULL),
(553, 116, 3, 15026, 10, NULL),
(554, 116, 5, 15004, 10, NULL),
(555, 116, 6, 15010, 10, NULL),
(556, 116, 8, 15022, 10, NULL),
(557, 117, 1, 15002, 10, NULL),
(558, 117, 3, 15019, 10, NULL),
(559, 117, 5, 15013, 10, NULL),
(560, 117, 6, 15024, 10, NULL),
(561, 117, 8, 15004, 10, NULL),
(562, 118, 1, 15028, 10, NULL),
(563, 118, 3, 15029, 10, NULL),
(564, 118, 5, 15036, 10, NULL),
(565, 118, 6, 15001, 10, NULL),
(566, 118, 8, 15034, 10, NULL),
(567, 119, 1, 15025, 10, NULL),
(568, 119, 3, 15016, 10, NULL),
(569, 119, 5, 15012, 10, NULL),
(570, 119, 6, 15029, 10, NULL),
(571, 119, 8, 15035, 11, NULL),
(572, 120, 1, 15032, 10, NULL),
(573, 120, 3, 15012, 10, NULL),
(574, 120, 4, 15013, 10, NULL),
(575, 120, 5, 15025, 10, NULL),
(576, 120, 7, 15025, 11, NULL),
(577, 121, 2, 15010, 10, NULL),
(578, 121, 3, 15008, 10, NULL),
(579, 121, 4, 15006, 10, NULL),
(580, 121, 5, 15036, 11, NULL),
(581, 121, 6, 15015, 11, NULL),
(582, 122, 2, 15016, 10, NULL),
(583, 122, 3, 15034, 10, NULL),
(584, 122, 4, 15018, 10, NULL),
(585, 122, 5, 15034, 11, NULL),
(586, 122, 6, 15014, 11, NULL),
(587, 123, 1, 15001, 10, NULL),
(588, 123, 3, 15032, 10, NULL),
(589, 123, 5, 15036, 11, NULL),
(590, 123, 6, 15018, 11, NULL),
(591, 123, 8, 15008, 11, NULL),
(592, 124, 2, 15014, 10, NULL),
(593, 124, 3, 15036, 10, NULL),
(594, 124, 4, 15032, 11, NULL),
(595, 124, 5, 15008, 11, NULL),
(596, 124, 6, 15002, 11, NULL),
(597, 125, 0, 15001, 10, NULL),
(598, 125, 1, 15019, 11, NULL),
(599, 125, 2, 15019, 11, NULL),
(600, 125, 4, 15023, 11, NULL),
(601, 125, 7, 15029, 12, NULL),
(602, 126, 1, 15026, 10, NULL),
(603, 126, 3, 15013, 11, NULL),
(604, 126, 4, 15021, 11, NULL),
(605, 126, 5, 15013, 11, NULL),
(606, 126, 7, 15031, 12, NULL),
(607, 127, 0, 15014, 11, NULL),
(608, 127, 1, 15023, 11, NULL),
(609, 127, 2, 15014, 11, NULL),
(610, 127, 4, 15007, 11, NULL),
(611, 127, 7, 15026, 12, NULL),
(612, 128, 1, 15013, 11, NULL),
(613, 128, 3, 15026, 11, NULL),
(614, 128, 4, 15036, 11, NULL),
(615, 128, 5, 15034, 11, NULL),
(616, 128, 7, 15003, 12, NULL),
(617, 129, 0, 15034, 11, NULL),
(618, 129, 1, 15014, 11, NULL),
(619, 129, 2, 15027, 11, NULL),
(620, 129, 4, 15017, 11, NULL),
(621, 129, 7, 15018, 13, NULL),
(622, 130, 1, 15015, 11, NULL),
(623, 130, 3, 15019, 11, NULL),
(624, 130, 5, 15020, 11, NULL),
(625, 130, 6, 15009, 11, NULL),
(626, 130, 8, 15033, 13, NULL),
(627, 131, 1, 15021, 11, NULL),
(628, 131, 3, 15006, 11, NULL),
(629, 131, 5, 15001, 11, NULL),
(630, 131, 6, 15016, 12, NULL),
(631, 131, 8, 15028, 13, NULL),
(632, 132, 0, 15023, 11, NULL),
(633, 132, 1, 15013, 11, NULL),
(634, 132, 2, 15029, 11, NULL),
(635, 132, 4, 15018, 12, NULL),
(636, 132, 7, 15002, 13, NULL),
(637, 133, 2, 15014, 11, NULL),
(638, 133, 3, 15014, 11, NULL),
(639, 133, 4, 15020, 12, NULL),
(640, 133, 5, 15011, 12, NULL),
(641, 133, 6, 15007, 13, NULL),
(642, 134, 2, 15034, 11, NULL),
(643, 134, 3, 15009, 11, NULL),
(644, 134, 4, 15018, 12, NULL),
(645, 134, 5, 15008, 12, NULL),
(646, 134, 6, 15020, 13, NULL),
(647, 135, 1, 15028, 12, NULL),
(648, 135, 3, 15008, 12, NULL),
(649, 135, 5, 15004, 12, NULL),
(650, 135, 6, 15023, 12, NULL),
(651, 135, 8, 15033, 12, NULL),
(652, 136, 0, 15026, 12, NULL),
(653, 136, 2, 15025, 12, NULL),
(654, 136, 4, 15005, 12, NULL),
(655, 136, 6, 15032, 12, NULL),
(656, 136, 8, 15011, 12, NULL),
(657, 137, 0, 15026, 12, NULL),
(658, 137, 2, 15006, 12, NULL),
(659, 137, 4, 15018, 12, NULL),
(660, 137, 6, 15012, 12, NULL),
(661, 137, 8, 15018, 13, NULL),
(662, 138, 0, 15018, 12, NULL),
(663, 138, 1, 15024, 12, NULL),
(664, 138, 2, 15006, 12, NULL),
(665, 138, 4, 15014, 12, NULL),
(666, 138, 7, 15024, 13, NULL),
(667, 139, 1, 15011, 12, NULL),
(668, 139, 3, 15002, 12, NULL),
(669, 139, 4, 15010, 12, NULL),
(670, 139, 5, 15001, 13, NULL),
(671, 139, 7, 15026, 13, NULL),
(672, 140, 1, 15036, 12, NULL),
(673, 140, 3, 15006, 12, NULL),
(674, 140, 5, 15014, 12, NULL),
(675, 140, 6, 15005, 13, NULL),
(676, 140, 8, 15023, 13, NULL),
(677, 141, 1, 15028, 12, NULL),
(678, 141, 3, 15022, 12, NULL),
(679, 141, 5, 15013, 13, NULL),
(680, 141, 6, 15019, 13, NULL),
(681, 141, 8, 15020, 13, NULL),
(682, 142, 0, 15003, 12, NULL),
(683, 142, 2, 15032, 12, NULL),
(684, 142, 4, 15006, 13, NULL),
(685, 142, 6, 15018, 13, NULL),
(686, 142, 8, 15002, 13, NULL),
(687, 143, 0, 15015, 12, NULL),
(688, 143, 1, 15023, 13, NULL),
(689, 143, 2, 15033, 13, NULL),
(690, 143, 4, 15015, 13, NULL),
(691, 143, 7, 15011, 13, NULL),
(692, 144, 0, 15031, 12, NULL),
(693, 144, 1, 15008, 13, NULL),
(694, 144, 2, 15012, 13, NULL),
(695, 144, 4, 15018, 13, NULL),
(696, 144, 7, 15002, 13, NULL),
(697, 145, 0, 15026, 13, NULL),
(698, 145, 1, 15028, 13, NULL),
(699, 145, 2, 15019, 13, NULL),
(700, 145, 4, 15002, 13, NULL),
(701, 145, 7, 15011, 14, NULL),
(702, 146, 2, 15027, 13, NULL),
(703, 146, 3, 15020, 13, NULL),
(704, 146, 4, 15007, 13, NULL),
(705, 146, 5, 15034, 13, NULL),
(706, 146, 6, 15033, 14, NULL),
(707, 147, 1, 15011, 13, NULL),
(708, 147, 3, 15002, 13, NULL),
(709, 147, 5, 15025, 13, NULL),
(710, 147, 6, 15009, 13, NULL),
(711, 147, 8, 15026, 15, NULL),
(712, 148, 2, 15011, 13, NULL),
(713, 148, 3, 15018, 13, NULL),
(714, 148, 4, 15027, 13, NULL),
(715, 148, 5, 15030, 13, NULL),
(716, 148, 6, 15027, 15, NULL),
(717, 149, 2, 15004, 13, NULL),
(718, 149, 3, 15010, 13, NULL),
(719, 149, 4, 15007, 13, NULL),
(720, 149, 5, 15005, 14, NULL),
(721, 149, 6, 15020, 15, NULL),
(722, 150, 2, 15009, 13, NULL),
(723, 150, 3, 15011, 13, NULL),
(724, 150, 4, 15026, 13, NULL),
(725, 150, 5, 15033, 14, NULL),
(726, 150, 6, 15010, 15, NULL),
(727, 151, 1, 15013, 13, NULL),
(728, 151, 3, 15032, 13, NULL),
(729, 151, 4, 15003, 14, NULL),
(730, 151, 5, 15016, 14, NULL),
(731, 151, 7, 15030, 15, NULL),
(732, 152, 2, 15010, 13, NULL),
(733, 152, 3, 15007, 13, NULL),
(734, 152, 4, 15013, 14, NULL),
(735, 152, 5, 15026, 14, NULL),
(736, 152, 6, 15009, 15, NULL),
(737, 153, 1, 15036, 13, NULL),
(738, 153, 3, 15020, 14, NULL),
(739, 153, 4, 15015, 14, NULL),
(740, 153, 5, 15025, 14, NULL),
(741, 153, 7, 15014, 15, NULL),
(742, 154, 1, 15001, 13, NULL),
(743, 154, 3, 15002, 14, NULL),
(744, 154, 5, 15021, 14, NULL),
(745, 154, 6, 15026, 14, NULL),
(746, 154, 8, 15019, 15, NULL),
(747, 155, 2, 15020, 14, NULL),
(748, 155, 3, 15035, 14, NULL),
(749, 155, 4, 15005, 14, NULL),
(750, 155, 5, 15014, 14, NULL),
(751, 155, 6, 15018, 15, NULL),
(752, 156, 0, 15007, 14, NULL),
(753, 156, 1, 15005, 14, NULL),
(754, 156, 2, 15013, 14, NULL),
(755, 156, 4, 15033, 14, NULL),
(756, 156, 7, 15010, 15, NULL),
(757, 157, 0, 15019, 14, NULL),
(758, 157, 1, 15016, 14, NULL),
(759, 157, 2, 15016, 14, NULL),
(760, 157, 4, 15001, 15, NULL),
(761, 157, 7, 15036, 15, NULL),
(762, 158, 1, 15033, 14, NULL),
(763, 158, 3, 15031, 14, NULL),
(764, 158, 4, 15025, 14, NULL),
(765, 158, 5, 15005, 15, NULL),
(766, 158, 7, 15021, 15, NULL),
(767, 159, 0, 15032, 14, NULL),
(768, 159, 1, 15031, 14, NULL),
(769, 159, 2, 15021, 15, NULL),
(770, 159, 4, 15036, 15, NULL),
(771, 159, 7, 15018, 15, NULL),
(772, 160, 0, 15020, 14, NULL),
(773, 160, 2, 15014, 14, NULL),
(774, 160, 4, 15003, 15, NULL),
(775, 160, 6, 15024, 15, NULL),
(776, 160, 8, 15026, 15, NULL),
(777, 161, 2, 15023, 14, NULL),
(778, 161, 3, 15009, 15, NULL),
(779, 161, 4, 15034, 15, NULL),
(780, 161, 5, 15020, 15, NULL),
(781, 161, 6, 15001, 15, NULL),
(782, 162, 1, 15016, 14, NULL),
(783, 162, 3, 15017, 15, NULL),
(784, 162, 5, 15002, 15, NULL),
(785, 162, 6, 15013, 15, NULL),
(786, 162, 8, 15024, 15, NULL),
(787, 163, 0, 15015, 15, NULL),
(788, 163, 1, 15022, 15, NULL),
(789, 163, 2, 15028, 15, NULL),
(790, 163, 4, 15001, 15, NULL),
(791, 163, 7, 15019, 15, NULL),
(792, 164, 0, 15006, 15, NULL),
(793, 164, 1, 15010, 15, NULL),
(794, 164, 2, 15025, 15, NULL),
(795, 164, 4, 15032, 15, NULL),
(796, 164, 7, 15002, 15, NULL),
(797, 165, 2, 15020, 15, NULL),
(798, 165, 3, 15022, 15, NULL),
(799, 165, 4, 15030, 15, NULL),
(800, 165, 5, 15004, 15, NULL),
(801, 165, 6, 15001, 17, NULL),
(802, 166, 0, 15008, 15, NULL),
(803, 166, 2, 15016, 15, NULL),
(804, 166, 4, 15009, 15, NULL),
(805, 166, 6, 15003, 15, NULL),
(806, 166, 8, 15001, 17, NULL),
(807, 167, 1, 15011, 15, NULL),
(808, 167, 3, 15001, 15, NULL),
(809, 167, 4, 15028, 15, NULL),
(810, 167, 5, 15025, 16, NULL),
(811, 167, 7, 15023, 17, NULL),
(812, 168, 1, 15024, 15, NULL),
(813, 168, 3, 15022, 15, NULL),
(814, 168, 4, 15002, 15, NULL),
(815, 168, 5, 15015, 16, NULL),
(816, 168, 7, 15028, 17, NULL),
(817, 169, 0, 15011, 15, NULL),
(818, 169, 2, 15032, 15, NULL),
(819, 169, 4, 15010, 16, NULL),
(820, 169, 6, 15010, 16, NULL),
(821, 169, 8, 15017, 17, NULL),
(822, 170, 0, 15013, 15, NULL),
(823, 170, 2, 15024, 15, NULL),
(824, 170, 4, 15001, 16, NULL),
(825, 170, 6, 15014, 16, NULL),
(826, 170, 8, 15022, 17, NULL),
(827, 171, 0, 15025, 15, NULL),
(828, 171, 1, 15004, 16, NULL),
(829, 171, 2, 15023, 16, NULL),
(830, 171, 4, 15012, 16, NULL),
(831, 171, 7, 15019, 17, NULL),
(832, 172, 1, 15026, 15, NULL),
(833, 172, 3, 15028, 16, NULL),
(834, 172, 5, 15025, 16, NULL),
(835, 172, 6, 15001, 16, NULL),
(836, 172, 8, 15007, 17, NULL),
(837, 173, 1, 15033, 16, NULL),
(838, 173, 3, 15019, 16, NULL),
(839, 173, 5, 15004, 16, NULL),
(840, 173, 6, 15014, 16, NULL),
(841, 173, 8, 15020, 17, NULL),
(842, 174, 2, 15036, 16, NULL),
(843, 174, 3, 15027, 16, NULL),
(844, 174, 4, 15011, 16, NULL),
(845, 174, 5, 15011, 16, NULL),
(846, 174, 6, 15008, 17, NULL),
(847, 175, 1, 15022, 16, NULL),
(848, 175, 3, 15030, 16, NULL),
(849, 175, 4, 15002, 16, NULL),
(850, 175, 5, 15017, 17, NULL),
(851, 175, 7, 15024, 17, NULL),
(852, 176, 0, 15029, 16, NULL),
(853, 176, 2, 15025, 16, NULL),
(854, 176, 4, 15010, 16, NULL),
(855, 176, 6, 15022, 17, NULL),
(856, 176, 8, 15018, 17, NULL),
(857, 177, 1, 15013, 16, NULL),
(858, 177, 3, 15002, 16, NULL),
(859, 177, 5, 15007, 17, NULL),
(860, 177, 6, 15024, 17, NULL),
(861, 177, 8, 15012, 17, NULL),
(862, 178, 0, 15003, 16, NULL),
(863, 178, 1, 15024, 16, NULL),
(864, 178, 2, 15016, 17, NULL),
(865, 178, 4, 15013, 17, NULL),
(866, 178, 7, 15005, 17, NULL),
(867, 179, 0, 15004, 16, NULL),
(868, 179, 1, 15036, 17, NULL),
(869, 179, 2, 15009, 17, NULL),
(870, 179, 4, 15036, 17, NULL),
(871, 179, 7, 15024, 17, NULL),
(872, 180, 2, 15022, 16, NULL),
(873, 180, 3, 15001, 17, NULL),
(874, 180, 4, 15028, 17, NULL),
(875, 180, 5, 15019, 17, NULL),
(876, 180, 6, 15028, 17, NULL),
(877, 181, 0, 15021, 17, NULL),
(878, 181, 2, 15036, 17, NULL),
(879, 181, 4, 15008, 17, NULL),
(880, 181, 6, 15034, 17, NULL),
(881, 181, 8, 15031, 17, NULL),
(882, 182, 0, 15033, 17, NULL),
(883, 182, 2, 15032, 17, NULL),
(884, 182, 4, 15003, 17, NULL),
(885, 182, 6, 15020, 17, NULL),
(886, 182, 8, 15005, 17, NULL),
(887, 183, 0, 15016, 17, NULL),
(888, 183, 2, 15008, 17, NULL),
(889, 183, 4, 15005, 17, NULL),
(890, 183, 6, 15003, 17, NULL),
(891, 183, 8, 15002, 18, NULL),
(892, 184, 2, 15024, 17, NULL),
(893, 184, 3, 15004, 17, NULL),
(894, 184, 4, 15016, 17, NULL),
(895, 184, 5, 15012, 17, NULL),
(896, 184, 6, 15030, 18, NULL),
(897, 185, 1, 15036, 17, NULL),
(898, 185, 3, 15010, 17, NULL),
(899, 185, 5, 15013, 17, NULL),
(900, 185, 6, 15022, 18, NULL),
(901, 185, 8, 15026, 18, NULL),
(902, 186, 2, 15005, 17, NULL),
(903, 186, 3, 15020, 17, NULL),
(904, 186, 4, 15025, 17, NULL),
(905, 186, 5, 15030, 18, NULL),
(906, 186, 6, 15029, 18, NULL),
(907, 187, 0, 15028, 17, NULL),
(908, 187, 1, 15001, 17, NULL),
(909, 187, 2, 15024, 18, NULL),
(910, 187, 4, 15031, 18, NULL),
(911, 187, 7, 15034, 19, NULL),
(912, 188, 1, 15029, 17, NULL),
(913, 188, 3, 15011, 17, NULL),
(914, 188, 5, 15023, 18, NULL),
(915, 188, 6, 15008, 18, NULL),
(916, 188, 8, 15009, 19, NULL),
(917, 189, 0, 15001, 17, NULL),
(918, 189, 1, 15023, 18, NULL),
(919, 189, 2, 15010, 18, NULL),
(920, 189, 4, 15031, 18, NULL),
(921, 189, 7, 15031, 19, NULL),
(922, 190, 2, 15010, 17, NULL),
(923, 190, 3, 15032, 18, NULL),
(924, 190, 4, 15006, 18, NULL),
(925, 190, 5, 15015, 18, NULL),
(926, 190, 6, 15003, 19, NULL),
(927, 191, 0, 15001, 18, NULL),
(928, 191, 1, 15020, 18, NULL),
(929, 191, 2, 15007, 18, NULL),
(930, 191, 4, 15026, 18, NULL),
(931, 191, 7, 15010, 19, NULL),
(932, 192, 1, 15031, 18, NULL),
(933, 192, 3, 15015, 18, NULL),
(934, 192, 4, 15015, 18, NULL),
(935, 192, 5, 15012, 18, NULL),
(936, 192, 7, 15003, 19, NULL),
(937, 193, 2, 15006, 18, NULL),
(938, 193, 3, 15018, 18, NULL),
(939, 193, 4, 15007, 18, NULL),
(940, 193, 5, 15016, 18, NULL),
(941, 193, 6, 15016, 20, NULL),
(942, 194, 0, 15025, 18, NULL),
(943, 194, 1, 15003, 18, NULL),
(944, 194, 2, 15035, 18, NULL),
(945, 194, 4, 15035, 18, NULL),
(946, 194, 7, 15006, 20, NULL),
(947, 195, 1, 15012, 18, NULL),
(948, 195, 3, 15001, 18, NULL),
(949, 195, 4, 15033, 19, NULL),
(950, 195, 5, 15004, 19, NULL),
(951, 195, 7, 15036, 19, NULL),
(952, 196, 1, 15031, 18, NULL),
(953, 196, 3, 15034, 18, NULL),
(954, 196, 5, 15023, 19, NULL),
(955, 196, 6, 15013, 19, NULL),
(956, 196, 8, 15003, 19, NULL),
(957, 197, 2, 15030, 18, NULL),
(958, 197, 3, 15027, 19, NULL),
(959, 197, 4, 15025, 19, NULL),
(960, 197, 5, 15018, 19, NULL),
(961, 197, 6, 15036, 19, NULL),
(962, 198, 0, 15026, 18, NULL),
(963, 198, 1, 15018, 19, NULL),
(964, 198, 2, 15001, 19, NULL),
(965, 198, 4, 15028, 19, NULL),
(966, 198, 7, 15013, 19, NULL),
(967, 199, 0, 15036, 19, NULL),
(968, 199, 1, 15023, 19, NULL),
(969, 199, 2, 15015, 19, NULL),
(970, 199, 4, 15011, 19, NULL),
(971, 199, 7, 15023, 19, NULL),
(972, 200, 1, 15031, 19, NULL),
(973, 200, 3, 15013, 19, NULL),
(974, 200, 4, 15006, 19, NULL),
(975, 200, 5, 15015, 19, NULL),
(976, 200, 7, 15002, 19, NULL),
(977, 201, 2, 15026, 19, NULL),
(978, 201, 3, 15001, 19, NULL),
(979, 201, 4, 15019, 19, NULL),
(980, 201, 5, 15011, 19, NULL),
(981, 201, 6, 15001, 20, NULL),
(982, 202, 1, 15018, 19, NULL),
(983, 202, 3, 15020, 19, NULL),
(984, 202, 5, 15015, 19, NULL),
(985, 202, 6, 15003, 19, NULL),
(986, 202, 8, 15027, 20, NULL),
(987, 203, 1, 15036, 19, NULL),
(988, 203, 3, 15002, 19, NULL),
(989, 203, 5, 15025, 19, NULL),
(990, 203, 6, 15007, 20, NULL),
(991, 203, 8, 15012, 20, NULL),
(992, 204, 0, 15006, 19, NULL),
(993, 204, 2, 15031, 19, NULL),
(994, 204, 4, 15022, 19, NULL),
(995, 204, 6, 15005, 20, NULL),
(996, 204, 8, 15014, 20, NULL),
(997, 205, 0, 15001, 19, NULL),
(998, 205, 1, 15034, 19, NULL),
(999, 205, 2, 15024, 20, NULL),
(1000, 205, 4, 15023, 20, NULL),
(1001, 205, 7, 15027, 20, NULL),
(1002, 206, 1, 15026, 19, NULL),
(1003, 206, 3, 15013, 19, NULL),
(1004, 206, 5, 15030, 20, NULL),
(1005, 206, 6, 15027, 20, NULL),
(1006, 206, 8, 15028, 20, NULL),
(1007, 207, 2, 15001, 19, NULL),
(1008, 207, 3, 15002, 20, NULL),
(1009, 207, 4, 15034, 20, NULL),
(1010, 207, 5, 15012, 20, NULL),
(1011, 207, 6, 15013, 21, NULL),
(1012, 208, 2, 15025, 19, NULL),
(1013, 208, 3, 15011, 20, NULL),
(1014, 208, 4, 15023, 20, NULL),
(1015, 208, 5, 15026, 20, NULL),
(1016, 208, 6, 15019, 21, NULL),
(1017, 209, 2, 15029, 20, NULL),
(1018, 209, 3, 15034, 20, NULL),
(1019, 209, 4, 15021, 20, NULL),
(1020, 209, 5, 15001, 20, NULL),
(1021, 209, 6, 15026, 21, NULL),
(1022, 210, 0, 15002, 20, NULL),
(1023, 210, 1, 15018, 20, NULL),
(1024, 210, 2, 15017, 20, NULL),
(1025, 210, 4, 15006, 20, NULL),
(1026, 210, 7, 15006, 21, NULL),
(1027, 211, 0, 15014, 20, NULL),
(1028, 211, 1, 15021, 20, NULL),
(1029, 211, 2, 15023, 20, NULL),
(1030, 211, 4, 15033, 20, NULL),
(1031, 211, 7, 15001, 22, NULL),
(1032, 212, 1, 15005, 20, NULL),
(1033, 212, 3, 15036, 20, NULL),
(1034, 212, 4, 15025, 20, NULL),
(1035, 212, 5, 15015, 20, NULL),
(1036, 212, 7, 15010, 22, NULL),
(1037, 213, 0, 15022, 20, NULL),
(1038, 213, 1, 15024, 20, NULL),
(1039, 213, 2, 15013, 20, NULL),
(1040, 213, 4, 15031, 21, NULL),
(1041, 213, 7, 15013, 22, NULL),
(1042, 214, 0, 15016, 20, NULL),
(1043, 214, 2, 15023, 20, NULL),
(1044, 214, 4, 15024, 20, NULL),
(1045, 214, 6, 15035, 21, NULL),
(1046, 214, 8, 15018, 22, NULL);

-- --------------------------------------------------------

--
-- Table structure for table `c_campaign`
--

CREATE TABLE IF NOT EXISTS `c_campaign` (
  `ID` int(11) NOT NULL AUTO_INCREMENT,
  `Name` varchar(255) CHARACTER SET utf8 COLLATE utf8_unicode_ci DEFAULT NULL,
  `WorldMap` int(11) DEFAULT NULL,
  `TypeID` int(11) DEFAULT NULL,
  `NeedCamp` int(11) DEFAULT NULL,
  `Temp` varchar(255) NOT NULL,
  PRIMARY KEY (`ID`),
  KEY `WorldMap` (`WorldMap`),
  KEY `TypeID` (`TypeID`),
  KEY `NeedCamp` (`NeedCamp`),
  KEY `TypeID_2` (`TypeID`)
) ENGINE=InnoDB  DEFAULT CHARSET=latin1 AUTO_INCREMENT=1017 ;

--
-- Dumping data for table `c_campaign`
--

INSERT INTO `c_campaign` (`ID`, `Name`, `WorldMap`, `TypeID`, `NeedCamp`, `Temp`) VALUES
(1, 'MAP_1', NULL, NULL, NULL, ''),
(2, 'MAP_2', NULL, NULL, NULL, ''),
(3, 'MAP_3', NULL, NULL, NULL, ''),
(1001, 'BARRACK_1', NULL, NULL, NULL, ''),
(1002, 'BARRACK_2', NULL, NULL, NULL, ''),
(1003, 'BARRACK_3', NULL, NULL, NULL, ''),
(1004, 'BARRACK_4', NULL, NULL, NULL, ''),
(1005, 'BARRACK_5', NULL, NULL, NULL, ''),
(1006, 'BARRACK_6', NULL, NULL, NULL, ''),
(1007, 'BARRACK_7', NULL, NULL, NULL, ''),
(1008, 'BARRACK_8', NULL, NULL, NULL, ''),
(1009, 'BARRACK_9', NULL, NULL, NULL, ''),
(1010, 'BARRACK_10', NULL, NULL, NULL, ''),
(1011, 'BARRACK_11', NULL, NULL, NULL, ''),
(1012, 'BARRACK_12', NULL, NULL, NULL, ''),
(1013, 'BARRACK_13', NULL, NULL, NULL, ''),
(1014, 'BARRACK_14', NULL, NULL, NULL, ''),
(1015, 'BARRACK_15', NULL, NULL, NULL, ''),
(1016, 'BARRACK_16', NULL, NULL, NULL, '');

-- --------------------------------------------------------

--
-- Table structure for table `c_layout`
--

CREATE TABLE IF NOT EXISTS `c_layout` (
  `ID` int(11) NOT NULL AUTO_INCREMENT,
  `Name` varchar(255) CHARACTER SET utf8 COLLATE utf8_unicode_ci NOT NULL,
  `Point` varchar(20) NOT NULL,
  `Temp` varchar(255) CHARACTER SET utf8 COLLATE utf8_unicode_ci DEFAULT NULL,
  PRIMARY KEY (`ID`),
  UNIQUE KEY `Name` (`Name`)
) ENGINE=InnoDB  DEFAULT CHARSET=latin1 AUTO_INCREMENT=9 ;

--
-- Dumping data for table `c_layout`
--

INSERT INTO `c_layout` (`ID`, `Name`, `Point`, `Temp`) VALUES
(1, 'T', '[1,1,1,0,1,0,0,1,0]', NULL),
(2, '+', '[0,1,0,1,1,1,0,1,0]', NULL),
(3, 'X', '[1,0,1,0,1,0,1,0,1]', NULL),
(7, 'V', '[0,1,0,1,0,1,1,0,1]', NULL),
(8, 'Z', '[0,0,1,1,1,1,1,0,0]', NULL);

-- --------------------------------------------------------

--
-- Table structure for table `c_nextcamp`
--

CREATE TABLE IF NOT EXISTS `c_nextcamp` (
  `ID` int(11) NOT NULL AUTO_INCREMENT,
  `CampID` int(11) NOT NULL,
  `NextCamp` int(11) NOT NULL,
  PRIMARY KEY (`ID`),
  KEY `CampID` (`CampID`,`NextCamp`),
  KEY `NextCamp` (`NextCamp`)
) ENGINE=InnoDB DEFAULT CHARSET=latin1 AUTO_INCREMENT=1 ;

-- --------------------------------------------------------

--
-- Table structure for table `c_soldier`
--

CREATE TABLE IF NOT EXISTS `c_soldier` (
  `ID` int(11) NOT NULL,
  `Name` varchar(255) CHARACTER SET utf8 COLLATE utf8_unicode_ci NOT NULL,
  `Temp` varchar(255) CHARACTER SET utf8 COLLATE utf8_unicode_ci DEFAULT NULL,
  `NameSV` varchar(255) CHARACTER SET utf8 COLLATE utf8_unicode_ci NOT NULL,
  PRIMARY KEY (`ID`)
) ENGINE=InnoDB DEFAULT CHARSET=latin1;

--
-- Dumping data for table `c_soldier`
--

INSERT INTO `c_soldier` (`ID`, `Name`, `Temp`, `NameSV`) VALUES
(15001, '15001', NULL, 'SOLDIER_ENEMY_NORMAL_1'),
(15002, '15002', NULL, 'SOLDIER_ENEMY_NORMAL_2'),
(15003, '15003', NULL, 'SOLDIER_ENEMY_NORMAL_3'),
(15004, '15004', NULL, 'SOLDIER_ENEMY_NORMAL_4'),
(15005, '15005', NULL, 'SOLDIER_ENEMY_NORMAL_5'),
(15006, '15006', NULL, 'SOLDIER_ENEMY_NORMAL_6'),
(15007, '15007', NULL, 'SOLDIER_ENEMY_NORMAL_7'),
(15008, '15008', NULL, 'SOLDIER_ENEMY_NORMAL_8'),
(15009, '15009', NULL, 'SOLDIER_ENEMY_NORMAL_9'),
(15010, '15010', NULL, 'SOLDIER_ENEMY_ROW_1'),
(15011, '15011', NULL, 'SOLDIER_ENEMY_COL_1'),
(15012, '15012', NULL, 'SOLDIER_ENEMY_ALL_1'),
(15013, '15013', NULL, 'SOLDIER_ENEMY_NORMAL_10'),
(15014, '15014', NULL, 'SOLDIER_ENEMY_NORMAL_11'),
(15015, '15015', NULL, 'SOLDIER_ENEMY_NORMAL_12'),
(15016, '15016', NULL, 'SOLDIER_ENEMY_NORMAL_13'),
(15017, '15017', NULL, 'SOLDIER_ENEMY_NORMAL_14'),
(15018, '15018', NULL, 'SOLDIER_ENEMY_NORMAL_15'),
(15019, '15019', '', 'SOLDIER_ENEMY_NORMAL_16'),
(15020, '15020', NULL, 'SOLDIER_ENEMY_NORMAL_17'),
(15021, '15021', NULL, 'SOLDIER_ENEMY_NORMAL_18'),
(15022, '15022', NULL, 'SOLDIER_ENEMY_ROW_2'),
(15023, '15023', NULL, 'SOLDIER_ENEMY_COL_2'),
(15024, '15024', NULL, 'SOLDIER_ENEMY_ALL_2'),
(15025, '15025', NULL, 'SOLDIER_ENEMY_NORMAL_19'),
(15026, '15026', NULL, 'SOLDIER_ENEMY_NORMAL_20'),
(15027, '15027', NULL, 'SOLDIER_ENEMY_NORMAL_21'),
(15028, '15028', NULL, 'SOLDIER_ENEMY_NORMAL_22'),
(15029, '15029', NULL, 'SOLDIER_ENEMY_NORMAL_23'),
(15030, '15030', NULL, 'SOLDIER_ENEMY_NORMAL_24'),
(15031, '15031', NULL, 'SOLDIER_ENEMY_NORMAL_25'),
(15032, '15032', NULL, 'SOLDIER_ENEMY_NORMAL_26'),
(15033, '15033', NULL, 'SOLDIER_ENEMY_NORMAL_27'),
(15034, '15034', NULL, 'SOLDIER_ENEMY_ROW_3'),
(15035, '15035', NULL, 'SOLDIER_ENEMY_COL_3'),
(15036, '15036', NULL, 'SOLDIER_ENEMY_ALL_3');

-- --------------------------------------------------------

--
-- Table structure for table `c_typemap`
--

CREATE TABLE IF NOT EXISTS `c_typemap` (
  `ID` int(11) NOT NULL AUTO_INCREMENT,
  `Name` varchar(255) CHARACTER SET utf8 COLLATE utf8_unicode_ci NOT NULL,
  PRIMARY KEY (`ID`)
) ENGINE=InnoDB  DEFAULT CHARSET=latin1 AUTO_INCREMENT=3 ;

--
-- Dumping data for table `c_typemap`
--

INSERT INTO `c_typemap` (`ID`, `Name`) VALUES
(1, 'Barrack'),
(2, 'Map');

-- --------------------------------------------------------

--
-- Table structure for table `c_worldmap`
--

CREATE TABLE IF NOT EXISTS `c_worldmap` (
  `ID` int(11) NOT NULL AUTO_INCREMENT,
  `Name` varchar(255) CHARACTER SET utf8 COLLATE utf8_unicode_ci NOT NULL,
  PRIMARY KEY (`ID`),
  UNIQUE KEY `Name` (`Name`)
) ENGINE=InnoDB  DEFAULT CHARSET=latin1 AUTO_INCREMENT=3 ;

--
-- Dumping data for table `c_worldmap`
--

INSERT INTO `c_worldmap` (`ID`, `Name`) VALUES
(1, 'worldmap1'),
(2, 'worldmap2');

-- --------------------------------------------------------

--
-- Table structure for table `group`
--

CREATE TABLE IF NOT EXISTS `group` (
  `id` int(11) NOT NULL AUTO_INCREMENT,
  `name` varchar(255) COLLATE utf8_unicode_ci DEFAULT NULL,
  PRIMARY KEY (`id`)
) ENGINE=MyISAM  DEFAULT CHARSET=utf8 COLLATE=utf8_unicode_ci AUTO_INCREMENT=7 ;

--
-- Dumping data for table `group`
--

INSERT INTO `group` (`id`, `name`) VALUES
(1, 'SuperAdmin'),
(2, 'Supporter'),
(4, 'Mod'),
(5, 'Backend'),
(6, 'Dev');

-- --------------------------------------------------------

--
-- Table structure for table `group_privileges`
--

CREATE TABLE IF NOT EXISTS `group_privileges` (
  `id` int(11) NOT NULL AUTO_INCREMENT,
  `privilege_id` int(11) NOT NULL,
  `group_id` int(11) NOT NULL,
  `status` tinyint(4) NOT NULL,
  PRIMARY KEY (`id`)
) ENGINE=MyISAM  DEFAULT CHARSET=utf8 COLLATE=utf8_unicode_ci AUTO_INCREMENT=217 ;

--
-- Dumping data for table `group_privileges`
--

INSERT INTO `group_privileges` (`id`, `privilege_id`, `group_id`, `status`) VALUES
(1, 1, 2, 0),
(2, 2, 2, 0),
(3, 3, 2, 0),
(4, 4, 2, 0),
(5, 5, 2, 1),
(6, 6, 2, 1),
(7, 7, 2, 0),
(8, 8, 2, 1),
(9, 9, 2, 0),
(10, 10, 2, 0),
(11, 11, 2, 0),
(12, 12, 2, 0),
(13, 13, 2, 0),
(14, 14, 2, 1),
(15, 15, 2, 1),
(16, 1, 4, 0),
(17, 2, 4, 0),
(18, 3, 4, 0),
(19, 4, 4, 0),
(20, 5, 4, 1),
(21, 6, 4, 1),
(22, 7, 4, 1),
(23, 8, 4, 1),
(24, 9, 4, 0),
(25, 10, 4, 0),
(26, 11, 4, 0),
(27, 12, 4, 0),
(28, 13, 4, 0),
(29, 14, 4, 1),
(30, 15, 4, 1),
(31, 16, 2, 0),
(32, 17, 2, 1),
(33, 18, 2, 1),
(34, 19, 2, 1),
(35, 20, 2, 0),
(36, 21, 2, 0),
(37, 22, 2, 0),
(38, 23, 2, 0),
(39, 24, 2, 0),
(40, 25, 2, 0),
(41, 26, 4, 0),
(42, 27, 4, 0),
(43, 28, 4, 1),
(44, 17, 4, 0),
(45, 18, 4, 0),
(46, 19, 4, 1),
(47, 20, 4, 0),
(48, 21, 4, 0),
(49, 22, 4, 0),
(50, 23, 4, 0),
(51, 25, 4, 0),
(52, 33, 4, 0),
(53, 30, 4, 1),
(54, 29, 4, 1),
(55, 31, 4, 1),
(56, 32, 4, 1),
(57, 34, 4, 1),
(58, 35, 4, 1),
(59, 36, 4, 1),
(60, 37, 4, 1),
(61, 38, 4, 1),
(62, 39, 4, 1),
(63, 40, 4, 1),
(64, 41, 4, 1),
(65, 42, 4, 1),
(66, 43, 4, 1),
(67, 44, 4, 1),
(68, 26, 2, 0),
(69, 27, 2, 0),
(70, 28, 2, 1),
(71, 37, 2, 0),
(72, 33, 2, 0),
(73, 38, 2, 0),
(74, 39, 2, 1),
(75, 40, 2, 0),
(76, 30, 2, 0),
(77, 29, 2, 0),
(78, 31, 2, 0),
(79, 32, 2, 0),
(80, 34, 2, 0),
(81, 41, 2, 0),
(82, 42, 2, 0),
(83, 43, 2, 0),
(84, 44, 2, 0),
(85, 1, 5, 0),
(86, 2, 5, 0),
(87, 3, 5, 0),
(88, 4, 5, 0),
(89, 26, 5, 0),
(90, 5, 5, 0),
(91, 6, 5, 0),
(92, 7, 5, 0),
(93, 8, 5, 0),
(94, 27, 5, 0),
(95, 28, 5, 0),
(96, 37, 5, 0),
(97, 9, 5, 0),
(98, 10, 5, 0),
(99, 11, 5, 0),
(100, 12, 5, 0),
(101, 13, 5, 0),
(102, 14, 5, 0),
(103, 15, 5, 0),
(104, 17, 5, 0),
(105, 18, 5, 0),
(106, 19, 5, 1),
(107, 20, 5, 1),
(108, 21, 5, 1),
(109, 22, 5, 1),
(110, 23, 5, 1),
(111, 25, 5, 1),
(112, 33, 5, 1),
(113, 38, 5, 1),
(114, 39, 5, 1),
(115, 40, 5, 1),
(116, 30, 5, 0),
(117, 29, 5, 0),
(118, 31, 5, 0),
(119, 32, 5, 0),
(120, 34, 5, 0),
(121, 41, 5, 0),
(122, 42, 5, 0),
(123, 43, 5, 0),
(124, 44, 5, 0),
(125, 45, 2, 1),
(126, 46, 2, 0),
(127, 47, 2, 1),
(128, 48, 2, 1),
(129, 49, 2, 1),
(130, 50, 2, 1),
(131, 51, 2, 1),
(132, 52, 2, 1),
(133, 53, 2, 1),
(134, 54, 2, 0),
(135, 55, 2, 1),
(136, 45, 4, 1),
(137, 46, 4, 1),
(138, 47, 4, 1),
(139, 48, 4, 1),
(140, 49, 4, 1),
(141, 50, 4, 1),
(142, 51, 4, 1),
(143, 52, 4, 1),
(144, 53, 4, 1),
(145, 54, 4, 1),
(146, 55, 4, 1),
(147, 56, 4, 1),
(148, 57, 4, 1),
(149, 58, 4, 1),
(150, 56, 2, 0),
(151, 57, 2, 1),
(152, 58, 2, 1),
(153, 59, 4, 1),
(154, 60, 4, 1),
(155, 61, 4, 1),
(156, 62, 4, 1),
(157, 63, 4, 1),
(158, 1, 6, 0),
(159, 2, 6, 0),
(160, 3, 6, 0),
(161, 4, 6, 0),
(162, 26, 6, 0),
(163, 5, 6, 0),
(164, 6, 6, 0),
(165, 7, 6, 0),
(166, 8, 6, 0),
(167, 27, 6, 0),
(168, 28, 6, 0),
(169, 37, 6, 0),
(170, 56, 6, 0),
(171, 59, 6, 0),
(172, 9, 6, 0),
(173, 10, 6, 0),
(174, 11, 6, 0),
(175, 12, 6, 0),
(176, 13, 6, 0),
(177, 14, 6, 1),
(178, 15, 6, 1),
(179, 17, 6, 1),
(180, 18, 6, 1),
(181, 19, 6, 1),
(182, 20, 6, 1),
(183, 21, 6, 1),
(184, 22, 6, 1),
(185, 23, 6, 1),
(186, 25, 6, 1),
(187, 33, 6, 1),
(188, 38, 6, 1),
(189, 39, 6, 1),
(190, 40, 6, 1),
(191, 30, 6, 1),
(192, 29, 6, 1),
(193, 31, 6, 1),
(194, 32, 6, 1),
(195, 34, 6, 1),
(196, 41, 6, 1),
(197, 42, 6, 1),
(198, 43, 6, 1),
(199, 44, 6, 1),
(200, 45, 6, 0),
(201, 46, 6, 0),
(202, 47, 6, 0),
(203, 48, 6, 0),
(204, 49, 6, 0),
(205, 50, 6, 0),
(206, 51, 6, 0),
(207, 52, 6, 0),
(208, 53, 6, 0),
(209, 54, 6, 0),
(210, 55, 6, 0),
(211, 57, 6, 0),
(212, 58, 6, 0),
(213, 60, 6, 0),
(214, 61, 6, 0),
(215, 62, 6, 0),
(216, 63, 6, 0);

-- --------------------------------------------------------

--
-- Table structure for table `key_type`
--

CREATE TABLE IF NOT EXISTS `key_type` (
  `id` int(11) NOT NULL,
  `name` varchar(256) COLLATE utf8_unicode_ci NOT NULL,
  PRIMARY KEY (`id`)
) ENGINE=InnoDB DEFAULT CHARSET=utf8 COLLATE=utf8_unicode_ci;

--
-- Dumping data for table `key_type`
--

INSERT INTO `key_type` (`id`, `name`) VALUES
(0, 'Chui'),
(1, 'S'),
(2, 'Mng');

-- --------------------------------------------------------

--
-- Table structure for table `log`
--

CREATE TABLE IF NOT EXISTS `log` (
  `id` int(11) NOT NULL AUTO_INCREMENT,
  `action_date` datetime DEFAULT NULL,
  `user` varchar(255) COLLATE utf8_unicode_ci DEFAULT NULL,
  `action` varchar(255) COLLATE utf8_unicode_ci DEFAULT NULL,
  `note` text COLLATE utf8_unicode_ci,
  PRIMARY KEY (`id`)
) ENGINE=MyISAM  DEFAULT CHARSET=utf8 COLLATE=utf8_unicode_ci AUTO_INCREMENT=5458 ;

--
-- Dumping data for table `log`
--

INSERT INTO `log` (`id`, `action_date`, `user`, `action`, `note`) VALUES
(1, '2011-09-20 17:53:12', 'kietma', 'act_login', NULL),
(2, '2011-09-20 17:53:22', 'kietma', 'act_compensation', NULL),
(3, '2011-09-20 18:42:58', 'quangnk', 'act_edit_notice', NULL),
(4, '2011-09-20 18:47:28', 'quangnk', 'act_edit_notice', NULL),
(5, '2011-09-20 18:52:45', 'quangnk', 'act_edit_notice', NULL),
(6, '2011-09-21 11:11:26', 'quangnk', 'act_login', NULL),
(7, '2011-09-21 11:17:23', 'quangnk', 'act_edit_notice', NULL),
(8, '2011-09-21 15:10:06', 'kietma', 'act_login', NULL),
(9, '2011-09-21 16:15:02', 'quangnk', 'act_login', NULL),
(10, '2011-09-21 16:25:04', 'quangnk', 'act_edit_notice', NULL),
(11, '2011-09-22 13:32:32', 'admin', 'act_login', NULL),
(12, '2011-09-22 13:33:12', 'admin', 'act_edit_popup', NULL),
(13, '2011-09-22 13:34:57', 'admin', 'act_login', NULL),
(14, '2011-09-22 13:35:25', 'admin', 'act_edit_popup', NULL),
(15, '2011-09-22 13:35:57', 'admin', 'act_sync_popup', NULL),
(16, '2011-09-22 14:36:11', 'quangnk', 'act_login', NULL),
(17, '2011-09-22 15:36:56', 'kietma', 'act_compensation', NULL),
(18, '2011-09-22 16:03:46', 'kietma', 'act_compensation', NULL),
(19, '2011-09-22 16:04:06', 'kietma', 'act_compensation', NULL),
(20, '2011-09-22 16:04:25', 'kietma', 'act_compensation', NULL),
(21, '2011-09-22 16:04:40', 'kietma', 'act_compensation', NULL),
(22, '2011-09-22 16:04:57', 'kietma', 'act_compensation', NULL),
(23, '2011-09-22 16:05:34', 'kietma', 'act_compensation', NULL),
(24, '2011-09-22 16:06:00', 'kietma', 'act_compensation', NULL),
(25, '2011-09-22 16:06:22', 'kietma', 'act_compensation', NULL),
(26, '2011-09-22 16:06:44', 'kietma', 'act_compensation', NULL),
(27, '2011-09-22 16:07:17', 'kietma', 'act_compensation', NULL),
(28, '2011-09-22 16:07:33', 'kietma', 'act_compensation', NULL),
(29, '2011-09-22 16:08:08', 'kietma', 'act_compensation', NULL),
(30, '2011-09-22 16:08:24', 'kietma', 'act_compensation', NULL),
(31, '2011-09-22 16:08:35', 'kietma', 'act_compensation', NULL),
(32, '2011-09-22 16:08:43', 'kietma', 'act_compensation', NULL),
(33, '2011-09-22 16:08:52', 'kietma', 'act_compensation', NULL),
(34, '2011-09-22 16:09:00', 'kietma', 'act_compensation', NULL),
(35, '2011-09-22 16:09:06', 'kietma', 'act_compensation', NULL),
(36, '2011-09-22 16:09:11', 'kietma', 'act_compensation', NULL),
(37, '2011-09-22 16:09:16', 'kietma', 'act_compensation', NULL),
(38, '2011-09-22 16:09:21', 'kietma', 'act_compensation', NULL),
(39, '2011-09-22 16:09:26', 'kietma', 'act_compensation', NULL),
(40, '2011-09-22 16:10:23', 'kietma', 'act_compensation', NULL),
(41, '2011-09-22 16:10:46', 'kietma', 'act_compensation', NULL),
(42, '2011-09-22 16:10:55', 'kietma', 'act_compensation', NULL),
(43, '2011-09-22 16:11:00', 'kietma', 'act_compensation', NULL),
(44, '2011-09-22 16:11:08', 'kietma', 'act_compensation', NULL),
(45, '2011-09-22 16:11:18', 'kietma', 'act_compensation', NULL),
(46, '2011-09-22 16:11:24', 'kietma', 'act_compensation', NULL),
(47, '2011-09-22 16:11:32', 'kietma', 'act_compensation', NULL),
(48, '2011-09-22 16:11:41', 'kietma', 'act_compensation', NULL),
(49, '2011-09-22 16:11:49', 'kietma', 'act_compensation', NULL),
(50, '2011-09-22 16:12:00', 'kietma', 'act_compensation', NULL),
(51, '2011-09-22 16:12:28', 'kietma', 'act_compensation', NULL),
(52, '2011-09-22 16:12:48', 'kietma', 'act_compensation', NULL),
(53, '2011-09-22 16:12:58', 'kietma', 'act_compensation', NULL),
(54, '2011-09-22 16:13:16', 'kietma', 'act_compensation', NULL),
(55, '2011-09-22 16:13:24', 'kietma', 'act_compensation', NULL),
(56, '2011-09-22 16:13:33', 'kietma', 'act_compensation', NULL),
(57, '2011-09-22 16:13:40', 'kietma', 'act_compensation', NULL),
(58, '2011-09-22 16:13:48', 'kietma', 'act_compensation', NULL),
(59, '2011-09-22 16:13:55', 'kietma', 'act_compensation', NULL),
(60, '2011-09-22 16:20:51', 'kietma', 'act_compensation', NULL),
(61, '2011-09-22 16:21:14', 'kietma', 'act_compensation', NULL),
(62, '2011-09-22 16:21:34', 'kietma', 'act_compensation', NULL),
(63, '2011-09-22 16:21:51', 'kietma', 'act_compensation', NULL),
(64, '2011-09-22 16:22:07', 'kietma', 'act_compensation', NULL),
(65, '2011-09-22 16:22:26', 'kietma', 'act_compensation', NULL),
(66, '2011-09-22 16:22:39', 'kietma', 'act_compensation', NULL),
(67, '2011-09-22 16:22:50', 'kietma', 'act_compensation', NULL),
(68, '2011-09-22 16:23:09', 'kietma', 'act_compensation', NULL),
(69, '2011-09-22 16:26:38', 'kietma', 'act_compensation', NULL),
(70, '2011-09-22 16:27:30', 'kietma', 'act_compensation', NULL),
(71, '2011-09-22 16:28:22', 'kietma', 'act_compensation', NULL),
(72, '2011-09-22 16:29:25', 'kietma', 'act_compensation', NULL),
(73, '2011-09-22 16:29:52', 'kietma', 'act_compensation', NULL),
(74, '2011-09-22 16:30:28', 'kietma', 'act_compensation', NULL),
(75, '2011-09-22 16:31:02', 'kietma', 'act_compensation', NULL),
(76, '2011-09-22 16:32:03', 'kietma', 'act_compensation', NULL),
(77, '2011-09-22 16:33:07', 'kietma', 'act_compensation', NULL),
(78, '2011-09-22 16:43:38', 'kietma', 'act_compensation', NULL),
(79, '2011-09-22 16:47:27', 'kietma', 'act_compensation', NULL),
(80, '2011-09-22 16:48:52', 'kietma', 'act_compensation', NULL),
(81, '2011-09-22 16:52:09', 'kietma', 'act_compensation', NULL),
(82, '2011-09-22 16:53:13', 'kietma', 'act_compensation', NULL),
(83, '2011-09-22 17:05:57', 'kietma', 'act_compensation', NULL),
(84, '2011-09-22 17:08:31', 'kietma', 'act_compensation', NULL),
(85, '2011-09-22 17:08:32', 'kietma', 'act_compensation', NULL),
(86, '2011-09-22 17:11:01', 'kietma', 'act_compensation', NULL),
(87, '2011-09-22 17:23:06', 'quangnk', 'act_login', NULL),
(88, '2011-09-22 17:23:37', 'kietma', 'act_compensation', NULL),
(89, '2011-09-22 17:24:19', 'kietma', 'act_compensation', NULL),
(90, '2011-09-22 17:24:22', 'quangnk', 'act_edit_notice', NULL),
(91, '2011-09-22 17:27:57', 'kietma', 'act_compensation', NULL),
(92, '2011-09-22 17:35:59', 'kietma', 'act_compensation', NULL),
(93, '2011-09-22 17:36:27', 'kietma', 'act_compensation', NULL),
(94, '2011-09-22 17:36:55', 'kietma', 'act_compensation', NULL),
(95, '2011-09-22 17:37:19', 'kietma', 'act_compensation', NULL),
(96, '2011-09-22 17:38:16', 'kietma', 'act_compensation', NULL),
(97, '2011-09-22 17:38:58', 'kietma', 'act_compensation', NULL),
(98, '2011-09-22 17:39:33', 'kietma', 'act_compensation', NULL),
(99, '2011-09-22 17:40:22', 'kietma', 'act_compensation', NULL),
(100, '2011-09-22 17:41:04', 'kietma', 'act_compensation', NULL),
(101, '2011-09-22 17:41:39', 'kietma', 'act_compensation', NULL),
(102, '2011-09-22 17:42:10', 'kietma', 'act_compensation', NULL),
(103, '2011-09-22 17:42:36', 'kietma', 'act_compensation', NULL),
(104, '2011-09-22 17:42:55', 'kietma', 'act_compensation', NULL),
(105, '2011-09-22 18:03:04', 'kietma', 'act_compensation', NULL),
(106, '2011-09-22 18:23:16', 'kietma', 'act_compensation', NULL),
(107, '2011-09-22 18:24:02', 'kietma', 'act_compensation', NULL),
(108, '2011-09-22 18:24:34', 'kietma', 'act_compensation', NULL),
(109, '2011-09-22 18:25:31', 'kietma', 'act_compensation', NULL),
(110, '2011-09-22 18:25:57', 'kietma', 'act_compensation', NULL),
(111, '2011-09-22 18:26:52', 'kietma', 'act_compensation', NULL),
(112, '2011-09-22 18:27:33', 'kietma', 'act_compensation', NULL),
(113, '2011-09-22 18:27:57', 'kietma', 'act_compensation', NULL),
(114, '2011-09-22 18:28:22', 'kietma', 'act_compensation', NULL),
(115, '2011-09-22 18:28:46', 'kietma', 'act_compensation', NULL),
(116, '2011-09-22 18:29:19', 'kietma', 'act_compensation', NULL),
(117, '2011-09-22 18:29:50', 'kietma', 'act_compensation', NULL),
(118, '2011-09-22 18:30:23', 'kietma', 'act_compensation', NULL),
(119, '2011-09-22 18:30:51', 'kietma', 'act_compensation', NULL),
(120, '2011-09-22 18:31:34', 'kietma', 'act_compensation', NULL),
(121, '2011-09-22 18:31:57', 'kietma', 'act_compensation', NULL),
(122, '2011-09-22 18:32:09', 'kietma', 'act_compensation', NULL),
(123, '2011-09-22 18:32:50', 'kietma', 'act_compensation', NULL),
(124, '2011-09-22 18:33:26', 'kietma', 'act_compensation', NULL),
(125, '2011-09-22 18:34:01', 'kietma', 'act_compensation', NULL),
(126, '2011-09-22 18:34:31', 'kietma', 'act_compensation', NULL),
(127, '2011-09-22 18:35:00', 'kietma', 'act_compensation', NULL),
(128, '2011-09-22 18:35:24', 'kietma', 'act_compensation', NULL),
(129, '2011-09-22 18:36:00', 'kietma', 'act_compensation', NULL),
(130, '2011-09-22 18:36:30', 'kietma', 'act_compensation', NULL),
(131, '2011-09-22 18:36:58', 'kietma', 'act_compensation', NULL),
(132, '2011-09-22 18:37:24', 'kietma', 'act_compensation', NULL),
(133, '2011-09-22 18:39:15', 'kietma', 'act_compensation', NULL),
(134, '2011-09-22 18:39:34', 'kietma', 'act_compensation', NULL),
(135, '2011-09-22 18:40:52', 'kietma', 'act_compensation', NULL),
(136, '2011-09-22 18:41:28', 'kietma', 'act_compensation', NULL),
(137, '2011-09-22 18:41:44', 'kietma', 'act_compensation', NULL),
(138, '2011-09-22 18:42:15', 'kietma', 'act_compensation', NULL),
(139, '2011-09-22 18:42:29', 'kietma', 'act_compensation', NULL),
(140, '2011-09-22 18:42:54', 'kietma', 'act_compensation', NULL),
(141, '2011-09-22 18:43:20', 'kietma', 'act_compensation', NULL),
(142, '2011-09-22 18:43:46', 'kietma', 'act_compensation', NULL),
(143, '2011-09-22 18:44:11', 'kietma', 'act_compensation', NULL),
(144, '2011-09-22 18:44:41', 'kietma', 'act_compensation', NULL),
(145, '2011-09-22 18:45:03', 'kietma', 'act_compensation', NULL),
(146, '2011-09-22 18:45:25', 'kietma', 'act_compensation', NULL),
(147, '2011-09-22 18:45:56', 'kietma', 'act_compensation', NULL),
(148, '2011-09-22 18:46:12', 'kietma', 'act_compensation', NULL),
(149, '2011-09-22 18:46:46', 'kietma', 'act_compensation', NULL),
(150, '2011-09-22 18:47:33', 'kietma', 'act_compensation', NULL),
(151, '2011-09-22 18:48:31', 'kietma', 'act_compensation', NULL),
(152, '2011-09-22 18:48:59', 'kietma', 'act_compensation', NULL),
(153, '2011-09-22 18:49:12', 'kietma', 'act_compensation', NULL),
(154, '2011-09-22 18:49:36', 'kietma', 'act_compensation', NULL),
(155, '2011-09-22 18:49:59', 'kietma', 'act_compensation', NULL),
(156, '2011-09-22 18:50:56', 'kietma', 'act_compensation', NULL),
(157, '2011-09-22 18:51:22', 'kietma', 'act_compensation', NULL),
(158, '2011-09-22 18:52:01', 'kietma', 'act_compensation', NULL),
(159, '2011-09-22 18:52:22', 'kietma', 'act_compensation', NULL),
(160, '2011-09-22 18:52:45', 'kietma', 'act_compensation', NULL),
(161, '2011-09-22 18:53:06', 'kietma', 'act_compensation', NULL),
(162, '2011-09-22 18:53:36', 'kietma', 'act_compensation', NULL),
(163, '2011-09-22 18:54:04', 'kietma', 'act_compensation', NULL),
(164, '2011-09-22 18:54:35', 'kietma', 'act_compensation', NULL),
(165, '2011-09-22 18:55:11', 'kietma', 'act_compensation', NULL),
(166, '2011-09-22 18:55:53', 'kietma', 'act_compensation', NULL),
(167, '2011-09-22 18:56:19', 'kietma', 'act_compensation', NULL),
(168, '2011-09-22 18:56:40', 'kietma', 'act_compensation', NULL),
(169, '2011-09-22 18:57:06', 'kietma', 'act_compensation', NULL),
(170, '2011-09-22 18:57:54', 'kietma', 'act_compensation', NULL),
(171, '2011-09-22 18:58:25', 'kietma', 'act_compensation', NULL),
(172, '2011-09-22 18:58:53', 'kietma', 'act_compensation', NULL),
(173, '2011-09-22 18:59:20', 'kietma', 'act_compensation', NULL),
(174, '2011-09-22 18:59:34', 'kietma', 'act_compensation', NULL),
(175, '2011-09-22 18:59:49', 'kietma', 'act_compensation', NULL),
(176, '2011-09-22 19:00:21', 'kietma', 'act_compensation', NULL),
(177, '2011-09-22 19:00:41', 'kietma', 'act_compensation', NULL),
(178, '2011-09-22 19:01:17', 'kietma', 'act_compensation', NULL),
(179, '2011-09-22 19:01:54', 'kietma', 'act_compensation', NULL),
(180, '2011-09-22 19:02:23', 'kietma', 'act_compensation', NULL),
(181, '2011-09-22 19:03:13', 'kietma', 'act_compensation', NULL),
(182, '2011-09-22 19:03:45', 'kietma', 'act_compensation', NULL),
(183, '2011-09-22 19:04:00', 'kietma', 'act_compensation', NULL),
(184, '2011-09-22 19:04:41', 'kietma', 'act_compensation', NULL),
(185, '2011-09-22 19:05:47', 'kietma', 'act_compensation', NULL),
(186, '2011-09-22 19:06:13', 'kietma', 'act_compensation', NULL),
(187, '2011-09-22 19:06:43', 'kietma', 'act_compensation', NULL),
(188, '2011-09-22 19:07:08', 'kietma', 'act_compensation', NULL),
(189, '2011-09-22 19:07:31', 'kietma', 'act_compensation', NULL),
(190, '2011-09-22 19:07:55', 'kietma', 'act_compensation', NULL),
(191, '2011-09-22 19:08:50', 'kietma', 'act_compensation', NULL),
(192, '2011-09-22 19:09:46', 'kietma', 'act_compensation', NULL),
(193, '2011-09-22 19:10:27', 'kietma', 'act_compensation', NULL),
(194, '2011-09-22 19:10:53', 'kietma', 'act_compensation', NULL),
(195, '2011-09-22 19:12:13', 'kietma', 'act_compensation', NULL),
(196, '2011-09-22 19:16:01', 'kietma', 'act_compensation', NULL),
(197, '2011-09-22 19:17:19', 'kietma', 'act_compensation', NULL),
(198, '2011-09-22 19:18:13', 'kietma', 'act_compensation', NULL),
(199, '2011-09-22 19:18:58', 'kietma', 'act_compensation', NULL),
(200, '2011-09-22 19:19:44', 'kietma', 'act_compensation', NULL),
(201, '2011-09-22 19:20:15', 'kietma', 'act_compensation', NULL),
(202, '2011-09-22 19:21:32', 'kietma', 'act_compensation', NULL),
(203, '2011-09-22 19:21:53', 'kietma', 'act_compensation', NULL),
(204, '2011-09-22 19:22:15', 'kietma', 'act_compensation', NULL),
(205, '2011-09-22 19:23:17', 'kietma', 'act_compensation', NULL),
(206, '2011-09-22 19:23:46', 'kietma', 'act_compensation', NULL),
(207, '2011-09-22 19:24:27', 'kietma', 'act_compensation', NULL),
(208, '2011-09-22 19:24:48', 'kietma', 'act_compensation', NULL),
(209, '2011-09-22 19:27:39', 'kietma', 'act_compensation', NULL),
(210, '2011-09-22 19:28:47', 'kietma', 'act_compensation', NULL),
(211, '2011-09-22 19:29:53', 'kietma', 'act_compensation', NULL),
(212, '2011-09-22 19:30:26', 'kietma', 'act_compensation', NULL),
(213, '2011-09-22 19:31:21', 'kietma', 'act_compensation', NULL),
(214, '2011-09-22 19:33:08', 'kietma', 'act_compensation', NULL),
(215, '2011-09-22 19:33:34', 'kietma', 'act_compensation', NULL),
(216, '2011-09-22 19:33:53', 'kietma', 'act_compensation', NULL),
(217, '2011-09-22 19:34:13', 'kietma', 'act_compensation', NULL),
(218, '2011-09-22 19:34:37', 'kietma', 'act_compensation', NULL),
(219, '2011-09-22 19:35:01', 'kietma', 'act_compensation', NULL),
(220, '2011-09-22 19:35:40', 'kietma', 'act_compensation', NULL),
(221, '2011-09-22 19:40:42', 'kietma', 'act_compensation', NULL),
(222, '2011-09-22 19:41:21', 'kietma', 'act_compensation', NULL),
(223, '2011-09-22 19:41:51', 'kietma', 'act_compensation', NULL),
(224, '2011-09-22 19:42:24', 'kietma', 'act_compensation', NULL),
(225, '2011-09-22 19:46:47', 'kietma', 'act_compensation', NULL),
(226, '2011-09-23 17:29:01', 'kietma', 'act_login', NULL),
(227, '2011-09-23 17:33:46', 'kietma', 'act_compensation', NULL),
(228, '2011-09-23 17:45:06', 'kietma', 'act_compensation', NULL),
(229, '2011-09-23 17:45:12', 'kietma', 'act_compensation', NULL),
(230, '2011-09-23 17:45:18', 'kietma', 'act_compensation', NULL),
(231, '2011-09-23 17:45:23', 'kietma', 'act_compensation', NULL),
(232, '2011-09-23 17:45:29', 'kietma', 'act_compensation', NULL),
(233, '2011-09-23 17:45:33', 'kietma', 'act_compensation', NULL),
(234, '2011-09-23 17:45:38', 'kietma', 'act_compensation', NULL),
(235, '2011-09-23 17:45:39', 'kietma', 'act_compensation', NULL),
(236, '2011-09-23 17:45:44', 'kietma', 'act_compensation', NULL),
(237, '2011-09-23 17:45:48', 'kietma', 'act_compensation', NULL),
(238, '2011-09-23 17:50:27', 'kietma', 'act_compensation', NULL),
(239, '2011-09-26 17:47:22', 'quangnk', 'act_login', NULL),
(240, '2011-09-26 17:48:41', 'quangnk', 'act_edit_notice', NULL),
(241, '2011-09-28 10:06:48', 'quangnk', 'act_login', NULL),
(242, '2011-09-28 10:08:26', 'quangnk', 'act_edit_notice', NULL),
(243, '2011-09-28 10:08:36', 'quangnk', 'act_edit_notice', NULL),
(244, '2011-09-28 11:31:34', 'kietma', 'act_login', NULL),
(245, '2011-09-29 12:57:04', 'kietma', 'act_login', NULL),
(246, '2011-09-29 12:58:23', 'kietma', 'act_compensation', NULL),
(247, '2011-09-29 12:58:23', 'kietma', 'act_compensation', NULL),
(248, '2011-09-29 17:48:38', 'quangnk', 'act_login', NULL),
(249, '2011-09-29 17:50:15', 'quangnk', 'act_login', NULL),
(250, '2011-09-29 17:59:13', 'quangnk', 'act_edit_popup', NULL),
(251, '2011-09-29 17:59:43', 'quangnk', 'act_sync_popup', NULL),
(252, '2011-09-29 18:07:09', 'quangnk', 'act_sync_popup', NULL),
(253, '2011-09-30 11:48:29', 'quangnk', 'act_login', NULL),
(254, '2011-09-30 11:52:56', 'quangnk', 'act_edit_popup', NULL),
(255, '2011-09-30 11:53:25', 'quangnk', 'act_sync_popup', NULL),
(256, '2011-09-30 11:53:28', 'quangnk', 'act_edit_popup', NULL),
(257, '2011-09-30 11:54:00', 'quangnk', 'act_edit_popup', NULL),
(258, '2011-09-30 11:54:49', 'quangnk', 'act_edit_popup', NULL),
(259, '2011-09-30 11:54:55', 'quangnk', 'act_edit_popup', NULL),
(260, '2011-09-30 14:40:43', 'quangnk', 'act_login', NULL),
(261, '2011-09-30 14:41:13', 'quangnk', 'act_sync_popup', NULL),
(262, '2011-09-30 14:42:23', 'kietma', 'act_login', NULL),
(263, '2011-09-30 15:55:33', 'quangnk', 'act_login', NULL),
(264, '2011-09-30 15:59:51', 'quangnk', 'act_edit_notice', NULL),
(265, '2011-10-03 11:39:52', 'admin', 'act_login', NULL),
(266, '2011-10-03 11:51:51', 'admin', 'act_sync_event_exp', NULL),
(267, '2011-10-03 11:53:08', 'admin', 'act_sync_event_exp', NULL),
(268, '2011-10-03 11:55:44', 'admin', 'act_edit_event_exp', NULL),
(269, '2011-10-03 11:57:18', 'admin', 'act_edit_event_exp', NULL),
(270, '2011-10-03 11:57:56', 'admin', 'act_sync_event_exp', NULL),
(271, '2011-10-03 12:09:03', 'kietma', 'act_login', NULL),
(272, '2011-10-03 12:12:03', 'kietma', 'act_compensation', NULL),
(273, '2011-10-03 12:19:39', 'kietma', 'act_compensation', NULL),
(274, '2011-10-03 16:02:08', 'kietma', 'act_login', NULL),
(275, '2011-10-03 16:02:17', 'kietma', 'act_compensation', NULL),
(276, '2011-10-03 16:03:53', 'admin', 'act_login', NULL),
(277, '2011-10-03 16:04:19', 'admin', 'act_privilege', NULL),
(278, '2011-10-03 16:04:36', 'admin', 'act_login', NULL),
(279, '2011-10-03 16:05:17', 'kietma', 'act_login', NULL),
(280, '2011-10-03 16:08:07', 'admin', 'act_login', NULL),
(281, '2011-10-03 16:10:10', 'kietma', 'act_login', NULL),
(282, '2011-10-03 16:10:32', 'admin', 'act_login', NULL),
(283, '2011-10-03 16:22:03', 'admin', 'act_adduser', NULL),
(284, '2011-10-03 16:22:15', 'minhvh', 'act_login', NULL),
(285, '2011-10-03 16:36:24', 'admin', 'act_login', NULL),
(286, '2011-10-03 16:36:35', 'admin', 'act_privilege', NULL),
(287, '2011-10-03 16:36:45', 'minhvh', 'act_login', NULL),
(288, '2011-10-03 16:55:51', 'admin', 'act_compensation', NULL),
(289, '2011-10-03 16:56:29', 'admin', 'act_compensation', NULL),
(290, '2011-10-03 16:57:37', 'admin', 'act_compensation', NULL),
(291, '2011-10-03 16:58:25', 'admin', 'act_compensation', NULL),
(292, '2011-10-03 16:59:02', 'admin', 'act_compensation', NULL),
(293, '2011-10-03 16:59:51', 'admin', 'act_compensation', NULL),
(294, '2011-10-03 17:00:30', 'admin', 'act_compensation', NULL),
(295, '2011-10-03 17:01:09', 'admin', 'act_compensation', NULL),
(296, '2011-10-03 17:03:21', 'admin', 'act_compensation', NULL),
(297, '2011-10-03 17:03:38', 'admin', 'act_compensation', NULL),
(298, '2011-10-03 17:04:02', 'admin', 'act_compensation', NULL),
(299, '2011-10-03 17:05:40', 'admin', 'act_compensation', NULL),
(300, '2011-10-03 17:06:12', 'admin', 'act_compensation', NULL),
(301, '2011-10-03 17:06:53', 'admin', 'act_compensation', NULL),
(302, '2011-10-03 17:07:08', 'admin', 'act_compensation', NULL),
(303, '2011-10-03 17:07:53', 'admin', 'act_compensation', NULL),
(304, '2011-10-03 17:08:13', 'admin', 'act_compensation', NULL),
(305, '2011-10-03 17:08:39', 'admin', 'act_compensation', NULL),
(306, '2011-10-03 17:08:47', 'admin', 'act_compensation', NULL),
(307, '2011-10-03 17:08:56', 'admin', 'act_compensation', NULL),
(308, '2011-10-03 17:09:10', 'admin', 'act_compensation', NULL),
(309, '2011-10-03 17:09:37', 'admin', 'act_compensation', NULL),
(310, '2011-10-03 17:10:13', 'admin', 'act_compensation', NULL),
(311, '2011-10-03 18:05:35', 'kietma', 'act_login', NULL),
(312, '2011-10-03 18:06:06', 'kietma', 'act_compensation', NULL),
(313, '2011-10-03 18:06:11', 'kietma', 'act_compensation', NULL),
(314, '2011-10-03 18:06:23', 'kietma', 'act_compensation', NULL),
(315, '2011-10-03 18:06:55', 'kietma', 'act_compensation', NULL),
(316, '2011-10-03 18:41:45', 'quangnk', 'act_login', NULL),
(317, '2011-10-03 18:49:21', 'quangnk', 'act_edit_notice', NULL),
(318, '2011-10-04 10:39:04', 'kietma', 'act_compensation', NULL),
(319, '2011-10-04 11:12:52', 'kietma', 'act_compensation', NULL),
(320, '2011-10-04 14:13:42', 'quangnk', 'act_login', NULL),
(321, '2011-10-04 14:14:09', 'quangnk', 'act_edit_notice', NULL),
(322, '2011-10-04 15:18:23', 'quangnk', 'act_login', NULL),
(323, '2011-10-04 15:31:58', 'quangnk', 'act_edit_popup', NULL),
(324, '2011-10-04 15:32:24', 'quangnk', 'act_sync_popup', NULL),
(325, '2011-10-04 16:17:27', 'quangnk', 'act_login', NULL),
(326, '2011-10-04 16:18:29', 'quangnk', 'act_edit_notice', NULL),
(327, '2011-10-04 20:47:19', 'kietma', 'act_login', NULL),
(328, '2011-10-04 20:47:25', 'kietma', 'act_compensation', NULL),
(329, '2011-10-04 20:57:52', 'kietma', 'act_compensation', NULL),
(330, '2011-10-05 18:41:53', 'kietma', 'act_compensation', NULL),
(331, '2011-10-10 11:06:52', 'kietma', 'act_login', NULL),
(332, '2011-10-10 11:27:22', 'kietma', 'act_compensation', NULL),
(333, '2011-10-10 15:42:17', 'quangnk', 'act_login', NULL),
(334, '2011-10-10 15:42:29', 'quangnk', 'act_edit_notice', NULL),
(335, '2011-10-10 15:42:31', 'quangnk', 'act_edit_notice', NULL),
(336, '2011-10-10 15:43:50', 'quangnk', 'act_edit_notice', NULL),
(337, '2011-10-11 10:06:46', 'quangnk', 'act_login', NULL),
(338, '2011-10-11 14:29:14', 'quangnk', 'act_login', NULL),
(339, '2011-10-12 10:28:52', 'admin', 'act_login', NULL),
(340, '2011-10-12 10:30:48', 'kietma', 'act_login', NULL),
(341, '2011-10-12 10:36:55', 'kietma', 'act_login', NULL),
(342, '2011-10-12 18:08:21', 'kietma', 'act_login', NULL),
(343, '2011-10-12 18:09:32', 'kietma', 'act_compensation', NULL),
(344, '2011-10-12 18:47:00', 'kietma', 'act_login', NULL),
(345, '2011-10-12 18:47:06', 'kietma', 'act_compensation', NULL),
(346, '2011-10-12 19:12:58', 'kietma', 'act_compensation', NULL),
(347, '2011-10-12 19:19:01', 'kietma', 'act_compensation', NULL),
(348, '2011-10-12 19:19:08', 'kietma', 'act_compensation', NULL),
(349, '2011-10-12 19:19:13', 'kietma', 'act_compensation', NULL),
(350, '2011-10-12 19:19:17', 'kietma', 'act_compensation', NULL),
(351, '2011-10-12 19:19:22', 'kietma', 'act_compensation', NULL),
(352, '2011-10-12 19:19:27', 'kietma', 'act_compensation', NULL),
(353, '2011-10-12 19:19:32', 'kietma', 'act_compensation', NULL),
(354, '2011-10-12 19:20:06', 'kietma', 'act_compensation', NULL),
(355, '2011-10-12 19:20:10', 'kietma', 'act_compensation', NULL),
(356, '2011-10-12 19:20:16', 'kietma', 'act_compensation', NULL),
(357, '2011-10-12 19:20:19', 'kietma', 'act_compensation', NULL),
(358, '2011-10-12 19:20:22', 'kietma', 'act_compensation', NULL),
(359, '2011-10-12 19:20:26', 'kietma', 'act_compensation', NULL),
(360, '2011-10-12 19:20:31', 'kietma', 'act_compensation', NULL),
(361, '2011-10-12 19:20:52', 'kietma', 'act_compensation', NULL),
(362, '2011-10-12 19:20:57', 'kietma', 'act_compensation', NULL),
(363, '2011-10-12 19:21:02', 'kietma', 'act_compensation', NULL),
(364, '2011-10-12 19:21:19', 'kietma', 'act_compensation', NULL),
(365, '2011-10-12 19:21:23', 'kietma', 'act_compensation', NULL),
(366, '2011-10-12 19:21:29', 'kietma', 'act_compensation', NULL),
(367, '2011-10-12 19:21:34', 'kietma', 'act_compensation', NULL),
(368, '2011-10-12 20:30:00', 'kietma', 'act_login', NULL),
(369, '2011-10-12 20:37:39', 'admin', 'act_login', NULL),
(370, '2011-10-13 11:08:35', 'kietma', 'act_login', NULL),
(371, '2011-10-13 11:09:08', 'kietma', 'act_compensation', NULL),
(372, '2011-10-13 14:38:11', 'admin', 'act_login', NULL),
(373, '2011-10-13 14:41:59', 'kietma', 'act_login', NULL),
(374, '2011-10-13 15:22:57', 'kietma', 'act_login', NULL),
(375, '2011-10-13 15:24:30', 'admin', 'act_login', NULL),
(376, '2011-10-13 15:24:57', 'kietma', 'act_login', NULL),
(377, '2011-10-13 15:25:23', 'admin', 'act_login', NULL),
(378, '2011-10-13 15:25:39', 'admin', 'act_privilege', NULL),
(379, '2011-10-13 15:26:02', 'kietma', 'act_login', NULL),
(380, '2011-10-13 15:27:19', 'admin', 'act_login', NULL),
(381, '2011-10-13 15:33:26', 'admin', 'act_login', NULL),
(382, '2011-10-13 15:33:35', 'admin', 'act_privilege', NULL),
(383, '2011-10-13 15:33:43', 'kietma', 'act_login', NULL),
(384, '2011-10-13 15:34:04', 'admin', 'act_login', NULL),
(385, '2011-10-13 15:35:43', 'admin', 'act_privilege', NULL),
(386, '2011-10-13 15:35:52', 'kietma', 'act_login', NULL),
(387, '2011-10-13 15:55:30', 'admin', 'act_add_item_gift', NULL),
(388, '2011-10-13 16:04:48', 'admin', 'act_login', NULL),
(389, '2011-10-13 16:32:41', 'admin', 'act_add_item_gift', NULL),
(390, '2011-10-13 16:33:14', 'admin', 'act_add_item_gift', NULL),
(391, '2011-10-13 16:33:44', 'admin', 'act_add_item_gift', NULL),
(392, '2011-10-13 16:52:12', 'admin', 'act_compensation', NULL),
(393, '2011-10-13 16:57:47', 'admin', 'act_compensation', NULL),
(394, '2011-10-13 17:31:41', 'admin', 'act_login', NULL),
(395, '2011-10-13 17:32:34', 'admin', 'act_compensation', NULL),
(396, '2011-10-13 17:33:20', 'admin', 'act_compensation', NULL),
(397, '2011-10-13 17:35:56', 'admin', 'act_compensation', NULL),
(398, '2011-10-14 11:50:25', 'admin', 'act_compensation', NULL),
(399, '2011-10-14 11:59:03', 'admin', 'act_compensation', NULL),
(400, '2011-10-14 11:59:15', 'admin', 'act_compensation', NULL),
(401, '2011-10-14 15:58:28', 'quangnk', 'act_login', NULL),
(402, '2011-10-14 15:58:29', 'quangnk', 'act_login', NULL),
(403, '2011-10-14 15:58:55', 'quangnk', 'act_edit_popup', NULL),
(404, '2011-10-14 15:59:42', 'quangnk', 'act_edit_popup', NULL),
(405, '2011-10-14 15:59:52', 'admin', 'act_login', NULL),
(406, '2011-10-14 16:02:41', 'quangnk', 'act_login', NULL),
(407, '2011-10-14 16:02:58', 'admin', 'act_compensation', NULL),
(408, '2011-10-14 16:03:05', 'quangnk', 'act_edit_popup', NULL),
(409, '2011-10-14 16:03:12', 'quangnk', 'act_edit_popup', NULL),
(410, '2011-10-14 16:03:27', 'quangnk', 'act_edit_popup', NULL),
(411, '2011-10-14 16:03:51', 'quangnk', 'act_sync_popup', NULL),
(412, '2011-10-14 16:06:06', 'quangnk', 'act_edit_popup', NULL),
(413, '2011-10-14 16:06:23', 'quangnk', 'act_sync_popup', NULL),
(414, '2011-10-14 16:08:38', 'admin', 'act_compensation', NULL),
(415, '2011-10-14 16:09:36', 'quangnk', 'act_edit_notice', NULL),
(416, '2011-10-14 17:52:39', 'admin', 'act_compensation', NULL),
(417, '2011-10-14 18:02:22', 'admin', 'act_login', NULL),
(418, '2011-10-14 18:02:56', 'admin', 'act_adduser', NULL),
(419, '2011-10-17 11:16:12', 'kietma', 'act_login', NULL),
(420, '2011-10-17 11:20:49', 'kietma', 'act_add_gift', NULL),
(421, '2011-10-17 11:21:42', 'kietma', 'act_add_gift', NULL),
(422, '2011-10-17 11:21:46', 'kietma', 'act_delete_gift', NULL),
(423, '2011-10-17 11:22:51', 'kietma', 'act_add_gift', NULL),
(424, '2011-10-17 11:23:39', 'kietma', 'act_add_gift', NULL),
(425, '2011-10-17 11:24:42', 'kietma', 'act_add_gift', NULL),
(426, '2011-10-17 11:25:16', 'kietma', 'act_add_gift', NULL),
(427, '2011-10-17 11:25:41', 'kietma', 'act_add_gift', NULL),
(428, '2011-10-17 11:26:21', 'kietma', 'act_add_gift', NULL),
(429, '2011-10-17 11:26:52', 'kietma', 'act_add_gift', NULL),
(430, '2011-10-17 11:27:15', 'kietma', 'act_add_gift', NULL),
(431, '2011-10-17 11:27:57', 'kietma', 'act_add_gift', NULL),
(432, '2011-10-17 11:28:51', 'kietma', 'act_add_gift', NULL),
(433, '2011-10-17 11:29:44', 'kietma', 'act_add_gift', NULL),
(434, '2011-10-17 11:30:20', 'kietma', 'act_add_gift', NULL),
(435, '2011-10-17 11:30:43', 'kietma', 'act_add_gift', NULL),
(436, '2011-10-17 11:31:15', 'kietma', 'act_add_gift', NULL),
(437, '2011-10-17 11:32:32', 'kietma', 'act_add_gift', NULL),
(438, '2011-10-17 11:33:13', 'admin', 'act_login', NULL),
(439, '2011-10-17 11:48:57', 'admin', 'act_add_item_gift', NULL),
(440, '2011-10-17 12:04:07', 'admin', 'act_add_item_gift', NULL),
(441, '2011-10-17 12:04:26', 'admin', 'act_add_item_gift', NULL),
(442, '2011-10-17 12:04:55', 'admin', 'act_add_item_gift', NULL),
(443, '2011-10-17 12:05:12', 'admin', 'act_add_item_gift', NULL),
(444, '2011-10-17 12:07:30', 'admin', 'act_add_item_gift', NULL),
(445, '2011-10-17 12:07:56', 'admin', 'act_add_item_gift', NULL),
(446, '2011-10-17 12:08:13', 'admin', 'act_add_item_gift', NULL),
(447, '2011-10-17 12:08:29', 'admin', 'act_add_item_gift', NULL),
(448, '2011-10-17 12:08:43', 'admin', 'act_add_item_gift', NULL),
(449, '2011-10-17 12:08:55', 'admin', 'act_add_item_gift', NULL),
(450, '2011-10-17 12:09:36', 'admin', 'act_add_item_gift', NULL),
(451, '2011-10-17 12:09:51', 'admin', 'act_add_item_gift', NULL),
(452, '2011-10-17 12:10:11', 'admin', 'act_add_item_gift', NULL),
(453, '2011-10-17 12:10:42', 'admin', 'act_add_item_gift', NULL),
(454, '2011-10-17 12:10:58', 'admin', 'act_add_item_gift', NULL),
(455, '2011-10-17 12:11:57', 'admin', 'act_add_item_gift', NULL),
(456, '2011-10-17 12:13:58', 'admin', 'act_add_item_gift', NULL),
(457, '2011-10-17 12:14:29', 'admin', 'act_add_item_gift', NULL),
(458, '2011-10-17 12:14:44', 'admin', 'act_add_item_gift', NULL),
(459, '2011-10-17 12:14:57', 'admin', 'act_add_item_gift', NULL),
(460, '2011-10-17 12:15:10', 'admin', 'act_add_item_gift', NULL),
(461, '2011-10-17 12:15:48', 'admin', 'act_add_item_gift', NULL),
(462, '2011-10-17 12:16:03', 'admin', 'act_add_item_gift', NULL),
(463, '2011-10-17 12:16:20', 'admin', 'act_add_item_gift', NULL),
(464, '2011-10-17 12:16:44', 'admin', 'act_add_item_gift', NULL),
(465, '2011-10-17 12:16:58', 'admin', 'act_add_item_gift', NULL),
(466, '2011-10-17 12:17:12', 'admin', 'act_add_item_gift', NULL),
(467, '2011-10-17 12:17:43', 'admin', 'act_add_item_gift', NULL),
(468, '2011-10-17 12:18:08', 'admin', 'act_add_item_gift', NULL),
(469, '2011-10-17 12:19:03', 'admin', 'act_add_item_gift', NULL),
(470, '2011-10-17 12:19:18', 'admin', 'act_add_item_gift', NULL),
(471, '2011-10-17 12:19:31', 'admin', 'act_add_item_gift', NULL),
(472, '2011-10-17 12:20:22', 'admin', 'act_add_item_gift', NULL),
(473, '2011-10-17 12:20:37', 'admin', 'act_add_item_gift', NULL),
(474, '2011-10-17 12:21:04', 'admin', 'act_add_item_gift', NULL),
(475, '2011-10-17 12:21:28', 'admin', 'act_add_item_gift', NULL),
(476, '2011-10-17 12:21:43', 'admin', 'act_add_item_gift', NULL),
(477, '2011-10-17 12:21:56', 'admin', 'act_add_item_gift', NULL),
(478, '2011-10-17 12:23:14', 'admin', 'act_add_item_gift', NULL),
(479, '2011-10-17 12:23:34', 'admin', 'act_add_item_gift', NULL),
(480, '2011-10-17 12:23:53', 'admin', 'act_add_item_gift', NULL),
(481, '2011-10-17 12:24:08', 'admin', 'act_add_item_gift', NULL),
(482, '2011-10-17 12:24:24', 'admin', 'act_add_item_gift', NULL),
(483, '2011-10-17 12:24:38', 'admin', 'act_add_item_gift', NULL),
(484, '2011-10-17 12:28:27', 'admin', 'act_add_item_gift', NULL),
(485, '2011-10-17 12:28:39', 'admin', 'act_add_item_gift', NULL),
(486, '2011-10-17 12:29:03', 'admin', 'act_add_item_gift', NULL),
(487, '2011-10-17 12:29:25', 'admin', 'act_add_item_gift', NULL),
(488, '2011-10-17 12:29:40', 'admin', 'act_add_item_gift', NULL),
(489, '2011-10-17 12:29:56', 'admin', 'act_add_item_gift', NULL),
(490, '2011-10-17 12:30:35', 'admin', 'act_add_item_gift', NULL),
(491, '2011-10-17 12:30:51', 'admin', 'act_add_item_gift', NULL),
(492, '2011-10-17 12:31:11', 'admin', 'act_add_item_gift', NULL),
(493, '2011-10-17 12:31:28', 'admin', 'act_add_item_gift', NULL),
(494, '2011-10-17 12:31:45', 'admin', 'act_add_item_gift', NULL),
(495, '2011-10-17 12:32:20', 'admin', 'act_add_item_gift', NULL),
(496, '2011-10-17 12:32:36', 'admin', 'act_add_item_gift', NULL),
(497, '2011-10-17 12:33:32', 'admin', 'act_add_item_gift', NULL),
(498, '2011-10-17 12:33:48', 'admin', 'act_add_item_gift', NULL),
(499, '2011-10-17 12:34:04', 'admin', 'act_add_item_gift', NULL),
(500, '2011-10-17 12:34:28', 'admin', 'act_add_item_gift', NULL),
(501, '2011-10-17 12:34:53', 'admin', 'act_add_item_gift', NULL),
(502, '2011-10-17 12:35:11', 'admin', 'act_add_item_gift', NULL),
(503, '2011-10-17 12:35:26', 'admin', 'act_add_item_gift', NULL),
(504, '2011-10-17 12:36:39', 'admin', 'act_add_item_gift', NULL),
(505, '2011-10-17 12:36:51', 'admin', 'act_add_item_gift', NULL),
(506, '2011-10-17 12:37:12', 'admin', 'act_add_item_gift', NULL),
(507, '2011-10-17 12:37:34', 'admin', 'act_add_item_gift', NULL),
(508, '2011-10-17 12:37:49', 'admin', 'act_add_item_gift', NULL),
(509, '2011-10-17 12:38:03', 'admin', 'act_add_item_gift', NULL),
(510, '2011-10-17 12:39:37', 'admin', 'act_add_item_gift', NULL),
(511, '2011-10-17 12:39:54', 'admin', 'act_add_item_gift', NULL),
(512, '2011-10-17 12:40:14', 'admin', 'act_add_item_gift', NULL),
(513, '2011-10-17 12:40:34', 'admin', 'act_add_item_gift', NULL),
(514, '2011-10-17 12:41:03', 'admin', 'act_add_item_gift', NULL),
(515, '2011-10-17 12:43:15', 'admin', 'act_add_item_gift', NULL),
(516, '2011-10-17 12:43:40', 'admin', 'act_add_item_gift', NULL),
(517, '2011-10-17 12:44:00', 'admin', 'act_add_item_gift', NULL),
(518, '2011-10-17 12:44:18', 'admin', 'act_add_item_gift', NULL),
(519, '2011-10-17 12:45:33', 'admin', 'act_add_item_gift', NULL),
(520, '2011-10-17 12:45:47', 'admin', 'act_add_item_gift', NULL),
(521, '2011-10-17 12:46:22', 'admin', 'act_add_item_gift', NULL),
(522, '2011-10-17 12:46:40', 'admin', 'act_add_item_gift', NULL),
(523, '2011-10-17 12:47:02', 'admin', 'act_add_item_gift', NULL),
(524, '2011-10-17 12:47:45', 'admin', 'act_add_item_gift', NULL),
(525, '2011-10-17 12:49:46', 'admin', 'act_add_item_gift', NULL),
(526, '2011-10-17 12:50:01', 'admin', 'act_add_item_gift', NULL),
(527, '2011-10-17 12:50:21', 'admin', 'act_add_item_gift', NULL),
(528, '2011-10-17 12:50:49', 'admin', 'act_add_item_gift', NULL),
(529, '2011-10-17 12:51:50', 'admin', 'act_add_item_gift', NULL),
(530, '2011-10-17 12:52:13', 'admin', 'act_add_item_gift', NULL),
(531, '2011-10-17 12:52:42', 'admin', 'act_add_item_gift', NULL),
(532, '2011-10-17 12:53:02', 'admin', 'act_add_item_gift', NULL),
(533, '2011-10-17 12:53:24', 'admin', 'act_add_item_gift', NULL),
(534, '2011-10-17 12:53:48', 'admin', 'act_add_item_gift', NULL),
(535, '2011-10-17 12:54:05', 'admin', 'act_add_item_gift', NULL),
(536, '2011-10-17 12:54:25', 'admin', 'act_add_item_gift', NULL),
(537, '2011-10-17 12:54:43', 'admin', 'act_add_item_gift', NULL),
(538, '2011-10-17 12:54:58', 'admin', 'act_add_item_gift', NULL),
(539, '2011-10-17 12:55:20', 'admin', 'act_add_item_gift', NULL),
(540, '2011-10-17 12:56:05', 'admin', 'act_add_item_gift', NULL),
(541, '2011-10-17 12:56:31', 'admin', 'act_add_item_gift', NULL),
(542, '2011-10-17 12:56:44', 'kietma', 'act_login', NULL),
(543, '2011-10-17 12:56:47', 'admin', 'act_add_item_gift', NULL),
(544, '2011-10-17 12:57:15', 'admin', 'act_add_item_gift', NULL),
(545, '2011-10-17 12:59:27', 'admin', 'act_add_item_gift', NULL),
(546, '2011-10-17 12:59:43', 'admin', 'act_add_item_gift', NULL),
(547, '2011-10-17 13:00:08', 'admin', 'act_add_item_gift', NULL),
(548, '2011-10-17 13:00:36', 'admin', 'act_add_item_gift', NULL),
(549, '2011-10-17 13:00:51', 'admin', 'act_add_item_gift', NULL),
(550, '2011-10-17 13:01:12', 'admin', 'act_add_item_gift', NULL),
(551, '2011-10-17 13:01:27', 'admin', 'act_add_item_gift', NULL),
(552, '2011-10-17 13:01:31', 'admin', 'act_delete_item_gift', NULL),
(553, '2011-10-17 13:01:47', 'admin', 'act_add_item_gift', NULL),
(554, '2011-10-17 13:02:10', 'admin', 'act_add_item_gift', NULL),
(555, '2011-10-17 13:02:27', 'admin', 'act_add_item_gift', NULL),
(556, '2011-10-18 10:18:37', 'kietma', 'act_login', NULL),
(557, '2011-10-18 10:18:49', 'kietma', 'act_compensation', NULL),
(558, '2011-10-19 10:56:15', 'kietma', 'act_compensation', NULL),
(559, '2011-10-19 10:59:13', 'admin', 'act_login', NULL),
(560, '2011-10-19 11:44:09', 'admin', 'act_compensation', NULL),
(561, '2011-10-19 11:44:21', 'admin', 'act_compensation', NULL),
(562, '2011-10-19 11:44:27', 'admin', 'act_compensation', NULL),
(563, '2011-10-19 11:44:35', 'admin', 'act_compensation', NULL),
(564, '2011-10-19 11:44:40', 'admin', 'act_compensation', NULL),
(565, '2011-10-19 11:44:45', 'admin', 'act_compensation', NULL),
(566, '2011-10-19 11:44:51', 'admin', 'act_compensation', NULL),
(567, '2011-10-19 11:44:57', 'admin', 'act_compensation', NULL),
(568, '2011-10-19 12:37:56', 'admin', 'act_compensation', NULL),
(569, '2011-10-19 19:14:39', 'admin', 'act_login', NULL),
(570, '2011-10-19 19:14:57', 'admin', 'act_compensation', NULL),
(571, '2011-10-20 12:02:36', 'quangnk', 'act_login', NULL),
(572, '2011-10-20 12:07:05', 'quangnk', 'act_edit_notice', NULL),
(573, '2011-10-20 15:55:40', 'admin', 'act_compensation', NULL),
(574, '2011-10-20 17:10:30', 'admin', 'act_compensation', NULL),
(575, '2011-10-20 17:10:36', 'admin', 'act_compensation', NULL),
(576, '2011-10-20 17:16:21', 'admin', 'act_compensation', NULL),
(577, '2011-10-20 17:36:40', 'admin', 'act_compensation', NULL),
(578, '2011-10-20 18:04:17', 'admin', 'act_login', NULL),
(579, '2011-10-20 20:11:40', 'admin', 'act_compensation', NULL),
(580, '2011-10-21 16:04:44', 'admin', 'act_compensation', NULL),
(581, '2011-10-21 16:41:22', 'kietma', 'act_login', NULL),
(582, '2011-10-21 16:42:29', 'admin', 'act_login', NULL),
(583, '2011-10-21 18:25:10', 'quangnk', 'act_login', NULL),
(584, '2011-10-21 18:25:34', 'quangnk', 'act_edit_notice', NULL),
(585, '2011-10-21 20:32:13', 'kietma', 'act_compensation', NULL),
(586, '2011-10-24 10:47:08', 'admin', 'act_login', NULL),
(587, '2011-10-24 14:54:27', 'quangnk', 'act_login', NULL),
(588, '2011-10-24 14:56:58', 'quangnk', 'act_edit_notice', NULL),
(589, '2011-10-24 16:01:02', 'admin', 'act_login', NULL),
(590, '2011-10-24 17:12:55', 'quangnk', 'act_edit_popup', NULL),
(591, '2011-10-24 17:13:11', 'quangnk', 'act_sync_popup', NULL),
(592, '2011-10-24 17:42:38', 'quangnk', 'act_edit_popup', NULL),
(593, '2011-10-24 17:42:59', 'quangnk', 'act_sync_popup', NULL),
(594, '2011-10-24 17:52:08', 'admin', 'act_login', NULL),
(595, '2011-10-24 17:52:36', 'admin', 'act_sync_popup', NULL),
(596, '2011-10-24 18:19:06', 'quangnk', 'act_edit_notice', NULL),
(597, '2011-10-25 11:30:38', 'quangnk', 'act_login', NULL),
(598, '2011-10-25 11:35:50', 'quangnk', 'act_edit_notice', NULL),
(599, '2011-10-25 11:35:59', 'quangnk', 'act_edit_notice', NULL),
(600, '2011-10-25 19:34:00', 'quangnk', 'act_login', NULL),
(601, '2011-10-25 19:36:40', 'quangnk', 'act_edit_notice', NULL),
(602, '2011-10-25 20:54:10', 'admin', 'act_compensation', NULL),
(603, '2011-10-26 19:06:05', 'admin', 'act_login', NULL),
(604, '2011-10-27 11:41:21', 'admin', 'act_compensation', NULL),
(605, '2011-10-27 11:49:22', 'admin', 'act_compensation', NULL),
(606, '2011-10-27 11:54:16', 'quangnk', 'act_login', NULL),
(607, '2011-10-27 11:54:25', 'quangnk', 'act_edit_notice', NULL),
(608, '2011-10-27 11:55:02', 'quangnk', 'act_login', NULL),
(609, '2011-10-28 12:09:06', 'quangnk', 'act_login', NULL),
(610, '2011-10-28 12:11:19', 'quangnk', 'act_edit_notice', NULL),
(611, '2011-10-28 12:11:29', 'quangnk', 'act_edit_notice', NULL),
(612, '2011-10-28 12:11:33', 'quangnk', 'act_edit_notice', NULL),
(613, '2011-10-28 12:38:36', 'admin', 'act_compensation', NULL),
(614, '2011-10-28 17:29:54', 'admin', 'act_compensation', NULL),
(615, '2011-11-01 15:40:09', 'quangnk', 'act_login', NULL),
(616, '2011-11-01 17:53:19', 'admin', 'act_login', NULL),
(617, '2011-11-01 17:53:33', 'admin', 'act_compensation', NULL),
(618, '2011-11-02 09:37:21', 'admin', 'act_login', NULL),
(619, '2011-11-02 09:55:12', 'admin', 'act_compensation', NULL),
(620, '2011-11-02 13:52:23', 'admin', 'act_compensation', NULL),
(621, '2011-11-03 09:49:38', 'admin', 'act_login', NULL),
(622, '2011-11-03 09:54:30', 'admin', 'act_compensation', NULL),
(623, '2011-11-03 09:59:18', 'admin', 'act_compensation', NULL),
(624, '2011-11-03 16:39:43', 'admin', 'act_login', NULL),
(625, '2011-11-03 16:39:50', 'admin', 'act_compensation', NULL),
(626, '2011-11-03 19:48:13', 'admin', 'act_compensation', NULL),
(627, '2011-11-04 10:11:55', 'admin', 'act_login', NULL),
(628, '2011-11-04 10:15:16', 'admin', 'act_login', NULL),
(629, '2011-11-04 17:41:51', 'admin', 'act_login', NULL),
(630, '2011-11-04 17:42:16', 'admin', 'act_compensation', NULL),
(631, '2011-11-04 17:42:20', 'admin', 'act_compensation', NULL),
(632, '2011-11-04 17:42:24', 'admin', 'act_compensation', NULL),
(633, '2011-11-04 17:42:28', 'admin', 'act_compensation', NULL),
(634, '2011-11-04 17:44:25', 'admin', 'act_compensation', NULL),
(635, '2011-11-04 20:19:53', 'admin', 'act_compensation', NULL),
(636, '2011-11-04 20:47:32', 'admin', 'act_compensation', NULL),
(637, '2011-11-04 21:16:26', 'admin', 'act_compensation', NULL),
(638, '2011-11-06 12:18:45', 'admin', 'act_login', NULL),
(639, '2011-11-06 12:19:03', 'admin', 'act_compensation', NULL),
(640, '2011-11-06 12:59:13', 'admin', 'act_compensation', NULL),
(641, '2011-11-06 16:29:06', 'admin', 'act_compensation', NULL),
(642, '2011-11-06 16:29:30', 'admin', 'act_compensation', NULL),
(643, '2011-11-07 11:56:40', 'admin', 'act_compensation', NULL),
(644, '2011-11-07 14:39:10', 'admin', 'act_login', NULL),
(645, '2011-11-07 14:45:57', 'admin', 'act_add_item_gift', NULL),
(646, '2011-11-07 14:46:24', 'admin', 'act_delete_item_gift', NULL),
(647, '2011-11-07 14:46:57', 'admin', 'act_add_item_gift', NULL),
(648, '2011-11-07 15:00:00', 'admin', 'act_add_item_gift', NULL),
(649, '2011-11-07 15:00:06', 'admin', 'act_delete_item_gift', NULL),
(650, '2011-11-07 15:00:35', 'admin', 'act_add_item_gift', NULL),
(651, '2011-11-07 15:02:23', 'admin', 'act_add_item_gift', NULL),
(652, '2011-11-07 15:23:05', 'admin', 'act_delete_item_gift', NULL),
(653, '2011-11-07 15:24:19', 'admin', 'act_add_item_gift', NULL),
(654, '2011-11-07 15:24:33', 'admin', 'act_add_item_gift', NULL),
(655, '2011-11-07 15:24:49', 'admin', 'act_add_item_gift', NULL),
(656, '2011-11-07 15:25:24', 'admin', 'act_add_item_gift', NULL),
(657, '2011-11-07 15:25:36', 'admin', 'act_add_item_gift', NULL),
(658, '2011-11-07 15:25:36', 'admin', 'act_add_item_gift', NULL),
(659, '2011-11-07 15:25:40', 'admin', 'act_delete_item_gift', NULL),
(660, '2011-11-07 15:25:55', 'admin', 'act_delete_item_gift', NULL),
(661, '2011-11-07 15:26:09', 'admin', 'act_add_item_gift', NULL),
(662, '2011-11-07 15:26:21', 'admin', 'act_add_item_gift', NULL),
(663, '2011-11-07 15:27:14', 'admin', 'act_add_item_gift', NULL),
(664, '2011-11-07 15:27:57', 'admin', 'act_add_item_gift', NULL),
(665, '2011-11-07 15:28:09', 'admin', 'act_add_item_gift', NULL),
(666, '2011-11-07 15:28:59', 'admin', 'act_add_item_gift', NULL),
(667, '2011-11-07 15:29:10', 'admin', 'act_add_item_gift', NULL),
(668, '2011-11-07 15:29:52', 'admin', 'act_add_item_gift', NULL),
(669, '2011-11-07 15:30:28', 'admin', 'act_add_item_gift', NULL),
(670, '2011-11-07 15:30:40', 'admin', 'act_add_item_gift', NULL),
(671, '2011-11-07 15:31:05', 'admin', 'act_add_item_gift', NULL),
(672, '2011-11-07 15:31:17', 'admin', 'act_add_item_gift', NULL),
(673, '2011-11-07 15:31:50', 'admin', 'act_add_item_gift', NULL),
(674, '2011-11-07 15:47:08', 'quangnk', 'act_login', NULL),
(675, '2011-11-07 16:21:52', 'admin', 'act_add_item_gift', NULL),
(676, '2011-11-07 16:22:05', 'admin', 'act_add_item_gift', NULL),
(677, '2011-11-07 16:22:19', 'admin', 'act_add_item_gift', NULL),
(678, '2011-11-07 16:22:39', 'admin', 'act_add_item_gift', NULL),
(679, '2011-11-07 16:22:54', 'admin', 'act_add_item_gift', NULL),
(680, '2011-11-07 16:23:11', 'admin', 'act_add_item_gift', NULL),
(681, '2011-11-07 16:48:57', 'admin', 'act_login', NULL),
(682, '2011-11-07 16:53:18', 'admin', 'act_login', NULL),
(683, '2011-11-08 10:53:39', 'admin', 'act_compensation', NULL),
(684, '2011-11-08 14:42:32', 'admin', 'act_login', NULL),
(685, '2011-11-08 16:06:40', 'admin', 'act_compensation', NULL),
(686, '2011-11-09 09:32:15', 'quangnk', 'act_login', NULL),
(687, '2011-11-09 09:36:56', 'quangnk', 'act_edit_notice', NULL),
(688, '2011-11-09 14:52:33', 'admin', 'act_compensation', NULL),
(689, '2011-11-09 14:54:20', 'admin', 'act_compensation', NULL),
(690, '2011-11-09 15:36:41', 'quangnk', 'act_login', NULL),
(691, '2011-11-09 15:46:15', 'admin', 'act_compensation', NULL),
(692, '2011-11-10 15:44:08', 'quangnk', 'act_login', NULL),
(693, '2011-11-10 16:07:35', 'quangnk', 'act_edit_notice', NULL),
(694, '2011-11-10 16:59:56', 'admin', 'act_login', NULL),
(695, '2011-11-10 17:00:46', 'admin', 'act_compensation', NULL),
(696, '2011-11-10 17:04:04', 'quangnk', 'act_edit_notice', NULL),
(697, '2011-11-10 17:04:12', 'quangnk', 'act_edit_notice', NULL),
(698, '2011-11-11 15:16:18', 'admin', 'act_login', NULL),
(699, '2011-11-11 15:16:32', 'admin', 'act_compensation', NULL),
(700, '2011-11-11 18:07:46', 'admin', 'act_login', NULL),
(701, '2011-11-11 18:08:00', 'admin', 'act_compensation', NULL),
(702, '2011-11-11 21:20:25', 'admin', 'act_login', NULL),
(703, '2011-11-14 10:29:07', 'admin', 'act_login', NULL),
(704, '2011-11-14 10:40:49', 'admin', 'act_login', NULL),
(705, '2011-11-15 11:09:29', 'admin', 'act_login', NULL),
(706, '2011-11-15 11:12:20', 'admin', 'act_add_compensation', NULL),
(707, '2011-11-15 14:33:45', 'admin', 'act_login', NULL),
(708, '2011-11-15 14:46:13', 'admin', 'act_edituser', NULL),
(709, '2011-11-15 17:02:02', 'admin', 'act_login', NULL),
(710, '2011-11-15 17:03:49', 'admin', 'act_login', NULL),
(711, '2011-11-15 17:06:29', 'admin', 'act_add_gift', NULL),
(712, '2011-11-15 17:07:37', 'admin', 'act_add_gift', NULL),
(713, '2011-11-15 17:09:05', 'admin', 'act_add_gift', NULL),
(714, '2011-11-15 17:09:41', 'admin', 'act_add_gift', NULL),
(715, '2011-11-15 17:10:11', 'admin', 'act_add_gift', NULL),
(716, '2011-11-15 17:10:46', 'admin', 'act_add_gift', NULL),
(717, '2011-11-15 17:11:14', 'admin', 'act_add_gift', NULL),
(718, '2011-11-15 17:11:54', 'admin', 'act_add_gift', NULL),
(719, '2011-11-15 17:15:33', 'admin', 'act_add_gift', NULL),
(720, '2011-11-15 17:17:12', 'admin', 'act_add_gift', NULL),
(721, '2011-11-15 17:18:08', 'admin', 'act_add_gift', NULL),
(722, '2011-11-15 17:20:01', 'admin', 'act_add_gift', NULL),
(723, '2011-11-15 17:21:13', 'admin', 'act_add_gift', NULL),
(724, '2011-11-15 17:22:19', 'admin', 'act_add_gift', NULL),
(725, '2011-11-15 17:35:14', 'admin', 'act_login', NULL),
(726, '2011-11-15 17:36:06', 'admin', 'act_add_item_gift', NULL),
(727, '2011-11-15 17:36:34', 'admin', 'act_add_item_gift', NULL),
(728, '2011-11-15 17:38:10', 'admin', 'act_add_item_gift', NULL),
(729, '2011-11-15 17:38:38', 'admin', 'act_add_item_gift', NULL),
(730, '2011-11-15 17:38:38', 'admin', 'act_add_item_gift', NULL),
(731, '2011-11-15 17:38:43', 'admin', 'act_delete_item_gift', NULL),
(732, '2011-11-15 17:38:57', 'admin', 'act_add_item_gift', NULL),
(733, '2011-11-15 17:39:09', 'admin', 'act_add_item_gift', NULL),
(734, '2011-11-16 09:00:08', 'dinhlhn', 'act_login', NULL),
(735, '2011-11-16 09:03:41', 'admin', 'act_login', NULL),
(736, '2011-11-16 09:04:17', 'admin', 'act_privilege', NULL),
(737, '2011-11-16 09:04:40', 'dinhlhn', 'act_login', NULL),
(738, '2011-11-16 09:08:08', 'admin', 'act_login', NULL),
(739, '2011-11-16 09:17:12', 'admin', 'act_privilege', NULL),
(740, '2011-11-16 09:28:56', 'dinhlhn', 'act_login', NULL),
(741, '2011-11-16 09:29:34', 'dinhlhn', 'act_add_item_gift', NULL),
(742, '2011-11-16 09:29:47', 'dinhlhn', 'act_add_item_gift', NULL),
(743, '2011-11-16 09:33:16', 'dinhlhn', 'act_add_item_gift', NULL),
(744, '2011-11-16 09:33:48', 'dinhlhn', 'act_add_item_gift', NULL),
(745, '2011-11-16 09:34:09', 'dinhlhn', 'act_add_item_gift', NULL),
(746, '2011-11-16 09:34:26', 'dinhlhn', 'act_add_item_gift', NULL),
(747, '2011-11-16 09:41:22', 'dinhlhn', 'act_add_item_gift', NULL),
(748, '2011-11-16 09:41:40', 'dinhlhn', 'act_add_item_gift', NULL),
(749, '2011-11-16 09:42:08', 'dinhlhn', 'act_add_item_gift', NULL),
(750, '2011-11-16 09:42:21', 'dinhlhn', 'act_add_item_gift', NULL),
(751, '2011-11-16 09:43:02', 'dinhlhn', 'act_add_item_gift', NULL),
(752, '2011-11-16 09:43:13', 'dinhlhn', 'act_add_item_gift', NULL),
(753, '2011-11-16 09:43:48', 'dinhlhn', 'act_add_item_gift', NULL),
(754, '2011-11-16 09:44:07', 'dinhlhn', 'act_add_item_gift', NULL),
(755, '2011-11-16 09:44:20', 'dinhlhn', 'act_add_item_gift', NULL),
(756, '2011-11-16 09:44:56', 'dinhlhn', 'act_add_item_gift', NULL),
(757, '2011-11-16 09:45:25', 'dinhlhn', 'act_add_item_gift', NULL),
(758, '2011-11-16 10:05:29', 'quangnk', 'act_login', NULL),
(759, '2011-11-16 10:05:54', 'admin', 'act_login', NULL),
(760, '2011-11-16 10:06:13', 'admin', 'act_compensation', NULL),
(761, '2011-11-16 10:06:51', 'quangnk', 'act_edit_notice', NULL),
(762, '2011-11-16 10:30:35', 'admin', 'act_compensation', NULL),
(763, '2011-11-16 10:48:08', 'admin', 'act_login', NULL),
(764, '2011-11-16 15:06:46', 'admin', 'act_login', NULL),
(765, '2011-11-16 18:45:23', 'quangnk', 'act_login', NULL),
(766, '2011-11-16 18:46:20', 'admin', 'act_login', NULL),
(767, '2011-11-17 09:32:16', 'admin', 'act_login', NULL),
(768, '2011-11-17 11:09:07', 'admin', 'act_login', NULL),
(769, '2011-11-17 11:09:38', 'admin', 'act_adduser', NULL),
(770, '2011-11-17 11:10:11', 'admin', 'act_adduser', NULL),
(771, '2011-11-17 11:11:31', 'admin', 'act_edituser', NULL),
(772, '2011-11-17 11:11:49', 'quangnk', 'act_login', NULL),
(773, '2011-11-17 11:13:01', 'admin', 'act_login', NULL),
(774, '2011-11-17 11:13:47', 'admin', 'act_edit_group', NULL),
(775, '2011-11-17 11:14:08', 'admin', 'act_edit_group', NULL),
(776, '2011-11-17 11:14:21', 'admin', 'act_privilege', NULL),
(777, '2011-11-17 11:14:38', 'admin', 'act_privilege', NULL),
(778, '2011-11-17 11:14:41', 'admin', 'act_privilege', NULL),
(779, '2011-11-17 11:14:50', 'admin', 'act_edituser', NULL),
(780, '2011-11-17 11:15:30', 'trucntt', 'act_login', NULL),
(781, '2011-11-17 11:15:51', 'quyenlb', 'act_login', NULL),
(782, '2011-11-17 11:16:22', 'quangnk', 'act_edit_notice', NULL),
(783, '2011-11-17 11:39:20', 'admin', 'act_login', NULL),
(784, '2011-11-17 11:45:46', 'quangnk', 'act_login', NULL),
(785, '2011-11-17 14:14:36', 'admin', 'act_login', NULL),
(786, '2011-11-17 15:47:49', 'admin', 'act_login', NULL),
(787, '2011-11-18 09:27:13', 'admin', 'act_login', NULL),
(788, '2011-11-18 09:27:48', 'admin', 'act_add_group', NULL),
(789, '2011-11-18 09:28:18', 'admin', 'act_adduser', NULL),
(790, '2011-11-18 09:30:22', 'admin', 'act_login', NULL),
(791, '2011-11-18 09:30:38', 'admin', 'act_privilege', NULL),
(792, '2011-11-18 09:30:46', 'maittt', 'act_login', NULL),
(793, '2011-11-18 13:22:29', 'admin', 'act_login', NULL),
(794, '2011-11-18 13:33:21', 'admin', 'act_login', NULL),
(795, '2011-11-18 14:59:00', 'quangnk', 'act_login', NULL),
(796, '2011-11-18 15:04:27', 'admin', 'act_login', NULL),
(797, '2011-11-18 15:05:28', 'admin', 'act_login', NULL),
(798, '2011-11-18 15:08:51', 'quangnk', 'act_edit_notice', NULL),
(799, '2011-11-18 15:09:47', 'quangnk', 'act_edit_notice', NULL),
(800, '2011-11-18 15:11:25', 'quangnk', 'act_edit_notice', NULL),
(801, '2011-11-18 15:12:01', 'quangnk', 'act_edit_notice', NULL),
(802, '2011-11-18 15:12:49', 'quangnk', 'act_edit_notice', NULL);
INSERT INTO `log` (`id`, `action_date`, `user`, `action`, `note`) VALUES
(803, '2011-11-18 15:13:11', 'quangnk', 'act_edit_notice', NULL),
(804, '2011-11-18 15:14:01', 'quangnk', 'act_edit_notice', NULL),
(805, '2011-11-18 16:44:20', 'admin', 'act_login', NULL),
(806, '2011-11-18 16:44:44', 'admin', 'act_adduser', NULL),
(807, '2011-11-18 16:44:56', 'uyenlnk', 'act_login', NULL),
(808, '2011-11-18 17:01:10', 'admin', 'act_login', NULL),
(809, '2011-11-18 17:01:34', 'admin', 'act_privilege', NULL),
(810, '2011-11-18 17:01:46', 'admin', 'act_privilege', NULL),
(811, '2011-11-18 17:01:58', 'uyenlnk', 'act_login', NULL),
(812, '2011-11-18 17:04:35', 'uyenlnk', 'act_login', NULL),
(813, '2011-11-18 17:05:54', 'uyenlnk', 'act_add_compensation_detail', NULL),
(814, '2011-11-18 17:06:33', 'uyenlnk', 'act_add_compensation_detail', NULL),
(815, '2011-11-18 17:06:54', 'uyenlnk', 'act_add_compensation_detail', NULL),
(816, '2011-11-18 17:07:19', 'uyenlnk', 'act_add_compensation_detail', NULL),
(817, '2011-11-18 17:07:34', 'uyenlnk', 'act_add_compensation_detail', NULL),
(818, '2011-11-18 17:07:47', 'uyenlnk', 'act_add_compensation_detail', NULL),
(819, '2011-11-18 17:07:57', 'uyenlnk', 'act_add_compensation_detail', NULL),
(820, '2011-11-18 17:08:10', 'uyenlnk', 'act_add_compensation_detail', NULL),
(821, '2011-11-18 17:20:03', 'uyenlnk', 'act_add_compensation', NULL),
(822, '2011-11-18 17:31:48', 'uyenlnk', 'act_add_compensation_detail', NULL),
(823, '2011-11-18 17:32:51', 'admin', 'act_login', NULL),
(824, '2011-11-19 20:07:49', 'uyenlnk', 'act_login', NULL),
(825, '2011-11-19 20:11:10', 'uyenlnk', 'act_edit_notice', NULL),
(826, '2011-11-21 11:05:19', 'admin', 'act_login', NULL),
(827, '2011-11-21 15:54:16', 'uyenlnk', 'act_login', NULL),
(828, '2011-11-21 15:55:25', 'uyenlnk', 'act_add_compensation', NULL),
(829, '2011-11-21 15:55:46', 'uyenlnk', 'act_add_compensation_detail', NULL),
(830, '2011-11-21 15:56:51', 'uyenlnk', 'act_add_compensation', NULL),
(831, '2011-11-21 15:57:50', 'uyenlnk', 'act_add_compensation_detail', NULL),
(832, '2011-11-21 15:58:11', 'uyenlnk', 'act_add_compensation_detail', NULL),
(833, '2011-11-21 15:58:38', 'uyenlnk', 'act_add_compensation', NULL),
(834, '2011-11-21 15:58:57', 'uyenlnk', 'act_add_compensation_detail', NULL),
(835, '2011-11-21 16:01:35', 'uyenlnk', 'act_add_compensation', NULL),
(836, '2011-11-21 16:01:53', 'uyenlnk', 'act_add_compensation_detail', NULL),
(837, '2011-11-21 16:02:06', 'uyenlnk', 'act_add_compensation_detail', NULL),
(838, '2011-11-21 16:04:25', 'admin', 'act_login', NULL),
(839, '2011-11-21 16:23:38', 'uyenlnk', 'act_add_compensation', NULL),
(840, '2011-11-21 16:23:53', 'uyenlnk', 'act_add_compensation_detail', NULL),
(841, '2011-11-21 17:04:44', 'uyenlnk', 'act_add_compensation', NULL),
(842, '2011-11-21 17:15:09', 'uyenlnk', 'act_del_compensation', NULL),
(843, '2011-11-21 17:19:18', 'uyenlnk', 'act_add_compensation', NULL),
(844, '2011-11-21 17:19:36', 'uyenlnk', 'act_add_compensation_detail', NULL),
(845, '2011-11-21 17:21:44', 'uyenlnk', 'act_add_compensation', NULL),
(846, '2011-11-21 17:22:04', 'uyenlnk', 'act_add_compensation_detail', NULL),
(847, '2011-11-21 17:26:09', 'uyenlnk', 'act_add_compensation', NULL),
(848, '2011-11-21 17:26:23', 'uyenlnk', 'act_add_compensation_detail', NULL),
(849, '2011-11-21 17:27:06', 'quangnk', 'act_login', NULL),
(850, '2011-11-21 17:32:09', 'quangnk', 'act_edit_notice', NULL),
(851, '2011-11-21 17:34:36', 'quangnk', 'act_login', NULL),
(852, '2011-11-21 17:35:01', 'quangnk', 'act_edit_notice', NULL),
(853, '2011-11-21 17:35:13', 'quangnk', 'act_edit_notice', NULL),
(854, '2011-11-21 17:42:07', 'quyenlb', 'act_login', NULL),
(855, '2011-11-21 19:13:10', 'uyenlnk', 'act_add_compensation', NULL),
(856, '2011-11-21 19:13:34', 'uyenlnk', 'act_add_compensation_detail', NULL),
(857, '2011-11-22 09:11:24', 'admin', 'act_login', NULL),
(858, '2011-11-22 09:12:25', 'quyenlb', 'act_login', NULL),
(859, '2011-11-22 09:13:08', 'kietma', 'act_login', NULL),
(860, '2011-11-22 09:13:23', 'trucntt', 'act_login', NULL),
(861, '2011-11-22 09:18:20', 'kietma', 'act_login', NULL),
(862, '2011-11-22 09:18:35', 'admin', 'act_login', NULL),
(863, '2011-11-22 09:18:51', 'admin', 'act_privilege', NULL),
(864, '2011-11-22 09:19:00', 'kietma', 'act_login', NULL),
(865, '2011-11-22 09:19:14', 'admin', 'act_privilege', NULL),
(866, '2011-11-22 09:19:20', 'kietma', 'act_login', NULL),
(867, '2011-11-22 09:19:32', 'admin', 'act_privilege', NULL),
(868, '2011-11-22 09:19:39', 'kietma', 'act_login', NULL),
(869, '2011-11-22 09:19:50', 'admin', 'act_privilege', NULL),
(870, '2011-11-22 09:26:47', 'kietma', 'act_login', NULL),
(871, '2011-11-22 09:29:21', 'kietma', 'act_login', NULL),
(872, '2011-11-22 10:06:06', 'quyenlb', 'act_login', NULL),
(873, '2011-11-22 10:10:45', 'quyenlb', 'act_deny_compensation', NULL),
(874, '2011-11-22 10:10:49', 'quyenlb', 'act_deny_compensation', NULL),
(875, '2011-11-22 10:11:15', 'quyenlb', 'act_exec_compensation', NULL),
(876, '2011-11-22 10:11:53', 'quyenlb', 'act_changepass', NULL),
(877, '2011-11-22 10:16:39', 'kietma', 'act_login', NULL),
(878, '2011-11-22 10:25:22', 'uyenlnk', 'act_login', NULL),
(879, '2011-11-22 10:26:34', 'uyenlnk', 'act_add_compensation', NULL),
(880, '2011-11-22 11:33:05', 'admin', 'act_login', NULL),
(881, '2011-11-22 14:35:29', 'uyenlnk', 'act_login', NULL),
(882, '2011-11-22 14:36:34', 'uyenlnk', 'act_add_compensation', NULL),
(883, '2011-11-22 14:37:06', 'uyenlnk', 'act_add_compensation_detail', NULL),
(884, '2011-11-22 14:37:37', 'uyenlnk', 'act_add_compensation', NULL),
(885, '2011-11-22 14:38:02', 'uyenlnk', 'act_add_compensation_detail', NULL),
(886, '2011-11-22 14:43:28', 'uyenlnk', 'act_add_compensation', NULL),
(887, '2011-11-22 14:46:37', 'uyenlnk', 'act_add_compensation_detail', NULL),
(888, '2011-11-22 15:19:43', 'uyenlnk', 'act_add_compensation', NULL),
(889, '2011-11-22 15:20:04', 'uyenlnk', 'act_add_compensation_detail', NULL),
(890, '2011-11-22 15:22:09', 'uyenlnk', 'act_add_compensation', NULL),
(891, '2011-11-22 15:22:30', 'uyenlnk', 'act_add_compensation_detail', NULL),
(892, '2011-11-22 15:23:13', 'uyenlnk', 'act_add_compensation', NULL),
(893, '2011-11-22 15:23:58', 'uyenlnk', 'act_add_compensation_detail', NULL),
(894, '2011-11-22 15:24:13', 'uyenlnk', 'act_add_compensation_detail', NULL),
(895, '2011-11-22 15:24:36', 'uyenlnk', 'act_del_compensation_detail', NULL),
(896, '2011-11-22 15:24:51', 'uyenlnk', 'act_add_compensation_detail', NULL),
(897, '2011-11-22 15:25:35', 'uyenlnk', 'act_add_compensation', NULL),
(898, '2011-11-22 15:28:52', 'uyenlnk', 'act_add_compensation_detail', NULL),
(899, '2011-11-22 15:29:28', 'uyenlnk', 'act_add_compensation_detail', NULL),
(900, '2011-11-22 15:29:49', 'uyenlnk', 'act_del_compensation_detail', NULL),
(901, '2011-11-22 15:30:03', 'uyenlnk', 'act_add_compensation_detail', NULL),
(902, '2011-11-22 15:33:44', 'uyenlnk', 'act_add_compensation', NULL),
(903, '2011-11-22 15:34:03', 'uyenlnk', 'act_add_compensation_detail', NULL),
(904, '2011-11-22 15:34:25', 'uyenlnk', 'act_add_compensation', NULL),
(905, '2011-11-22 15:34:47', 'uyenlnk', 'act_add_compensation_detail', NULL),
(906, '2011-11-22 15:46:58', 'kietma', 'act_edit_compensation_detail', NULL),
(907, '2011-11-22 15:56:33', 'uyenlnk', 'act_add_compensation', NULL),
(908, '2011-11-22 15:56:49', 'uyenlnk', 'act_add_compensation_detail', NULL),
(909, '2011-11-22 15:57:04', 'uyenlnk', 'act_add_compensation_detail', NULL),
(910, '2011-11-22 15:57:51', 'uyenlnk', 'act_add_compensation', NULL),
(911, '2011-11-22 15:58:07', 'uyenlnk', 'act_add_compensation_detail', NULL),
(912, '2011-11-22 15:58:53', 'admin', 'act_login', NULL),
(913, '2011-11-22 16:01:54', 'uyenlnk', 'act_add_compensation', NULL),
(914, '2011-11-22 16:02:10', 'uyenlnk', 'act_add_compensation_detail', NULL),
(915, '2011-11-22 16:02:46', 'uyenlnk', 'act_add_compensation', NULL),
(916, '2011-11-22 16:03:45', 'uyenlnk', 'act_add_compensation_detail', NULL),
(917, '2011-11-22 16:04:22', 'uyenlnk', 'act_add_compensation', NULL),
(918, '2011-11-22 16:04:43', 'uyenlnk', 'act_add_compensation_detail', NULL),
(919, '2011-11-22 16:05:07', 'uyenlnk', 'act_add_compensation', NULL),
(920, '2011-11-22 16:05:29', 'uyenlnk', 'act_add_compensation_detail', NULL),
(921, '2011-11-22 16:07:20', 'uyenlnk', 'act_add_compensation', NULL),
(922, '2011-11-22 16:08:12', 'uyenlnk', 'act_add_compensation_detail', NULL),
(923, '2011-11-22 16:08:27', 'uyenlnk', 'act_add_compensation_detail', NULL),
(924, '2011-11-22 16:09:06', 'uyenlnk', 'act_add_compensation', NULL),
(925, '2011-11-22 16:09:25', 'uyenlnk', 'act_add_compensation_detail', NULL),
(926, '2011-11-22 16:10:04', 'uyenlnk', 'act_add_compensation', NULL),
(927, '2011-11-22 16:10:20', 'uyenlnk', 'act_add_compensation_detail', NULL),
(928, '2011-11-22 16:11:56', 'uyenlnk', 'act_add_compensation', NULL),
(929, '2011-11-22 16:12:41', 'uyenlnk', 'act_add_compensation_detail', NULL),
(930, '2011-11-22 16:13:40', 'uyenlnk', 'act_add_compensation', NULL),
(931, '2011-11-22 16:14:11', 'uyenlnk', 'act_add_compensation_detail', NULL),
(932, '2011-11-22 16:14:44', 'uyenlnk', 'act_add_compensation', NULL),
(933, '2011-11-22 16:14:58', 'uyenlnk', 'act_add_compensation_detail', NULL),
(934, '2011-11-22 16:16:48', 'uyenlnk', 'act_add_compensation', NULL),
(935, '2011-11-22 16:17:15', 'uyenlnk', 'act_add_compensation_detail', NULL),
(936, '2011-11-22 16:17:32', 'uyenlnk', 'act_add_compensation_detail', NULL),
(937, '2011-11-22 16:17:43', 'uyenlnk', 'act_add_compensation_detail', NULL),
(938, '2011-11-22 16:17:51', 'uyenlnk', 'act_add_compensation_detail', NULL),
(939, '2011-11-22 16:19:40', 'uyenlnk', 'act_add_compensation', NULL),
(940, '2011-11-22 16:20:06', 'uyenlnk', 'act_add_compensation_detail', NULL),
(941, '2011-11-22 16:38:34', 'uyenlnk', 'act_add_compensation', NULL),
(942, '2011-11-22 16:38:50', 'uyenlnk', 'act_add_compensation_detail', NULL),
(943, '2011-11-22 16:42:40', 'uyenlnk', 'act_add_compensation', NULL),
(944, '2011-11-22 16:42:54', 'uyenlnk', 'act_add_compensation_detail', NULL),
(945, '2011-11-22 16:43:10', 'uyenlnk', 'act_add_compensation_detail', NULL),
(946, '2011-11-22 16:48:08', 'uyenlnk', 'act_add_compensation', NULL),
(947, '2011-11-22 16:48:25', 'uyenlnk', 'act_add_compensation_detail', NULL),
(948, '2011-11-22 16:48:39', 'uyenlnk', 'act_add_compensation_detail', NULL),
(949, '2011-11-22 16:51:35', 'admin', 'act_login', NULL),
(950, '2011-11-22 16:51:42', 'admin', 'act_edituser', NULL),
(951, '2011-11-22 16:51:58', 'kietma', 'act_login', NULL),
(952, '2011-11-22 16:55:06', 'uyenlnk', 'act_add_compensation', NULL),
(953, '2011-11-22 16:55:17', 'uyenlnk', 'act_add_compensation_detail', NULL),
(954, '2011-11-22 16:58:49', 'uyenlnk', 'act_login', NULL),
(955, '2011-11-22 17:00:38', 'uyenlnk', 'act_add_compensation', NULL),
(956, '2011-11-22 17:01:10', 'uyenlnk', 'act_add_compensation_detail', NULL),
(957, '2011-11-22 17:02:30', 'uyenlnk', 'act_add_compensation', NULL),
(958, '2011-11-22 17:02:45', 'uyenlnk', 'act_add_compensation_detail', NULL),
(959, '2011-11-22 17:48:43', 'quyenlb', 'act_login', NULL),
(960, '2011-11-22 18:13:53', 'quyenlb', 'act_deny_compensation', NULL),
(961, '2011-11-22 18:13:55', 'quyenlb', 'act_deny_compensation', NULL),
(962, '2011-11-22 18:13:56', 'quyenlb', 'act_exec_compensation', NULL),
(963, '2011-11-23 10:10:25', 'uyenlnk', 'act_login', NULL),
(964, '2011-11-23 10:20:09', 'admin', 'act_login', NULL),
(965, '2011-11-23 11:02:45', 'uyenlnk', 'act_add_compensation', NULL),
(966, '2011-11-23 11:02:56', 'uyenlnk', 'act_add_compensation_detail', NULL),
(967, '2011-11-23 14:59:17', 'kietma', 'act_login', NULL),
(968, '2011-11-23 15:40:11', 'uyenlnk', 'act_login', NULL),
(969, '2011-11-23 15:40:43', 'uyenlnk', 'act_add_compensation', NULL),
(970, '2011-11-23 15:40:59', 'uyenlnk', 'act_add_compensation_detail', NULL),
(971, '2011-11-23 15:41:09', 'uyenlnk', 'act_del_compensation_detail', NULL),
(972, '2011-11-23 15:41:21', 'uyenlnk', 'act_add_compensation_detail', NULL),
(973, '2011-11-23 15:41:42', 'uyenlnk', 'act_add_compensation_detail', NULL),
(974, '2011-11-23 15:41:48', 'uyenlnk', 'act_del_compensation_detail', NULL),
(975, '2011-11-24 10:03:52', 'kietma', 'act_add_compensation', NULL),
(976, '2011-11-24 10:04:05', 'kietma', 'act_add_compensation_detail', NULL),
(977, '2011-11-24 10:04:12', 'kietma', 'act_deny_compensation', NULL),
(978, '2011-11-24 10:04:13', 'kietma', 'act_exec_compensation', NULL),
(979, '2011-11-24 10:05:29', 'kietma', 'act_login', NULL),
(980, '2011-11-24 10:05:34', 'admin', 'act_login', NULL),
(981, '2011-11-24 10:05:56', 'admin', 'act_privilege', NULL),
(982, '2011-11-24 10:06:02', 'kietma', 'act_login', NULL),
(983, '2011-11-24 10:13:33', 'uyenlnk', 'act_login', NULL),
(984, '2011-11-24 10:37:53', 'admin', 'act_login', NULL),
(985, '2011-11-24 10:38:17', 'kietma', 'act_login', NULL),
(986, '2011-11-24 10:41:51', 'trucntt', 'act_login', NULL),
(987, '2011-11-24 10:42:59', 'trucntt', 'act_add_compensation', NULL),
(988, '2011-11-24 10:43:39', 'trucntt', 'act_add_compensation_detail', NULL),
(989, '2011-11-24 10:44:03', 'trucntt', 'act_add_compensation_detail', NULL),
(990, '2011-11-24 10:44:21', 'trucntt', 'act_add_compensation_detail', NULL),
(991, '2011-11-24 10:45:51', 'admin', 'act_login', NULL),
(992, '2011-11-24 10:46:06', 'admin', 'act_privilege', NULL),
(993, '2011-11-24 11:44:48', 'kietma', 'act_login', NULL),
(994, '2011-11-24 17:27:28', 'kietma', 'act_login', NULL),
(995, '2011-11-24 18:28:23', 'admin', 'act_login', NULL),
(996, '2011-11-25 09:34:56', 'uyenlnk', 'act_login', NULL),
(997, '2011-11-25 09:35:17', 'uyenlnk', 'act_add_compensation', NULL),
(998, '2011-11-25 09:35:32', 'uyenlnk', 'act_add_compensation', NULL),
(999, '2011-11-25 09:35:54', 'uyenlnk', 'act_add_compensation_detail', NULL),
(1000, '2011-11-25 09:36:09', 'uyenlnk', 'act_add_compensation_detail', NULL),
(1001, '2011-11-25 09:37:48', 'uyenlnk', 'act_add_compensation', NULL),
(1002, '2011-11-25 09:38:02', 'uyenlnk', 'act_add_compensation_detail', NULL),
(1003, '2011-11-25 09:38:15', 'uyenlnk', 'act_add_compensation_detail', NULL),
(1004, '2011-11-25 09:38:34', 'uyenlnk', 'act_add_compensation_detail', NULL),
(1005, '2011-11-25 09:39:33', 'uyenlnk', 'act_add_compensation_detail', NULL),
(1006, '2011-11-25 09:39:53', 'uyenlnk', 'act_add_compensation_detail', NULL),
(1007, '2011-11-25 09:40:02', 'quyenlb', 'act_login', NULL),
(1008, '2011-11-25 09:45:15', 'uyenlnk', 'act_add_compensation_detail', NULL),
(1009, '2011-11-25 09:45:31', 'uyenlnk', 'act_add_compensation_detail', NULL),
(1010, '2011-11-25 09:58:56', 'admin', 'act_login', NULL),
(1011, '2011-11-25 10:52:50', 'uyenlnk', 'act_add_compensation', NULL),
(1012, '2011-11-25 10:53:05', 'uyenlnk', 'act_add_compensation_detail', NULL),
(1013, '2011-11-25 11:11:03', 'trucntt', 'act_login', NULL),
(1014, '2011-11-25 11:12:09', 'trucntt', 'act_add_compensation', NULL),
(1015, '2011-11-25 11:13:54', 'trucntt', 'act_add_compensation_detail', NULL),
(1016, '2011-11-25 11:15:20', 'trucntt', 'act_add_compensation', NULL),
(1017, '2011-11-25 11:15:44', 'trucntt', 'act_add_compensation_detail', NULL),
(1018, '2011-11-25 11:16:38', 'trucntt', 'act_add_compensation', NULL),
(1019, '2011-11-25 11:17:35', 'trucntt', 'act_add_compensation_detail', NULL),
(1020, '2011-11-25 11:17:47', 'trucntt', 'act_add_compensation_detail', NULL),
(1021, '2011-11-25 11:18:38', 'trucntt', 'act_add_compensation', NULL),
(1022, '2011-11-25 11:19:11', 'trucntt', 'act_add_compensation_detail', NULL),
(1023, '2011-11-25 11:19:47', 'trucntt', 'act_add_compensation', NULL),
(1024, '2011-11-25 11:20:30', 'trucntt', 'act_add_compensation_detail', NULL),
(1025, '2011-11-25 11:21:08', 'trucntt', 'act_add_compensation', NULL),
(1026, '2011-11-25 11:21:31', 'trucntt', 'act_add_compensation_detail', NULL),
(1027, '2011-11-25 11:22:06', 'trucntt', 'act_add_compensation', NULL),
(1028, '2011-11-25 11:22:23', 'trucntt', 'act_add_compensation_detail', NULL),
(1029, '2011-11-25 11:22:32', 'trucntt', 'act_add_compensation_detail', NULL),
(1030, '2011-11-25 11:23:16', 'trucntt', 'act_add_compensation', NULL),
(1031, '2011-11-25 11:23:40', 'trucntt', 'act_add_compensation_detail', NULL),
(1032, '2011-11-25 11:23:47', 'trucntt', 'act_add_compensation_detail', NULL),
(1033, '2011-11-25 11:23:55', 'trucntt', 'act_add_compensation_detail', NULL),
(1034, '2011-11-25 11:24:03', 'trucntt', 'act_add_compensation_detail', NULL),
(1035, '2011-11-25 11:24:39', 'trucntt', 'act_add_compensation', NULL),
(1036, '2011-11-25 11:24:59', 'trucntt', 'act_add_compensation_detail', NULL),
(1037, '2011-11-25 11:25:21', 'trucntt', 'act_add_compensation_detail', NULL),
(1038, '2011-11-25 11:25:58', 'trucntt', 'act_add_compensation', NULL),
(1039, '2011-11-25 11:26:13', 'trucntt', 'act_add_compensation_detail', NULL),
(1040, '2011-11-25 11:26:49', 'trucntt', 'act_add_compensation', NULL),
(1041, '2011-11-25 11:27:10', 'trucntt', 'act_add_compensation_detail', NULL),
(1042, '2011-11-25 11:27:43', 'trucntt', 'act_add_compensation_detail', NULL),
(1043, '2011-11-25 11:28:38', 'trucntt', 'act_add_compensation', NULL),
(1044, '2011-11-25 11:28:58', 'trucntt', 'act_add_compensation_detail', NULL),
(1045, '2011-11-25 11:29:43', 'trucntt', 'act_add_compensation_detail', NULL),
(1046, '2011-11-25 11:29:55', 'trucntt', 'act_add_compensation_detail', NULL),
(1047, '2011-11-25 11:30:07', 'trucntt', 'act_add_compensation_detail', NULL),
(1048, '2011-11-25 11:30:19', 'trucntt', 'act_add_compensation_detail', NULL),
(1049, '2011-11-25 11:31:16', 'trucntt', 'act_add_compensation_detail', NULL),
(1050, '2011-11-25 11:31:33', 'trucntt', 'act_add_compensation_detail', NULL),
(1051, '2011-11-25 11:31:57', 'trucntt', 'act_add_compensation_detail', NULL),
(1052, '2011-11-25 11:32:11', 'trucntt', 'act_add_compensation_detail', NULL),
(1053, '2011-11-25 11:32:27', 'trucntt', 'act_add_compensation_detail', NULL),
(1054, '2011-11-25 11:32:35', 'trucntt', 'act_add_compensation_detail', NULL),
(1055, '2011-11-25 11:32:50', 'trucntt', 'act_add_compensation_detail', NULL),
(1056, '2011-11-25 11:33:25', 'trucntt', 'act_add_compensation', NULL),
(1057, '2011-11-25 11:34:49', 'trucntt', 'act_add_compensation_detail', NULL),
(1058, '2011-11-25 11:35:22', 'trucntt', 'act_add_compensation', NULL),
(1059, '2011-11-25 11:37:12', 'trucntt', 'act_add_compensation_detail', NULL),
(1060, '2011-11-25 11:37:33', 'trucntt', 'act_add_compensation_detail', NULL),
(1061, '2011-11-25 11:37:49', 'trucntt', 'act_add_compensation_detail', NULL),
(1062, '2011-11-25 11:38:04', 'trucntt', 'act_add_compensation_detail', NULL),
(1063, '2011-11-25 11:38:16', 'trucntt', 'act_add_compensation_detail', NULL),
(1064, '2011-11-25 11:38:31', 'trucntt', 'act_add_compensation_detail', NULL),
(1065, '2011-11-25 11:39:28', 'trucntt', 'act_add_compensation', NULL),
(1066, '2011-11-25 11:39:44', 'trucntt', 'act_add_compensation_detail', NULL),
(1067, '2011-11-25 11:40:14', 'trucntt', 'act_add_compensation', NULL),
(1068, '2011-11-25 11:40:28', 'trucntt', 'act_add_compensation_detail', NULL),
(1069, '2011-11-25 11:40:36', 'trucntt', 'act_add_compensation_detail', NULL),
(1070, '2011-11-25 11:40:44', 'trucntt', 'act_add_compensation_detail', NULL),
(1071, '2011-11-25 11:40:52', 'trucntt', 'act_add_compensation_detail', NULL),
(1072, '2011-11-25 11:41:00', 'trucntt', 'act_add_compensation_detail', NULL),
(1073, '2011-11-25 11:41:07', 'trucntt', 'act_add_compensation_detail', NULL),
(1074, '2011-11-25 11:41:14', 'trucntt', 'act_add_compensation_detail', NULL),
(1075, '2011-11-25 11:41:39', 'trucntt', 'act_add_compensation', NULL),
(1076, '2011-11-25 11:41:53', 'trucntt', 'act_add_compensation_detail', NULL),
(1077, '2011-11-25 11:42:00', 'trucntt', 'act_add_compensation_detail', NULL),
(1078, '2011-11-25 11:42:24', 'trucntt', 'act_add_compensation', NULL),
(1079, '2011-11-25 11:42:34', 'trucntt', 'act_add_compensation_detail', NULL),
(1080, '2011-11-25 11:42:42', 'trucntt', 'act_add_compensation_detail', NULL),
(1081, '2011-11-25 11:42:49', 'trucntt', 'act_add_compensation_detail', NULL),
(1082, '2011-11-25 11:42:56', 'trucntt', 'act_add_compensation_detail', NULL),
(1083, '2011-11-25 11:43:25', 'trucntt', 'act_add_compensation', NULL),
(1084, '2011-11-25 11:43:36', 'trucntt', 'act_add_compensation_detail', NULL),
(1085, '2011-11-25 11:44:01', 'trucntt', 'act_add_compensation', NULL),
(1086, '2011-11-25 11:44:18', 'trucntt', 'act_add_compensation_detail', NULL),
(1087, '2011-11-25 11:44:45', 'trucntt', 'act_add_compensation', NULL),
(1088, '2011-11-25 11:44:57', 'trucntt', 'act_add_compensation_detail', NULL),
(1089, '2011-11-25 11:45:21', 'trucntt', 'act_add_compensation', NULL),
(1090, '2011-11-25 11:45:32', 'trucntt', 'act_add_compensation_detail', NULL),
(1091, '2011-11-25 11:45:54', 'trucntt', 'act_add_compensation', NULL),
(1092, '2011-11-25 11:46:07', 'trucntt', 'act_add_compensation_detail', NULL),
(1093, '2011-11-25 11:46:14', 'trucntt', 'act_add_compensation_detail', NULL),
(1094, '2011-11-25 11:46:21', 'trucntt', 'act_add_compensation_detail', NULL),
(1095, '2011-11-25 11:46:27', 'trucntt', 'act_add_compensation_detail', NULL),
(1096, '2011-11-25 11:46:34', 'trucntt', 'act_add_compensation_detail', NULL),
(1097, '2011-11-25 11:46:58', 'trucntt', 'act_add_compensation', NULL),
(1098, '2011-11-25 11:47:11', 'trucntt', 'act_add_compensation_detail', NULL),
(1099, '2011-11-25 11:47:18', 'trucntt', 'act_add_compensation_detail', NULL),
(1100, '2011-11-25 13:50:34', 'trucntt', 'act_login', NULL),
(1101, '2011-11-25 14:08:40', 'quyenlb', 'act_login', NULL),
(1102, '2011-11-25 14:09:04', 'quyenlb', 'act_deny_compensation', NULL),
(1103, '2011-11-25 14:09:06', 'quyenlb', 'act_deny_compensation', NULL),
(1104, '2011-11-25 14:10:27', 'quyenlb', 'act_exec_compensation', NULL),
(1105, '2011-11-25 14:34:12', 'uyenlnk', 'act_login', NULL),
(1106, '2011-11-25 14:34:46', 'uyenlnk', 'act_add_compensation', NULL),
(1107, '2011-11-25 14:35:05', 'uyenlnk', 'act_add_compensation_detail', NULL),
(1108, '2011-11-25 15:17:29', 'admin', 'act_login', NULL),
(1109, '2011-11-25 16:24:42', 'uyenlnk', 'act_login', NULL),
(1110, '2011-11-25 16:24:58', 'uyenlnk', 'act_del_compensation', NULL),
(1111, '2011-11-25 17:35:33', 'dinhlhn', 'act_login', NULL),
(1112, '2011-11-25 17:38:24', 'admin', 'act_login', NULL),
(1113, '2011-11-28 09:55:11', 'uyenlnk', 'act_login', NULL),
(1114, '2011-11-28 09:58:17', 'admin', 'act_login', NULL),
(1115, '2011-11-28 10:40:09', 'admin', 'act_add_compensation', NULL),
(1116, '2011-11-28 10:40:16', 'admin', 'act_add_compensation_detail', NULL),
(1117, '2011-11-28 10:40:23', 'admin', 'act_deny_compensation', NULL),
(1118, '2011-11-28 10:40:24', 'admin', 'act_exec_compensation', NULL),
(1119, '2011-11-28 10:45:58', 'admin', 'act_del_compensation', NULL),
(1120, '2011-11-28 15:03:37', 'dinhlhn', 'act_login', NULL),
(1121, '2011-11-28 15:04:30', 'minhvh', 'act_login', NULL),
(1122, '2011-11-28 15:04:54', 'admin', 'act_login', NULL),
(1123, '2011-11-28 15:05:26', 'admin', 'act_privilege', NULL),
(1124, '2011-11-28 15:05:40', 'dinhlhn', 'act_login', NULL),
(1125, '2011-11-28 15:05:58', 'admin', 'act_login', NULL),
(1126, '2011-11-28 15:06:10', 'admin', 'act_privilege', NULL),
(1127, '2011-11-28 15:06:21', 'dinhlhn', 'act_login', NULL),
(1128, '2011-11-28 15:27:41', 'uyenlnk', 'act_login', NULL),
(1129, '2011-11-28 15:28:48', 'uyenlnk', 'act_add_compensation', NULL),
(1130, '2011-11-28 15:29:01', 'uyenlnk', 'act_add_compensation_detail', NULL),
(1131, '2011-11-28 15:29:19', 'quyenlb', 'act_login', NULL),
(1132, '2011-11-28 15:29:36', 'quyenlb', 'act_deny_compensation', NULL),
(1133, '2011-11-28 15:30:42', 'admin', 'act_login', NULL),
(1134, '2011-11-28 16:38:18', 'admin', 'act_login', NULL),
(1135, '2011-11-28 17:25:23', 'trucntt', 'act_login', NULL),
(1136, '2011-11-28 17:25:50', 'trucntt', 'act_add_compensation', NULL),
(1137, '2011-11-28 17:26:05', 'trucntt', 'act_add_compensation_detail', NULL),
(1138, '2011-11-28 17:26:14', 'trucntt', 'act_add_compensation_detail', NULL),
(1139, '2011-11-28 17:26:49', 'trucntt', 'act_add_compensation', NULL),
(1140, '2011-11-28 17:27:09', 'trucntt', 'act_add_compensation_detail', NULL),
(1141, '2011-11-28 17:27:52', 'trucntt', 'act_add_compensation', NULL),
(1142, '2011-11-28 17:28:08', 'trucntt', 'act_add_compensation_detail', NULL),
(1143, '2011-11-28 17:28:15', 'trucntt', 'act_add_compensation_detail', NULL),
(1144, '2011-11-28 17:28:23', 'trucntt', 'act_add_compensation_detail', NULL),
(1145, '2011-11-28 17:28:51', 'trucntt', 'act_add_compensation', NULL),
(1146, '2011-11-28 17:29:01', 'trucntt', 'act_add_compensation_detail', NULL),
(1147, '2011-11-28 17:29:08', 'trucntt', 'act_add_compensation_detail', NULL),
(1148, '2011-11-28 17:30:06', 'trucntt', 'act_add_compensation', NULL),
(1149, '2011-11-28 17:30:22', 'trucntt', 'act_add_compensation_detail', NULL),
(1150, '2011-11-28 17:30:55', 'trucntt', 'act_add_compensation', NULL),
(1151, '2011-11-28 17:31:15', 'trucntt', 'act_add_compensation_detail', NULL),
(1152, '2011-11-28 17:31:25', 'trucntt', 'act_add_compensation_detail', NULL),
(1153, '2011-11-28 17:31:34', 'trucntt', 'act_add_compensation_detail', NULL),
(1154, '2011-11-28 17:33:22', 'trucntt', 'act_add_compensation', NULL),
(1155, '2011-11-28 17:34:45', 'trucntt', 'act_add_compensation_detail', NULL),
(1156, '2011-11-28 17:35:08', 'trucntt', 'act_add_compensation', NULL),
(1157, '2011-11-28 17:35:24', 'trucntt', 'act_add_compensation_detail', NULL),
(1158, '2011-11-28 17:36:38', 'trucntt', 'act_add_compensation', NULL),
(1159, '2011-11-28 17:36:55', 'trucntt', 'act_add_compensation_detail', NULL),
(1160, '2011-11-28 17:37:18', 'trucntt', 'act_add_compensation', NULL),
(1161, '2011-11-28 17:37:32', 'trucntt', 'act_add_compensation_detail', NULL),
(1162, '2011-11-28 17:37:56', 'trucntt', 'act_add_compensation', NULL),
(1163, '2011-11-28 17:38:08', 'trucntt', 'act_add_compensation_detail', NULL),
(1164, '2011-11-28 17:38:31', 'trucntt', 'act_add_compensation', NULL),
(1165, '2011-11-28 17:38:42', 'trucntt', 'act_add_compensation_detail', NULL),
(1166, '2011-11-28 17:39:02', 'trucntt', 'act_add_compensation', NULL),
(1167, '2011-11-28 17:39:21', 'trucntt', 'act_add_compensation_detail', NULL),
(1168, '2011-11-28 17:39:28', 'trucntt', 'act_add_compensation_detail', NULL),
(1169, '2011-11-28 17:39:56', 'trucntt', 'act_add_compensation', NULL),
(1170, '2011-11-28 17:40:06', 'trucntt', 'act_add_compensation_detail', NULL),
(1171, '2011-11-28 17:40:34', 'trucntt', 'act_add_compensation', NULL),
(1172, '2011-11-28 17:40:46', 'trucntt', 'act_add_compensation_detail', NULL),
(1173, '2011-11-28 17:40:53', 'trucntt', 'act_add_compensation_detail', NULL),
(1174, '2011-11-28 17:41:36', 'trucntt', 'act_add_compensation', NULL),
(1175, '2011-11-28 17:41:50', 'trucntt', 'act_add_compensation_detail', NULL),
(1176, '2011-11-28 17:42:14', 'trucntt', 'act_add_compensation', NULL),
(1177, '2011-11-28 17:43:20', 'trucntt', 'act_del_compensation', NULL),
(1178, '2011-11-28 17:43:50', 'trucntt', 'act_add_compensation', NULL),
(1179, '2011-11-28 17:44:02', 'trucntt', 'act_add_compensation_detail', NULL),
(1180, '2011-11-28 17:44:10', 'trucntt', 'act_add_compensation_detail', NULL),
(1181, '2011-11-28 17:44:40', 'trucntt', 'act_add_compensation', NULL),
(1182, '2011-11-28 17:44:54', 'trucntt', 'act_add_compensation_detail', NULL),
(1183, '2011-11-28 17:45:21', 'trucntt', 'act_add_compensation', NULL),
(1184, '2011-11-28 17:45:43', 'trucntt', 'act_add_compensation_detail', NULL),
(1185, '2011-11-28 17:46:29', 'trucntt', 'act_add_compensation', NULL),
(1186, '2011-11-28 17:46:43', 'trucntt', 'act_add_compensation_detail', NULL),
(1187, '2011-11-28 17:47:07', 'trucntt', 'act_add_compensation', NULL),
(1188, '2011-11-28 17:47:35', 'trucntt', 'act_add_compensation_detail', NULL),
(1189, '2011-11-28 17:48:04', 'trucntt', 'act_add_compensation', NULL),
(1190, '2011-11-28 17:48:25', 'trucntt', 'act_add_compensation_detail', NULL),
(1191, '2011-11-28 17:48:47', 'trucntt', 'act_add_compensation', NULL),
(1192, '2011-11-28 17:48:57', 'trucntt', 'act_add_compensation_detail', NULL),
(1193, '2011-11-28 17:49:16', 'trucntt', 'act_add_compensation', NULL),
(1194, '2011-11-28 17:49:25', 'trucntt', 'act_add_compensation_detail', NULL),
(1195, '2011-11-28 17:49:44', 'trucntt', 'act_add_compensation', NULL),
(1196, '2011-11-28 17:49:55', 'trucntt', 'act_add_compensation_detail', NULL),
(1197, '2011-11-28 17:50:20', 'trucntt', 'act_add_compensation', NULL),
(1198, '2011-11-28 17:50:29', 'trucntt', 'act_add_compensation_detail', NULL),
(1199, '2011-11-28 17:50:38', 'trucntt', 'act_add_compensation_detail', NULL),
(1200, '2011-11-28 17:50:59', 'trucntt', 'act_add_compensation', NULL),
(1201, '2011-11-28 17:51:09', 'trucntt', 'act_add_compensation_detail', NULL),
(1202, '2011-11-28 17:51:43', 'trucntt', 'act_add_compensation', NULL),
(1203, '2011-11-28 17:51:53', 'trucntt', 'act_add_compensation_detail', NULL),
(1204, '2011-11-28 17:52:42', 'trucntt', 'act_add_compensation', NULL),
(1205, '2011-11-28 17:52:51', 'trucntt', 'act_add_compensation_detail', NULL),
(1206, '2011-11-28 17:53:10', 'trucntt', 'act_add_compensation', NULL),
(1207, '2011-11-28 17:53:19', 'trucntt', 'act_add_compensation_detail', NULL),
(1208, '2011-11-28 17:53:26', 'trucntt', 'act_add_compensation_detail', NULL),
(1209, '2011-11-28 17:54:03', 'trucntt', 'act_add_compensation', NULL),
(1210, '2011-11-28 17:54:14', 'trucntt', 'act_add_compensation_detail', NULL),
(1211, '2011-11-28 17:54:21', 'trucntt', 'act_add_compensation_detail', NULL),
(1212, '2011-11-28 17:54:54', 'trucntt', 'act_add_compensation', NULL),
(1213, '2011-11-28 17:55:10', 'trucntt', 'act_add_compensation_detail', NULL),
(1214, '2011-11-28 17:58:56', 'trucntt', 'act_add_compensation_detail', NULL),
(1215, '2011-11-28 17:59:04', 'trucntt', 'act_add_compensation_detail', NULL),
(1216, '2011-11-28 17:59:33', 'trucntt', 'act_add_compensation', NULL),
(1217, '2011-11-28 17:59:46', 'trucntt', 'act_add_compensation_detail', NULL),
(1218, '2011-11-28 18:00:14', 'trucntt', 'act_add_compensation', NULL),
(1219, '2011-11-28 18:00:26', 'trucntt', 'act_add_compensation_detail', NULL),
(1220, '2011-11-28 18:01:20', 'quyenlb', 'act_login', NULL),
(1221, '2011-11-28 18:01:28', 'quyenlb', 'act_deny_compensation', NULL),
(1222, '2011-11-28 18:01:34', 'quyenlb', 'act_deny_compensation', NULL),
(1223, '2011-11-28 18:01:42', 'quyenlb', 'act_exec_compensation', NULL),
(1224, '2011-11-28 19:40:14', 'admin', 'act_login', NULL),
(1225, '2011-11-29 09:23:36', 'uyenlnk', 'act_login', NULL),
(1226, '2011-11-29 09:25:38', 'uyenlnk', 'act_add_compensation', NULL),
(1227, '2011-11-29 09:26:01', 'uyenlnk', 'act_add_compensation_detail', NULL),
(1228, '2011-11-29 09:26:10', 'uyenlnk', 'act_add_compensation_detail', NULL),
(1229, '2011-11-29 09:26:41', 'uyenlnk', 'act_add_compensation', NULL),
(1230, '2011-11-29 09:26:59', 'uyenlnk', 'act_add_compensation_detail', NULL),
(1231, '2011-11-29 09:31:06', 'uyenlnk', 'act_add_compensation', NULL),
(1232, '2011-11-29 09:31:18', 'uyenlnk', 'act_add_compensation_detail', NULL),
(1233, '2011-11-29 09:35:42', 'uyenlnk', 'act_add_compensation', NULL),
(1234, '2011-11-29 09:35:56', 'uyenlnk', 'act_add_compensation_detail', NULL),
(1235, '2011-11-29 09:41:10', 'uyenlnk', 'act_add_compensation', NULL),
(1236, '2011-11-29 09:41:32', 'uyenlnk', 'act_add_compensation', NULL),
(1237, '2011-11-29 09:41:46', 'uyenlnk', 'act_add_compensation', NULL),
(1238, '2011-11-29 09:41:59', 'uyenlnk', 'act_add_compensation', NULL),
(1239, '2011-11-29 09:42:48', 'uyenlnk', 'act_add_compensation', NULL),
(1240, '2011-11-29 09:43:28', 'uyenlnk', 'act_edit_compensation', NULL),
(1241, '2011-11-29 09:43:52', 'uyenlnk', 'act_edit_compensation', NULL),
(1242, '2011-11-29 09:44:20', 'uyenlnk', 'act_edit_compensation', NULL),
(1243, '2011-11-29 09:44:37', 'uyenlnk', 'act_edit_compensation', NULL),
(1244, '2011-11-29 09:45:05', 'uyenlnk', 'act_edit_compensation', NULL),
(1245, '2011-11-29 09:45:34', 'uyenlnk', 'act_edit_compensation', NULL),
(1246, '2011-11-29 09:46:20', 'uyenlnk', 'act_edit_compensation', NULL),
(1247, '2011-11-29 09:46:44', 'uyenlnk', 'act_del_compensation_detail', NULL),
(1248, '2011-11-29 09:47:07', 'uyenlnk', 'act_add_compensation_detail', NULL),
(1249, '2011-11-29 09:47:23', 'uyenlnk', 'act_add_compensation_detail', NULL),
(1250, '2011-11-29 09:47:33', 'uyenlnk', 'act_add_compensation_detail', NULL),
(1251, '2011-11-29 09:47:54', 'uyenlnk', 'act_add_compensation_detail', NULL),
(1252, '2011-11-29 09:48:16', 'uyenlnk', 'act_add_compensation_detail', NULL),
(1253, '2011-11-29 09:51:37', 'uyenlnk', 'act_add_compensation_detail', NULL),
(1254, '2011-11-29 09:51:50', 'uyenlnk', 'act_add_compensation_detail', NULL),
(1255, '2011-11-29 09:52:07', 'quyenlb', 'act_login', NULL),
(1256, '2011-11-29 09:53:03', 'trucntt', 'act_login', NULL),
(1257, '2011-11-29 09:56:58', 'admin', 'act_login', NULL),
(1258, '2011-11-29 09:57:20', 'admin', 'act_privilege', NULL),
(1259, '2011-11-29 09:57:52', 'trucntt', 'act_login', NULL),
(1260, '2011-11-29 09:58:28', 'trucntt', 'act_change_status_item', 'B t trong shop: Hun hn trm ln'),
(1261, '2011-11-29 09:58:28', 'trucntt', 'act_change_status_item', 'B t trong shop: Hun 500 ln'),
(1262, '2011-11-29 09:58:28', 'trucntt', 'act_change_status_item', 'B t trong shop: Hun, hun na, hun mi'),
(1263, '2011-11-29 09:58:28', 'trucntt', 'act_change_status_item', 'B t trong shop: Cn no c ngy'),
(1264, '2011-11-29 09:58:28', 'trucntt', 'act_change_status_item', 'B t trong shop: Cn no c tun'),
(1265, '2011-11-29 09:58:28', 'trucntt', 'act_change_status_item', 'B t trong shop: Nng lng di do'),
(1266, '2011-11-29 10:05:33', 'admin', 'act_login', NULL),
(1267, '2011-11-29 10:23:32', 'trucntt', 'act_add_compensation', NULL),
(1268, '2011-11-29 10:23:58', 'trucntt', 'act_add_compensation_detail', NULL),
(1269, '2011-11-29 10:24:07', 'trucntt', 'act_add_compensation_detail', NULL),
(1270, '2011-11-29 10:24:37', 'trucntt', 'act_add_compensation', NULL),
(1271, '2011-11-29 10:25:31', 'uyenlnk', 'act_add_compensation', NULL),
(1272, '2011-11-29 10:26:06', 'uyenlnk', 'act_edit_compensation', NULL),
(1273, '2011-11-29 10:26:07', 'trucntt', 'act_add_compensation_detail', NULL),
(1274, '2011-11-29 10:26:18', 'trucntt', 'act_add_compensation_detail', NULL),
(1275, '2011-11-29 10:26:19', 'uyenlnk', 'act_add_compensation_detail', NULL),
(1276, '2011-11-29 10:26:45', 'trucntt', 'act_add_compensation', NULL),
(1277, '2011-11-29 10:27:01', 'trucntt', 'act_add_compensation_detail', NULL),
(1278, '2011-11-29 10:28:24', 'uyenlnk', 'act_del_compensation_detail', NULL),
(1279, '2011-11-29 10:28:36', 'uyenlnk', 'act_add_compensation_detail', NULL),
(1280, '2011-11-29 10:28:57', 'trucntt', 'act_add_compensation', NULL),
(1281, '2011-11-29 10:29:09', 'trucntt', 'act_add_compensation_detail', NULL),
(1282, '2011-11-29 10:29:40', 'trucntt', 'act_add_compensation', NULL),
(1283, '2011-11-29 10:29:49', 'admin', 'act_privilege', NULL),
(1284, '2011-11-29 10:29:57', 'trucntt', 'act_add_compensation_detail', NULL),
(1285, '2011-11-29 10:30:30', 'trucntt', 'act_add_compensation', NULL),
(1286, '2011-11-29 10:30:45', 'trucntt', 'act_add_compensation_detail', NULL),
(1287, '2011-11-29 10:31:22', 'trucntt', 'act_add_compensation_detail', NULL),
(1288, '2011-11-29 10:31:51', 'trucntt', 'act_add_compensation', NULL),
(1289, '2011-11-29 10:32:04', 'trucntt', 'act_add_compensation_detail', NULL),
(1290, '2011-11-29 10:32:28', 'trucntt', 'act_add_compensation', NULL),
(1291, '2011-11-29 10:32:48', 'trucntt', 'act_add_compensation_detail', NULL),
(1292, '2011-11-29 10:33:23', 'trucntt', 'act_add_compensation', NULL),
(1293, '2011-11-29 10:33:34', 'trucntt', 'act_add_compensation_detail', NULL),
(1294, '2011-11-29 10:33:56', 'trucntt', 'act_add_compensation', NULL),
(1295, '2011-11-29 10:34:28', 'trucntt', 'act_add_compensation_detail', NULL),
(1296, '2011-11-29 11:12:05', 'trucntt', 'act_add_compensation', NULL),
(1297, '2011-11-29 11:12:47', 'trucntt', 'act_del_compensation', NULL),
(1298, '2011-11-29 11:14:50', 'trucntt', 'act_add_compensation', NULL),
(1299, '2011-11-29 11:15:04', 'trucntt', 'act_add_compensation_detail', NULL),
(1300, '2011-11-29 11:15:13', 'trucntt', 'act_add_compensation_detail', NULL),
(1301, '2011-11-29 11:17:41', 'trucntt', 'act_del_compensation', NULL),
(1302, '2011-11-29 11:24:20', 'trucntt', 'act_add_compensation', NULL),
(1303, '2011-11-29 11:24:34', 'trucntt', 'act_add_compensation_detail', NULL),
(1304, '2011-11-29 13:45:34', 'trucntt', 'act_add_compensation', NULL),
(1305, '2011-11-29 13:45:50', 'trucntt', 'act_add_compensation_detail', NULL),
(1306, '2011-11-29 13:46:45', 'trucntt', 'act_add_compensation', NULL),
(1307, '2011-11-29 13:47:07', 'trucntt', 'act_add_compensation_detail', NULL),
(1308, '2011-11-29 14:06:39', 'admin', 'act_login', NULL),
(1309, '2011-11-29 14:51:15', 'trucntt', 'act_add_compensation', NULL),
(1310, '2011-11-29 14:51:24', 'trucntt', 'act_add_compensation_detail', NULL),
(1311, '2011-11-29 14:51:31', 'trucntt', 'act_add_compensation_detail', NULL),
(1312, '2011-11-29 14:51:38', 'trucntt', 'act_add_compensation_detail', NULL),
(1313, '2011-11-29 14:51:44', 'trucntt', 'act_add_compensation_detail', NULL),
(1314, '2011-11-29 14:52:00', 'trucntt', 'act_add_compensation_detail', NULL),
(1315, '2011-11-29 14:52:06', 'trucntt', 'act_add_compensation_detail', NULL),
(1316, '2011-11-29 14:52:13', 'trucntt', 'act_add_compensation_detail', NULL),
(1317, '2011-11-29 14:52:33', 'trucntt', 'act_add_compensation_detail', NULL),
(1318, '2011-11-29 14:53:01', 'trucntt', 'act_add_compensation', NULL),
(1319, '2011-11-29 14:53:10', 'trucntt', 'act_add_compensation_detail', NULL),
(1320, '2011-11-29 14:53:34', 'trucntt', 'act_add_compensation', NULL),
(1321, '2011-11-29 14:53:44', 'trucntt', 'act_add_compensation_detail', NULL),
(1322, '2011-11-29 14:53:51', 'trucntt', 'act_add_compensation_detail', NULL),
(1323, '2011-11-29 15:24:14', 'trucntt', 'act_add_compensation', NULL),
(1324, '2011-11-29 15:24:25', 'trucntt', 'act_add_compensation_detail', NULL),
(1325, '2011-11-29 15:24:32', 'trucntt', 'act_add_compensation_detail', NULL),
(1326, '2011-11-29 15:41:24', 'quyenlb', 'act_login', NULL),
(1327, '2011-11-29 15:46:53', 'quyenlb', 'act_deny_compensation', NULL),
(1328, '2011-11-29 15:46:56', 'quyenlb', 'act_deny_compensation', NULL),
(1329, '2011-11-29 15:47:09', 'quyenlb', 'act_exec_compensation', NULL),
(1330, '2011-11-29 16:41:25', 'admin', 'act_login', NULL),
(1331, '2011-11-29 17:04:18', 'trucntt', 'act_add_compensation', NULL),
(1332, '2011-11-29 17:04:29', 'trucntt', 'act_add_compensation_detail', NULL),
(1333, '2011-11-29 17:19:55', 'trucntt', 'act_add_compensation', NULL),
(1334, '2011-11-29 17:20:06', 'trucntt', 'act_add_compensation_detail', NULL),
(1335, '2011-11-29 17:27:31', 'uyenlnk', 'act_login', NULL),
(1336, '2011-11-29 17:39:52', 'quyenlb', 'act_login', NULL),
(1337, '2011-11-29 17:40:01', 'quyenlb', 'act_deny_compensation', NULL),
(1338, '2011-11-29 17:40:05', 'quyenlb', 'act_exec_compensation', NULL),
(1339, '2011-11-30 09:08:51', 'dinhlhn', 'act_login', NULL),
(1340, '2011-11-30 10:10:04', 'admin', 'act_login', NULL),
(1341, '2011-11-30 10:10:31', 'dinhlhn', 'act_login', NULL),
(1342, '2011-11-30 11:18:25', 'trucntt', 'act_login', NULL),
(1343, '2011-11-30 11:18:39', 'trucntt', 'act_add_compensation', NULL),
(1344, '2011-11-30 11:18:50', 'trucntt', 'act_add_compensation_detail', NULL),
(1345, '2011-11-30 11:18:58', 'trucntt', 'act_add_compensation_detail', NULL),
(1346, '2011-11-30 11:19:04', 'trucntt', 'act_add_compensation_detail', NULL),
(1347, '2011-11-30 11:19:10', 'trucntt', 'act_add_compensation_detail', NULL),
(1348, '2011-11-30 11:19:24', 'trucntt', 'act_add_compensation_detail', NULL),
(1349, '2011-11-30 11:19:49', 'trucntt', 'act_add_compensation', NULL),
(1350, '2011-11-30 11:19:58', 'trucntt', 'act_add_compensation_detail', NULL),
(1351, '2011-11-30 11:20:19', 'trucntt', 'act_add_compensation', NULL),
(1352, '2011-11-30 11:20:32', 'trucntt', 'act_add_compensation_detail', NULL),
(1353, '2011-11-30 11:20:59', 'trucntt', 'act_add_compensation', NULL),
(1354, '2011-11-30 11:21:13', 'trucntt', 'act_add_compensation_detail', NULL),
(1355, '2011-11-30 11:21:22', 'trucntt', 'act_add_compensation_detail', NULL),
(1356, '2011-11-30 11:21:45', 'trucntt', 'act_add_compensation', NULL),
(1357, '2011-11-30 11:21:54', 'trucntt', 'act_add_compensation_detail', NULL),
(1358, '2011-11-30 11:22:02', 'trucntt', 'act_add_compensation_detail', NULL),
(1359, '2011-11-30 11:22:27', 'trucntt', 'act_add_compensation', NULL),
(1360, '2011-11-30 11:22:36', 'trucntt', 'act_add_compensation_detail', NULL),
(1361, '2011-11-30 11:22:42', 'trucntt', 'act_add_compensation_detail', NULL),
(1362, '2011-11-30 11:22:49', 'trucntt', 'act_add_compensation_detail', NULL),
(1363, '2011-11-30 11:23:09', 'trucntt', 'act_add_compensation', NULL),
(1364, '2011-11-30 11:23:18', 'trucntt', 'act_add_compensation_detail', NULL),
(1365, '2011-11-30 12:44:47', 'trucntt', 'act_edit_notice', NULL),
(1366, '2011-11-30 12:48:14', 'trucntt', 'act_edit_notice', NULL),
(1367, '2011-11-30 12:50:38', 'trucntt', 'act_edit_notice', NULL),
(1368, '2011-11-30 14:08:43', 'trucntt', 'act_add_compensation', NULL),
(1369, '2011-11-30 14:08:54', 'trucntt', 'act_add_compensation_detail', NULL),
(1370, '2011-11-30 14:09:26', 'trucntt', 'act_add_compensation', NULL),
(1371, '2011-11-30 14:09:43', 'trucntt', 'act_add_compensation_detail', NULL),
(1372, '2011-11-30 14:10:09', 'quyenlb', 'act_login', NULL),
(1373, '2011-11-30 14:10:28', 'quyenlb', 'act_deny_compensation', NULL),
(1374, '2011-11-30 14:11:04', 'quyenlb', 'act_exec_compensation', NULL),
(1375, '2011-11-30 15:14:12', 'trucntt', 'act_login', NULL),
(1376, '2011-11-30 15:14:25', 'trucntt', 'act_add_compensation', NULL),
(1377, '2011-11-30 15:14:35', 'trucntt', 'act_add_compensation_detail', NULL),
(1378, '2011-11-30 16:25:13', 'admin', 'act_login', NULL),
(1379, '2011-11-30 16:31:38', 'trucntt', 'act_login', NULL),
(1380, '2011-11-30 16:32:54', 'trucntt', 'act_add_compensation', NULL),
(1381, '2011-11-30 16:33:00', 'admin', 'act_add_gift', 'Trng s c c+X'),
(1382, '2011-11-30 16:33:09', 'trucntt', 'act_add_compensation_detail', NULL),
(1383, '2011-11-30 16:33:16', 'trucntt', 'act_add_compensation_detail', NULL),
(1384, '2011-11-30 16:33:23', 'trucntt', 'act_add_compensation_detail', NULL),
(1385, '2011-11-30 16:34:26', 'admin', 'act_add_gift', 'Nhanh tay l mt+X'),
(1386, '2011-11-30 16:35:45', 'admin', 'act_add_gift', 'Gi x-heo level 4'),
(1387, '2011-11-30 16:36:03', 'admin', 'act_add_item_gift', NULL),
(1388, '2011-11-30 16:37:17', 'admin', 'act_add_item_gift', NULL),
(1389, '2011-11-30 16:37:41', 'admin', 'act_add_item_gift', NULL),
(1390, '2011-11-30 16:38:28', 'admin', 'act_add_item_gift', NULL),
(1391, '2011-11-30 16:39:00', 'admin', 'act_change_status_item_gift', 'Kch hot: Gi x-heo level 4'),
(1392, '2011-11-30 16:39:00', 'admin', 'act_change_status_item_gift', 'Kch hot: Nhanh tay l mt+X'),
(1393, '2011-11-30 16:39:00', 'admin', 'act_change_status_item_gift', 'Kch hot: Trng s c c+X'),
(1394, '2011-11-30 16:50:56', 'minhvh', 'act_login', NULL),
(1395, '2011-11-30 16:58:51', 'minhvh', 'act_add_gift', 'Thuc X-Heo LV 5'),
(1396, '2011-11-30 17:00:55', 'minhvh', 'act_add_gift', 'Thuc X-Heo LV 6'),
(1397, '2011-11-30 17:01:09', 'minhvh', 'act_edit_gift', 'Thuc X-Heo LV 5'),
(1398, '2011-11-30 17:01:38', 'minhvh', 'act_edit_gift', 'Thuc X-Heo LV 6'),
(1399, '2011-11-30 17:05:30', 'minhvh', 'act_add_gift', 'Ngc tinh luyn cp 2'),
(1400, '2011-11-30 17:06:36', 'minhvh', 'act_add_gift', 'Ngc tinh luyn cp 3'),
(1401, '2011-11-30 17:09:43', 'minhvh', 'act_add_gift', 'B ngoi trang Thy Th'),
(1402, '2011-11-30 17:10:52', 'minhvh', 'act_add_gift', 'B ngoi trang Ch h'),
(1403, '2011-11-30 17:11:12', 'minhvh', 'act_edit_gift', 'B ngoi trang Ch h'),
(1404, '2011-11-30 17:11:35', 'admin', 'act_login', NULL),
(1405, '2011-11-30 17:12:04', 'admin', 'act_privilege', NULL),
(1406, '2011-11-30 17:12:25', 'minhvh', 'act_login', NULL),
(1407, '2011-11-30 17:16:47', 'minhvh', 'act_add_item_gift', NULL),
(1408, '2011-11-30 17:17:13', 'minhvh', 'act_add_item_gift', NULL),
(1409, '2011-11-30 17:19:52', 'minhvh', 'act_add_item_gift', NULL),
(1410, '2011-11-30 17:20:21', 'minhvh', 'act_add_item_gift', NULL),
(1411, '2011-11-30 17:21:18', 'minhvh', 'act_add_item_gift', NULL),
(1412, '2011-11-30 17:21:36', 'minhvh', 'act_add_item_gift', NULL),
(1413, '2011-11-30 17:21:57', 'minhvh', 'act_add_item_gift', NULL),
(1414, '2011-11-30 17:22:11', 'minhvh', 'act_add_item_gift', NULL),
(1415, '2011-11-30 17:27:34', 'minhvh', 'act_add_item_gift', NULL),
(1416, '2011-11-30 17:28:10', 'minhvh', 'act_add_item_gift', NULL),
(1417, '2011-11-30 17:28:29', 'minhvh', 'act_add_item_gift', NULL),
(1418, '2011-11-30 17:28:37', 'minhvh', 'act_add_item_gift', NULL),
(1419, '2011-11-30 17:40:52', 'minhvh', 'act_change_status_item_gift', 'Kch hot: B ngoi trang Ch h'),
(1420, '2011-11-30 17:40:52', 'minhvh', 'act_change_status_item_gift', 'Kch hot: B ngoi trang Thy Th'),
(1421, '2011-11-30 17:40:52', 'minhvh', 'act_change_status_item_gift', 'Kch hot: Ngc tinh luyn cp 3'),
(1422, '2011-11-30 17:40:52', 'minhvh', 'act_change_status_item_gift', 'Kch hot: Ngc tinh luyn cp 2'),
(1423, '2011-11-30 17:40:52', 'minhvh', 'act_change_status_item_gift', 'Kch hot: Thuc X-Heo LV 6'),
(1424, '2011-11-30 17:40:52', 'minhvh', 'act_change_status_item_gift', 'Kch hot: Thuc X-Heo LV 5'),
(1425, '2011-11-30 17:43:14', 'admin', 'act_login', NULL),
(1426, '2011-11-30 17:43:44', 'admin', 'act_privilege', NULL),
(1427, '2011-11-30 17:44:00', 'admin', 'act_login', NULL),
(1428, '2011-11-30 17:44:25', 'admin', 'act_edit_item', 'Ngc tinh luyn cp 2'),
(1429, '2011-11-30 17:46:39', 'admin', 'act_login', NULL),
(1430, '2011-11-30 18:01:39', 'admin', 'act_login', NULL),
(1431, '2011-12-01 09:56:14', 'admin', 'act_login', NULL),
(1432, '2011-12-01 10:34:39', 'minhvh', 'act_login', NULL),
(1433, '2011-12-01 13:41:00', 'minhvh', 'act_login', NULL),
(1434, '2011-12-01 13:48:20', 'trucntt', 'act_login', NULL),
(1435, '2011-12-01 13:50:55', 'trucntt', 'act_edit_notice', NULL),
(1436, '2011-12-01 13:52:38', 'trucntt', 'act_edit_notice', NULL),
(1437, '2011-12-01 15:35:57', 'minhvh', 'act_login', NULL),
(1438, '2011-12-01 17:07:59', 'admin', 'act_login', NULL),
(1439, '2011-12-01 17:08:12', 'admin', 'act_delete_item_gift', NULL),
(1440, '2011-12-01 17:20:50', 'admin', 'act_add_item_gift', NULL),
(1441, '2011-12-01 17:22:12', 'admin', 'act_delete_item_gift', NULL),
(1442, '2011-12-01 17:22:29', 'admin', 'act_add_item_gift', NULL),
(1443, '2011-12-02 09:46:28', 'trucntt', 'act_login', NULL),
(1444, '2011-12-02 09:49:06', 'trucntt', 'act_edit_notice', NULL),
(1445, '2011-12-02 14:28:58', 'minhvh', 'act_login', NULL),
(1446, '2011-12-02 14:49:52', 'admin', 'act_login', NULL),
(1447, '2011-12-02 15:04:03', 'admin', 'act_login', NULL),
(1448, '2011-12-02 16:10:08', 'minhvh', 'act_login', NULL),
(1449, '2011-12-02 17:07:24', 'minhvh', 'act_edit_gift', 'B ngoi trang Ch h'),
(1450, '2011-12-02 17:07:36', 'minhvh', 'act_edit_gift', 'B ngoi trang Thy Th'),
(1451, '2011-12-02 17:07:44', 'minhvh', 'act_edit_gift', 'Ngc tinh luyn cp 3'),
(1452, '2011-12-02 17:07:51', 'minhvh', 'act_edit_gift', 'Ngc tinh luyn cp 2'),
(1453, '2011-12-02 17:08:02', 'minhvh', 'act_edit_gift', 'Thuc X-Heo LV 6'),
(1454, '2011-12-02 17:08:10', 'minhvh', 'act_edit_gift', 'Thuc X-Heo LV 5'),
(1455, '2011-12-02 17:16:27', 'trucntt', 'act_login', NULL),
(1456, '2011-12-02 17:17:00', 'trucntt', 'act_add_compensation', NULL),
(1457, '2011-12-02 17:17:45', 'trucntt', 'act_add_compensation_detail', NULL),
(1458, '2011-12-02 17:17:57', 'trucntt', 'act_add_compensation_detail', NULL),
(1459, '2011-12-02 17:18:07', 'trucntt', 'act_add_compensation_detail', NULL),
(1460, '2011-12-02 17:18:18', 'trucntt', 'act_add_compensation_detail', NULL),
(1461, '2011-12-02 17:18:26', 'trucntt', 'act_add_compensation_detail', NULL),
(1462, '2011-12-02 17:19:03', 'trucntt', 'act_add_compensation', NULL),
(1463, '2011-12-02 17:19:21', 'trucntt', 'act_add_compensation_detail', NULL),
(1464, '2011-12-02 17:19:28', 'trucntt', 'act_add_compensation_detail', NULL),
(1465, '2011-12-02 17:19:51', 'trucntt', 'act_add_compensation', NULL),
(1466, '2011-12-02 17:20:10', 'trucntt', 'act_add_compensation_detail', NULL),
(1467, '2011-12-02 17:20:20', 'trucntt', 'act_add_compensation_detail', NULL),
(1468, '2011-12-02 17:20:26', 'trucntt', 'act_add_compensation_detail', NULL),
(1469, '2011-12-02 17:20:36', 'trucntt', 'act_add_compensation_detail', NULL),
(1470, '2011-12-02 17:20:47', 'trucntt', 'act_add_compensation_detail', NULL),
(1471, '2011-12-02 17:20:54', 'trucntt', 'act_add_compensation_detail', NULL),
(1472, '2011-12-02 17:21:04', 'trucntt', 'act_add_compensation_detail', NULL),
(1473, '2011-12-02 17:21:14', 'trucntt', 'act_add_compensation_detail', NULL),
(1474, '2011-12-02 17:21:25', 'trucntt', 'act_add_compensation_detail', NULL),
(1475, '2011-12-02 17:21:36', 'trucntt', 'act_add_compensation_detail', NULL),
(1476, '2011-12-02 17:21:49', 'trucntt', 'act_add_compensation_detail', NULL),
(1477, '2011-12-02 17:22:00', 'trucntt', 'act_add_compensation_detail', NULL),
(1478, '2011-12-02 17:22:15', 'trucntt', 'act_add_compensation_detail', NULL),
(1479, '2011-12-02 17:22:25', 'trucntt', 'act_add_compensation_detail', NULL),
(1480, '2011-12-02 17:22:33', 'trucntt', 'act_add_compensation_detail', NULL),
(1481, '2011-12-02 17:22:46', 'trucntt', 'act_add_compensation_detail', NULL),
(1482, '2011-12-02 17:22:57', 'trucntt', 'act_add_compensation_detail', NULL),
(1483, '2011-12-02 17:23:05', 'trucntt', 'act_add_compensation_detail', NULL),
(1484, '2011-12-02 17:23:13', 'trucntt', 'act_add_compensation_detail', NULL),
(1485, '2011-12-02 17:23:43', 'trucntt', 'act_add_compensation', NULL),
(1486, '2011-12-02 17:23:55', 'trucntt', 'act_add_compensation_detail', NULL),
(1487, '2011-12-02 17:24:56', 'trucntt', 'act_add_compensation', NULL),
(1488, '2011-12-02 17:26:26', 'trucntt', 'act_add_compensation_detail', NULL),
(1489, '2011-12-02 17:26:32', 'trucntt', 'act_add_compensation_detail', NULL),
(1490, '2011-12-02 17:26:38', 'trucntt', 'act_add_compensation_detail', NULL),
(1491, '2011-12-02 17:26:46', 'trucntt', 'act_add_compensation_detail', NULL),
(1492, '2011-12-02 17:26:52', 'trucntt', 'act_add_compensation_detail', NULL),
(1493, '2011-12-02 17:26:57', 'trucntt', 'act_add_compensation_detail', NULL),
(1494, '2011-12-02 17:27:18', 'trucntt', 'act_add_compensation', NULL),
(1495, '2011-12-02 17:27:31', 'trucntt', 'act_add_compensation_detail', NULL),
(1496, '2011-12-02 17:27:37', 'trucntt', 'act_add_compensation_detail', NULL),
(1497, '2011-12-02 17:27:42', 'trucntt', 'act_add_compensation_detail', NULL),
(1498, '2011-12-02 17:27:48', 'trucntt', 'act_add_compensation_detail', NULL);
INSERT INTO `log` (`id`, `action_date`, `user`, `action`, `note`) VALUES
(1499, '2011-12-02 17:27:54', 'trucntt', 'act_add_compensation_detail', NULL),
(1500, '2011-12-02 17:28:15', 'trucntt', 'act_add_compensation', NULL),
(1501, '2011-12-02 17:28:33', 'trucntt', 'act_add_compensation_detail', NULL),
(1502, '2011-12-02 17:28:40', 'trucntt', 'act_add_compensation_detail', NULL),
(1503, '2011-12-02 17:28:46', 'trucntt', 'act_add_compensation_detail', NULL),
(1504, '2011-12-02 17:29:08', 'trucntt', 'act_add_compensation', NULL),
(1505, '2011-12-02 17:29:19', 'trucntt', 'act_add_compensation_detail', NULL),
(1506, '2011-12-02 17:29:26', 'trucntt', 'act_add_compensation_detail', NULL),
(1507, '2011-12-02 17:29:47', 'trucntt', 'act_add_compensation', NULL),
(1508, '2011-12-02 17:29:58', 'trucntt', 'act_add_compensation_detail', NULL),
(1509, '2011-12-02 17:30:03', 'trucntt', 'act_add_compensation_detail', NULL),
(1510, '2011-12-02 17:30:20', 'trucntt', 'act_add_compensation', NULL),
(1511, '2011-12-02 17:30:33', 'trucntt', 'act_add_compensation_detail', NULL),
(1512, '2011-12-02 17:30:40', 'trucntt', 'act_add_compensation_detail', NULL),
(1513, '2011-12-02 17:30:51', 'trucntt', 'act_add_compensation_detail', NULL),
(1514, '2011-12-02 17:31:00', 'trucntt', 'act_add_compensation_detail', NULL),
(1515, '2011-12-02 17:31:21', 'trucntt', 'act_add_compensation_detail', NULL),
(1516, '2011-12-02 17:31:28', 'trucntt', 'act_add_compensation_detail', NULL),
(1517, '2011-12-02 17:31:37', 'trucntt', 'act_add_compensation_detail', NULL),
(1518, '2011-12-02 17:31:45', 'trucntt', 'act_add_compensation_detail', NULL),
(1519, '2011-12-02 17:32:25', 'trucntt', 'act_add_compensation_detail', NULL),
(1520, '2011-12-02 17:32:33', 'trucntt', 'act_add_compensation_detail', NULL),
(1521, '2011-12-02 17:32:41', 'trucntt', 'act_add_compensation_detail', NULL),
(1522, '2011-12-02 17:33:00', 'trucntt', 'act_add_compensation', NULL),
(1523, '2011-12-02 17:33:13', 'trucntt', 'act_add_compensation_detail', NULL),
(1524, '2011-12-02 17:33:19', 'trucntt', 'act_add_compensation_detail', NULL),
(1525, '2011-12-02 17:33:27', 'trucntt', 'act_add_compensation_detail', NULL),
(1526, '2011-12-02 17:33:32', 'trucntt', 'act_add_compensation_detail', NULL),
(1527, '2011-12-02 17:33:39', 'trucntt', 'act_add_compensation_detail', NULL),
(1528, '2011-12-02 17:33:45', 'trucntt', 'act_add_compensation_detail', NULL),
(1529, '2011-12-02 17:34:04', 'trucntt', 'act_add_compensation', NULL),
(1530, '2011-12-02 17:34:17', 'trucntt', 'act_add_compensation_detail', NULL),
(1531, '2011-12-02 17:34:33', 'trucntt', 'act_add_compensation', NULL),
(1532, '2011-12-02 17:34:49', 'trucntt', 'act_add_compensation_detail', NULL),
(1533, '2011-12-02 17:34:54', 'trucntt', 'act_add_compensation_detail', NULL),
(1534, '2011-12-02 17:35:13', 'trucntt', 'act_add_compensation', NULL),
(1535, '2011-12-02 17:35:23', 'trucntt', 'act_add_compensation_detail', NULL),
(1536, '2011-12-02 17:35:40', 'trucntt', 'act_add_compensation', NULL),
(1537, '2011-12-02 17:35:51', 'trucntt', 'act_add_compensation_detail', NULL),
(1538, '2011-12-02 17:36:08', 'trucntt', 'act_add_compensation', NULL),
(1539, '2011-12-02 17:36:21', 'trucntt', 'act_add_compensation_detail', NULL),
(1540, '2011-12-02 17:36:43', 'trucntt', 'act_add_compensation', NULL),
(1541, '2011-12-02 17:36:57', 'trucntt', 'act_add_compensation_detail', NULL),
(1542, '2011-12-02 17:37:02', 'trucntt', 'act_add_compensation_detail', NULL),
(1543, '2011-12-02 17:38:44', 'quyenlb', 'act_login', NULL),
(1544, '2011-12-02 17:39:43', 'quyenlb', 'act_deny_compensation', NULL),
(1545, '2011-12-02 17:40:05', 'quyenlb', 'act_exec_compensation', NULL),
(1546, '2011-12-05 17:31:17', 'trucntt', 'act_login', NULL),
(1547, '2011-12-05 17:34:20', 'trucntt', 'act_add_compensation', NULL),
(1548, '2011-12-05 17:34:29', 'trucntt', 'act_add_compensation_detail', NULL),
(1549, '2011-12-05 17:34:44', 'trucntt', 'act_add_compensation', NULL),
(1550, '2011-12-05 17:34:53', 'trucntt', 'act_add_compensation_detail', NULL),
(1551, '2011-12-05 17:35:21', 'trucntt', 'act_add_compensation', NULL),
(1552, '2011-12-05 17:35:29', 'trucntt', 'act_add_compensation_detail', NULL),
(1553, '2011-12-05 17:35:44', 'trucntt', 'act_add_compensation', NULL),
(1554, '2011-12-05 17:35:52', 'trucntt', 'act_add_compensation_detail', NULL),
(1555, '2011-12-05 17:36:06', 'trucntt', 'act_add_compensation', NULL),
(1556, '2011-12-05 17:36:13', 'trucntt', 'act_add_compensation_detail', NULL),
(1557, '2011-12-05 17:36:27', 'trucntt', 'act_add_compensation', NULL),
(1558, '2011-12-05 17:36:35', 'trucntt', 'act_add_compensation_detail', NULL),
(1559, '2011-12-05 17:36:51', 'trucntt', 'act_add_compensation', NULL),
(1560, '2011-12-05 17:37:01', 'trucntt', 'act_add_compensation_detail', NULL),
(1561, '2011-12-05 17:37:14', 'trucntt', 'act_add_compensation', NULL),
(1562, '2011-12-05 17:37:21', 'trucntt', 'act_add_compensation_detail', NULL),
(1563, '2011-12-05 17:37:59', 'trucntt', 'act_add_compensation', NULL),
(1564, '2011-12-05 17:38:07', 'trucntt', 'act_add_compensation_detail', NULL),
(1565, '2011-12-05 17:38:24', 'trucntt', 'act_add_compensation', NULL),
(1566, '2011-12-05 17:38:37', 'trucntt', 'act_add_compensation_detail', NULL),
(1567, '2011-12-05 17:39:19', 'trucntt', 'act_add_compensation', NULL),
(1568, '2011-12-05 17:39:27', 'trucntt', 'act_add_compensation_detail', NULL),
(1569, '2011-12-05 17:39:41', 'trucntt', 'act_add_compensation', NULL),
(1570, '2011-12-05 17:39:49', 'trucntt', 'act_add_compensation_detail', NULL),
(1571, '2011-12-05 17:40:07', 'trucntt', 'act_add_compensation', NULL),
(1572, '2011-12-05 17:40:15', 'trucntt', 'act_add_compensation_detail', NULL),
(1573, '2011-12-05 17:40:28', 'trucntt', 'act_add_compensation', NULL),
(1574, '2011-12-05 17:40:36', 'trucntt', 'act_add_compensation_detail', NULL),
(1575, '2011-12-05 17:40:52', 'trucntt', 'act_add_compensation', NULL),
(1576, '2011-12-05 17:40:58', 'trucntt', 'act_add_compensation_detail', NULL),
(1577, '2011-12-05 17:41:11', 'trucntt', 'act_add_compensation', NULL),
(1578, '2011-12-05 17:41:22', 'trucntt', 'act_add_compensation_detail', NULL),
(1579, '2011-12-05 17:41:41', 'trucntt', 'act_add_compensation', NULL),
(1580, '2011-12-05 17:41:50', 'trucntt', 'act_add_compensation_detail', NULL),
(1581, '2011-12-05 17:42:05', 'trucntt', 'act_add_compensation', NULL),
(1582, '2011-12-05 17:42:19', 'trucntt', 'act_add_compensation_detail', NULL),
(1583, '2011-12-05 17:42:34', 'trucntt', 'act_add_compensation', NULL),
(1584, '2011-12-05 17:42:44', 'trucntt', 'act_add_compensation_detail', NULL),
(1585, '2011-12-05 17:42:57', 'trucntt', 'act_add_compensation', NULL),
(1586, '2011-12-05 17:43:08', 'trucntt', 'act_add_compensation_detail', NULL),
(1587, '2011-12-05 17:43:23', 'trucntt', 'act_add_compensation', NULL),
(1588, '2011-12-05 17:43:32', 'trucntt', 'act_add_compensation_detail', NULL),
(1589, '2011-12-05 17:43:46', 'trucntt', 'act_add_compensation', NULL),
(1590, '2011-12-05 17:43:53', 'trucntt', 'act_add_compensation_detail', NULL),
(1591, '2011-12-05 17:44:07', 'trucntt', 'act_add_compensation', NULL),
(1592, '2011-12-05 17:44:15', 'trucntt', 'act_add_compensation_detail', NULL),
(1593, '2011-12-05 17:44:29', 'trucntt', 'act_add_compensation', NULL),
(1594, '2011-12-05 17:44:36', 'trucntt', 'act_add_compensation_detail', NULL),
(1595, '2011-12-05 17:44:51', 'trucntt', 'act_add_compensation', NULL),
(1596, '2011-12-05 17:44:59', 'trucntt', 'act_add_compensation_detail', NULL),
(1597, '2011-12-05 17:45:33', 'trucntt', 'act_add_compensation', NULL),
(1598, '2011-12-05 17:45:39', 'trucntt', 'act_add_compensation_detail', NULL),
(1599, '2011-12-05 17:46:00', 'trucntt', 'act_add_compensation', NULL),
(1600, '2011-12-05 17:46:08', 'trucntt', 'act_add_compensation_detail', NULL),
(1601, '2011-12-05 17:46:22', 'trucntt', 'act_add_compensation', NULL),
(1602, '2011-12-05 17:46:28', 'trucntt', 'act_add_compensation_detail', NULL),
(1603, '2011-12-05 17:46:41', 'trucntt', 'act_add_compensation', NULL),
(1604, '2011-12-05 17:46:49', 'trucntt', 'act_add_compensation_detail', NULL),
(1605, '2011-12-05 17:47:06', 'trucntt', 'act_add_compensation', NULL),
(1606, '2011-12-05 17:47:14', 'trucntt', 'act_add_compensation_detail', NULL),
(1607, '2011-12-05 17:47:29', 'trucntt', 'act_add_compensation', NULL),
(1608, '2011-12-05 17:47:37', 'trucntt', 'act_add_compensation_detail', NULL),
(1609, '2011-12-05 17:47:51', 'trucntt', 'act_add_compensation', NULL),
(1610, '2011-12-05 17:47:59', 'trucntt', 'act_add_compensation_detail', NULL),
(1611, '2011-12-05 17:48:18', 'trucntt', 'act_add_compensation', NULL),
(1612, '2011-12-05 17:48:27', 'trucntt', 'act_add_compensation_detail', NULL),
(1613, '2011-12-05 17:48:40', 'trucntt', 'act_add_compensation', NULL),
(1614, '2011-12-05 17:48:51', 'trucntt', 'act_add_compensation_detail', NULL),
(1615, '2011-12-05 17:49:05', 'trucntt', 'act_add_compensation', NULL),
(1616, '2011-12-05 17:49:14', 'trucntt', 'act_add_compensation_detail', NULL),
(1617, '2011-12-05 17:49:28', 'trucntt', 'act_add_compensation', NULL),
(1618, '2011-12-05 17:49:38', 'trucntt', 'act_add_compensation_detail', NULL),
(1619, '2011-12-05 17:49:54', 'trucntt', 'act_add_compensation', NULL),
(1620, '2011-12-05 17:50:02', 'trucntt', 'act_add_compensation_detail', NULL),
(1621, '2011-12-05 17:50:15', 'trucntt', 'act_add_compensation', NULL),
(1622, '2011-12-05 17:50:24', 'trucntt', 'act_add_compensation_detail', NULL),
(1623, '2011-12-05 17:50:39', 'trucntt', 'act_add_compensation', NULL),
(1624, '2011-12-05 17:50:56', 'trucntt', 'act_add_compensation_detail', NULL),
(1625, '2011-12-05 17:51:10', 'trucntt', 'act_add_compensation', NULL),
(1626, '2011-12-05 17:51:19', 'trucntt', 'act_add_compensation_detail', NULL),
(1627, '2011-12-06 09:29:59', 'trucntt', 'act_login', NULL),
(1628, '2011-12-06 09:59:24', 'trucntt', 'act_add_compensation', NULL),
(1629, '2011-12-06 09:59:35', 'trucntt', 'act_add_compensation_detail', NULL),
(1630, '2011-12-06 09:59:52', 'trucntt', 'act_add_compensation', NULL),
(1631, '2011-12-06 10:00:02', 'trucntt', 'act_add_compensation_detail', NULL),
(1632, '2011-12-06 10:02:17', 'trucntt', 'act_add_compensation', NULL),
(1633, '2011-12-06 10:02:25', 'trucntt', 'act_add_compensation_detail', NULL),
(1634, '2011-12-06 10:02:46', 'trucntt', 'act_add_compensation', NULL),
(1635, '2011-12-06 10:02:54', 'trucntt', 'act_add_compensation_detail', NULL),
(1636, '2011-12-06 10:03:12', 'trucntt', 'act_add_compensation', NULL),
(1637, '2011-12-06 10:03:19', 'trucntt', 'act_add_compensation_detail', NULL),
(1638, '2011-12-06 10:03:33', 'trucntt', 'act_add_compensation', NULL),
(1639, '2011-12-06 10:03:41', 'trucntt', 'act_add_compensation_detail', NULL),
(1640, '2011-12-06 10:03:59', 'trucntt', 'act_add_compensation', NULL),
(1641, '2011-12-06 10:04:08', 'trucntt', 'act_add_compensation_detail', NULL),
(1642, '2011-12-06 10:04:26', 'trucntt', 'act_add_compensation', NULL),
(1643, '2011-12-06 10:04:32', 'trucntt', 'act_add_compensation_detail', NULL),
(1644, '2011-12-06 10:04:47', 'trucntt', 'act_add_compensation', NULL),
(1645, '2011-12-06 10:04:54', 'trucntt', 'act_add_compensation_detail', NULL),
(1646, '2011-12-06 10:05:09', 'trucntt', 'act_add_compensation', NULL),
(1647, '2011-12-06 10:05:17', 'trucntt', 'act_add_compensation_detail', NULL),
(1648, '2011-12-06 10:05:32', 'trucntt', 'act_add_compensation', NULL),
(1649, '2011-12-06 10:05:40', 'trucntt', 'act_add_compensation_detail', NULL),
(1650, '2011-12-06 10:05:55', 'trucntt', 'act_add_compensation', NULL),
(1651, '2011-12-06 10:06:06', 'trucntt', 'act_add_compensation_detail', NULL),
(1652, '2011-12-06 10:06:22', 'trucntt', 'act_add_compensation', NULL),
(1653, '2011-12-06 10:06:31', 'trucntt', 'act_add_compensation_detail', NULL),
(1654, '2011-12-06 10:06:44', 'trucntt', 'act_add_compensation', NULL),
(1655, '2011-12-06 10:06:52', 'trucntt', 'act_add_compensation_detail', NULL),
(1656, '2011-12-06 10:07:05', 'trucntt', 'act_add_compensation', NULL),
(1657, '2011-12-06 10:07:13', 'trucntt', 'act_add_compensation_detail', NULL),
(1658, '2011-12-06 10:07:29', 'trucntt', 'act_add_compensation', NULL),
(1659, '2011-12-06 10:07:36', 'trucntt', 'act_add_compensation_detail', NULL),
(1660, '2011-12-06 10:07:51', 'trucntt', 'act_add_compensation', NULL),
(1661, '2011-12-06 10:07:59', 'trucntt', 'act_add_compensation_detail', NULL),
(1662, '2011-12-06 10:08:14', 'trucntt', 'act_add_compensation', NULL),
(1663, '2011-12-06 10:08:23', 'trucntt', 'act_add_compensation_detail', NULL),
(1664, '2011-12-06 10:08:36', 'trucntt', 'act_add_compensation', NULL),
(1665, '2011-12-06 10:08:45', 'trucntt', 'act_add_compensation_detail', NULL),
(1666, '2011-12-06 10:08:58', 'trucntt', 'act_add_compensation', NULL),
(1667, '2011-12-06 10:09:08', 'trucntt', 'act_add_compensation_detail', NULL),
(1668, '2011-12-06 10:09:27', 'trucntt', 'act_add_compensation', NULL),
(1669, '2011-12-06 10:09:36', 'trucntt', 'act_add_compensation_detail', NULL),
(1670, '2011-12-06 10:09:50', 'trucntt', 'act_add_compensation', NULL),
(1671, '2011-12-06 10:09:57', 'trucntt', 'act_add_compensation_detail', NULL),
(1672, '2011-12-06 10:10:11', 'trucntt', 'act_add_compensation', NULL),
(1673, '2011-12-06 10:10:18', 'trucntt', 'act_add_compensation_detail', NULL),
(1674, '2011-12-06 10:10:32', 'trucntt', 'act_add_compensation', NULL),
(1675, '2011-12-06 10:10:39', 'trucntt', 'act_add_compensation_detail', NULL),
(1676, '2011-12-06 10:10:52', 'trucntt', 'act_add_compensation', NULL),
(1677, '2011-12-06 10:10:59', 'trucntt', 'act_add_compensation_detail', NULL),
(1678, '2011-12-06 10:11:12', 'trucntt', 'act_add_compensation', NULL),
(1679, '2011-12-06 10:11:19', 'trucntt', 'act_add_compensation_detail', NULL),
(1680, '2011-12-06 10:11:39', 'trucntt', 'act_add_compensation', NULL),
(1681, '2011-12-06 10:11:47', 'trucntt', 'act_add_compensation_detail', NULL),
(1682, '2011-12-06 10:12:01', 'trucntt', 'act_add_compensation', NULL),
(1683, '2011-12-06 10:12:08', 'trucntt', 'act_add_compensation_detail', NULL),
(1684, '2011-12-06 10:12:23', 'trucntt', 'act_add_compensation', NULL),
(1685, '2011-12-06 10:12:30', 'trucntt', 'act_add_compensation_detail', NULL),
(1686, '2011-12-06 10:12:46', 'trucntt', 'act_add_compensation', NULL),
(1687, '2011-12-06 10:12:57', 'trucntt', 'act_add_compensation_detail', NULL),
(1688, '2011-12-06 10:13:10', 'trucntt', 'act_add_compensation', NULL),
(1689, '2011-12-06 10:13:24', 'trucntt', 'act_add_compensation_detail', NULL),
(1690, '2011-12-06 10:13:45', 'trucntt', 'act_add_compensation', NULL),
(1691, '2011-12-06 10:13:52', 'trucntt', 'act_add_compensation_detail', NULL),
(1692, '2011-12-06 10:14:09', 'trucntt', 'act_add_compensation', NULL),
(1693, '2011-12-06 10:14:16', 'trucntt', 'act_add_compensation_detail', NULL),
(1694, '2011-12-06 10:14:30', 'trucntt', 'act_add_compensation', NULL),
(1695, '2011-12-06 10:14:39', 'trucntt', 'act_add_compensation_detail', NULL),
(1696, '2011-12-06 10:14:53', 'trucntt', 'act_add_compensation', NULL),
(1697, '2011-12-06 10:15:01', 'trucntt', 'act_add_compensation_detail', NULL),
(1698, '2011-12-06 10:16:04', 'trucntt', 'act_add_compensation', NULL),
(1699, '2011-12-06 10:16:11', 'trucntt', 'act_add_compensation_detail', NULL),
(1700, '2011-12-06 10:16:25', 'trucntt', 'act_add_compensation', NULL),
(1701, '2011-12-06 10:16:34', 'trucntt', 'act_add_compensation_detail', NULL),
(1702, '2011-12-06 10:16:48', 'trucntt', 'act_add_compensation', NULL),
(1703, '2011-12-06 10:16:58', 'trucntt', 'act_add_compensation_detail', NULL),
(1704, '2011-12-06 10:17:17', 'trucntt', 'act_add_compensation', NULL),
(1705, '2011-12-06 10:17:25', 'trucntt', 'act_add_compensation_detail', NULL),
(1706, '2011-12-06 10:17:42', 'trucntt', 'act_add_compensation', NULL),
(1707, '2011-12-06 10:17:51', 'trucntt', 'act_add_compensation_detail', NULL),
(1708, '2011-12-06 10:20:18', 'trucntt', 'act_add_compensation', NULL),
(1709, '2011-12-06 10:20:28', 'trucntt', 'act_add_compensation_detail', NULL),
(1710, '2011-12-06 10:20:42', 'trucntt', 'act_add_compensation', NULL),
(1711, '2011-12-06 10:20:49', 'trucntt', 'act_add_compensation_detail', NULL),
(1712, '2011-12-06 10:21:03', 'trucntt', 'act_add_compensation', NULL),
(1713, '2011-12-06 10:21:11', 'trucntt', 'act_add_compensation_detail', NULL),
(1714, '2011-12-06 10:21:25', 'trucntt', 'act_add_compensation', NULL),
(1715, '2011-12-06 10:21:32', 'trucntt', 'act_add_compensation_detail', NULL),
(1716, '2011-12-06 10:21:46', 'trucntt', 'act_add_compensation', NULL),
(1717, '2011-12-06 10:21:53', 'trucntt', 'act_add_compensation_detail', NULL),
(1718, '2011-12-06 10:22:05', 'trucntt', 'act_add_compensation', NULL),
(1719, '2011-12-06 10:22:12', 'trucntt', 'act_add_compensation_detail', NULL),
(1720, '2011-12-06 10:22:26', 'trucntt', 'act_add_compensation', NULL),
(1721, '2011-12-06 10:22:33', 'trucntt', 'act_add_compensation_detail', NULL),
(1722, '2011-12-06 10:22:46', 'trucntt', 'act_add_compensation', NULL),
(1723, '2011-12-06 10:22:53', 'trucntt', 'act_add_compensation_detail', NULL),
(1724, '2011-12-06 10:23:06', 'trucntt', 'act_add_compensation', NULL),
(1725, '2011-12-06 10:23:14', 'trucntt', 'act_add_compensation_detail', NULL),
(1726, '2011-12-06 10:23:54', 'trucntt', 'act_add_compensation', NULL),
(1727, '2011-12-06 10:24:00', 'trucntt', 'act_add_compensation_detail', NULL),
(1728, '2011-12-06 10:24:14', 'trucntt', 'act_add_compensation', NULL),
(1729, '2011-12-06 10:24:22', 'trucntt', 'act_add_compensation_detail', NULL),
(1730, '2011-12-06 10:24:34', 'trucntt', 'act_add_compensation', NULL),
(1731, '2011-12-06 10:24:41', 'trucntt', 'act_add_compensation_detail', NULL),
(1732, '2011-12-06 10:24:54', 'trucntt', 'act_add_compensation', NULL),
(1733, '2011-12-06 10:25:01', 'trucntt', 'act_add_compensation_detail', NULL),
(1734, '2011-12-06 10:25:16', 'trucntt', 'act_add_compensation', NULL),
(1735, '2011-12-06 10:25:24', 'trucntt', 'act_add_compensation_detail', NULL),
(1736, '2011-12-06 10:25:46', 'trucntt', 'act_add_compensation', NULL),
(1737, '2011-12-06 10:25:53', 'trucntt', 'act_add_compensation_detail', NULL),
(1738, '2011-12-06 10:26:08', 'trucntt', 'act_add_compensation', NULL),
(1739, '2011-12-06 10:26:18', 'trucntt', 'act_add_compensation_detail', NULL),
(1740, '2011-12-06 10:26:32', 'trucntt', 'act_add_compensation', NULL),
(1741, '2011-12-06 10:26:41', 'trucntt', 'act_add_compensation_detail', NULL),
(1742, '2011-12-06 10:26:57', 'trucntt', 'act_add_compensation', NULL),
(1743, '2011-12-06 10:27:05', 'trucntt', 'act_add_compensation_detail', NULL),
(1744, '2011-12-06 10:27:18', 'trucntt', 'act_add_compensation', NULL),
(1745, '2011-12-06 10:27:27', 'trucntt', 'act_add_compensation_detail', NULL),
(1746, '2011-12-06 10:27:42', 'trucntt', 'act_add_compensation', NULL),
(1747, '2011-12-06 10:27:51', 'trucntt', 'act_add_compensation_detail', NULL),
(1748, '2011-12-06 10:28:06', 'trucntt', 'act_add_compensation', NULL),
(1749, '2011-12-06 10:28:18', 'trucntt', 'act_add_compensation_detail', NULL),
(1750, '2011-12-06 10:28:31', 'trucntt', 'act_add_compensation', NULL),
(1751, '2011-12-06 10:28:37', 'trucntt', 'act_add_compensation_detail', NULL),
(1752, '2011-12-06 10:30:45', 'trucntt', 'act_add_compensation', NULL),
(1753, '2011-12-06 10:30:59', 'trucntt', 'act_add_compensation', NULL),
(1754, '2011-12-06 10:31:06', 'trucntt', 'act_add_compensation_detail', NULL),
(1755, '2011-12-06 10:31:22', 'trucntt', 'act_add_compensation', NULL),
(1756, '2011-12-06 10:31:29', 'trucntt', 'act_add_compensation_detail', NULL),
(1757, '2011-12-06 10:32:22', 'trucntt', 'act_add_compensation', NULL),
(1758, '2011-12-06 10:32:33', 'trucntt', 'act_add_compensation_detail', NULL),
(1759, '2011-12-06 10:32:48', 'trucntt', 'act_add_compensation', NULL),
(1760, '2011-12-06 10:32:56', 'trucntt', 'act_add_compensation_detail', NULL),
(1761, '2011-12-06 10:33:13', 'trucntt', 'act_add_compensation', NULL),
(1762, '2011-12-06 10:34:06', 'trucntt', 'act_add_compensation_detail', NULL),
(1763, '2011-12-06 10:34:28', 'trucntt', 'act_add_compensation', NULL),
(1764, '2011-12-06 10:34:36', 'trucntt', 'act_add_compensation_detail', NULL),
(1765, '2011-12-06 10:34:50', 'trucntt', 'act_add_compensation', NULL),
(1766, '2011-12-06 10:35:05', 'trucntt', 'act_add_compensation_detail', NULL),
(1767, '2011-12-06 10:35:42', 'trucntt', 'act_add_compensation', NULL),
(1768, '2011-12-06 10:35:50', 'trucntt', 'act_add_compensation_detail', NULL),
(1769, '2011-12-06 10:36:07', 'trucntt', 'act_add_compensation', NULL),
(1770, '2011-12-06 10:36:14', 'trucntt', 'act_add_compensation_detail', NULL),
(1771, '2011-12-06 10:36:32', 'trucntt', 'act_add_compensation', NULL),
(1772, '2011-12-06 10:36:40', 'trucntt', 'act_add_compensation_detail', NULL),
(1773, '2011-12-06 10:36:54', 'trucntt', 'act_add_compensation', NULL),
(1774, '2011-12-06 10:37:01', 'trucntt', 'act_add_compensation_detail', NULL),
(1775, '2011-12-06 10:37:17', 'trucntt', 'act_add_compensation', NULL),
(1776, '2011-12-06 10:37:26', 'trucntt', 'act_add_compensation_detail', NULL),
(1777, '2011-12-06 10:37:40', 'trucntt', 'act_add_compensation', NULL),
(1778, '2011-12-06 10:37:49', 'trucntt', 'act_add_compensation_detail', NULL),
(1779, '2011-12-06 10:38:04', 'trucntt', 'act_add_compensation', NULL),
(1780, '2011-12-06 10:38:13', 'trucntt', 'act_add_compensation_detail', NULL),
(1781, '2011-12-06 10:38:29', 'trucntt', 'act_add_compensation', NULL),
(1782, '2011-12-06 10:38:38', 'trucntt', 'act_add_compensation_detail', NULL),
(1783, '2011-12-06 10:38:51', 'trucntt', 'act_add_compensation', NULL),
(1784, '2011-12-06 10:39:00', 'trucntt', 'act_add_compensation_detail', NULL),
(1785, '2011-12-06 10:39:17', 'trucntt', 'act_add_compensation', NULL),
(1786, '2011-12-06 10:39:27', 'trucntt', 'act_add_compensation_detail', NULL),
(1787, '2011-12-06 10:39:43', 'trucntt', 'act_add_compensation', NULL),
(1788, '2011-12-06 10:39:52', 'trucntt', 'act_add_compensation_detail', NULL),
(1789, '2011-12-06 10:40:46', 'trucntt', 'act_add_compensation', NULL),
(1790, '2011-12-06 10:40:54', 'trucntt', 'act_add_compensation_detail', NULL),
(1791, '2011-12-06 10:41:08', 'trucntt', 'act_add_compensation', NULL),
(1792, '2011-12-06 10:41:16', 'trucntt', 'act_add_compensation_detail', NULL),
(1793, '2011-12-06 10:41:29', 'trucntt', 'act_add_compensation', NULL),
(1794, '2011-12-06 10:41:36', 'trucntt', 'act_add_compensation_detail', NULL),
(1795, '2011-12-06 10:41:49', 'trucntt', 'act_add_compensation', NULL),
(1796, '2011-12-06 10:41:56', 'trucntt', 'act_add_compensation_detail', NULL),
(1797, '2011-12-06 10:42:10', 'trucntt', 'act_add_compensation', NULL),
(1798, '2011-12-06 10:42:17', 'trucntt', 'act_add_compensation_detail', NULL),
(1799, '2011-12-06 10:42:40', 'trucntt', 'act_add_compensation', NULL),
(1800, '2011-12-06 10:42:47', 'trucntt', 'act_add_compensation_detail', NULL),
(1801, '2011-12-06 10:43:03', 'trucntt', 'act_add_compensation', NULL),
(1802, '2011-12-06 10:43:10', 'trucntt', 'act_add_compensation_detail', NULL),
(1803, '2011-12-06 10:43:22', 'trucntt', 'act_add_compensation', NULL),
(1804, '2011-12-06 10:43:30', 'trucntt', 'act_add_compensation_detail', NULL),
(1805, '2011-12-06 10:43:43', 'trucntt', 'act_add_compensation', NULL),
(1806, '2011-12-06 10:43:50', 'trucntt', 'act_add_compensation_detail', NULL),
(1807, '2011-12-06 10:44:03', 'trucntt', 'act_add_compensation', NULL),
(1808, '2011-12-06 10:44:11', 'trucntt', 'act_add_compensation_detail', NULL),
(1809, '2011-12-06 10:44:24', 'trucntt', 'act_add_compensation', NULL),
(1810, '2011-12-06 10:44:31', 'trucntt', 'act_add_compensation_detail', NULL),
(1811, '2011-12-06 10:44:44', 'trucntt', 'act_add_compensation', NULL),
(1812, '2011-12-06 10:44:52', 'trucntt', 'act_add_compensation_detail', NULL),
(1813, '2011-12-06 10:45:06', 'trucntt', 'act_add_compensation', NULL),
(1814, '2011-12-06 10:45:14', 'trucntt', 'act_add_compensation_detail', NULL),
(1815, '2011-12-06 10:45:28', 'trucntt', 'act_add_compensation', NULL),
(1816, '2011-12-06 10:45:36', 'trucntt', 'act_add_compensation_detail', NULL),
(1817, '2011-12-06 10:45:49', 'trucntt', 'act_add_compensation', NULL),
(1818, '2011-12-06 10:45:56', 'trucntt', 'act_add_compensation_detail', NULL),
(1819, '2011-12-06 10:46:09', 'trucntt', 'act_add_compensation', NULL),
(1820, '2011-12-06 10:46:17', 'trucntt', 'act_add_compensation_detail', NULL),
(1821, '2011-12-06 10:46:32', 'trucntt', 'act_add_compensation', NULL),
(1822, '2011-12-06 10:46:42', 'trucntt', 'act_add_compensation_detail', NULL),
(1823, '2011-12-06 10:46:56', 'trucntt', 'act_add_compensation', NULL),
(1824, '2011-12-06 10:47:04', 'trucntt', 'act_add_compensation_detail', NULL),
(1825, '2011-12-06 10:59:14', 'minhvh', 'act_login', NULL),
(1826, '2011-12-06 11:00:33', 'trucntt', 'act_add_compensation', NULL),
(1827, '2011-12-06 11:00:44', 'trucntt', 'act_add_compensation_detail', NULL),
(1828, '2011-12-06 11:01:16', 'trucntt', 'act_add_compensation', NULL),
(1829, '2011-12-06 11:04:27', 'admin', 'act_login', NULL),
(1830, '2011-12-06 11:18:31', 'admin', 'act_login', NULL),
(1831, '2011-12-06 11:20:36', 'trucntt', 'act_add_compensation_detail', NULL),
(1832, '2011-12-06 11:20:43', 'trucntt', 'act_add_compensation_detail', NULL),
(1833, '2011-12-06 11:20:49', 'trucntt', 'act_add_compensation_detail', NULL),
(1834, '2011-12-06 11:20:56', 'trucntt', 'act_add_compensation_detail', NULL),
(1835, '2011-12-06 11:21:28', 'trucntt', 'act_add_compensation', NULL),
(1836, '2011-12-06 11:21:36', 'trucntt', 'act_add_compensation_detail', NULL),
(1837, '2011-12-06 11:21:57', 'trucntt', 'act_add_compensation', NULL),
(1838, '2011-12-06 11:22:06', 'trucntt', 'act_add_compensation_detail', NULL),
(1839, '2011-12-06 11:22:30', 'trucntt', 'act_add_compensation', NULL),
(1840, '2011-12-06 11:22:40', 'trucntt', 'act_add_compensation_detail', NULL),
(1841, '2011-12-06 11:23:10', 'trucntt', 'act_add_compensation', NULL),
(1842, '2011-12-06 11:23:20', 'trucntt', 'act_add_compensation_detail', NULL),
(1843, '2011-12-06 11:23:28', 'trucntt', 'act_add_compensation_detail', NULL),
(1844, '2011-12-06 11:23:51', 'trucntt', 'act_add_compensation', NULL),
(1845, '2011-12-06 11:24:02', 'trucntt', 'act_add_compensation_detail', NULL),
(1846, '2011-12-06 11:24:19', 'trucntt', 'act_add_compensation', NULL),
(1847, '2011-12-06 11:24:27', 'trucntt', 'act_add_compensation_detail', NULL),
(1848, '2011-12-06 11:24:35', 'trucntt', 'act_add_compensation_detail', NULL),
(1849, '2011-12-06 11:24:55', 'trucntt', 'act_add_compensation', NULL),
(1850, '2011-12-06 11:25:10', 'trucntt', 'act_add_compensation_detail', NULL),
(1851, '2011-12-06 11:25:31', 'trucntt', 'act_add_compensation_detail', NULL),
(1852, '2011-12-06 11:25:41', 'trucntt', 'act_add_compensation_detail', NULL),
(1853, '2011-12-06 11:25:52', 'trucntt', 'act_add_compensation_detail', NULL),
(1854, '2011-12-06 11:26:02', 'trucntt', 'act_add_compensation_detail', NULL),
(1855, '2011-12-06 11:26:13', 'trucntt', 'act_add_compensation_detail', NULL),
(1856, '2011-12-06 11:26:23', 'trucntt', 'act_add_compensation_detail', NULL),
(1857, '2011-12-06 11:26:34', 'trucntt', 'act_add_compensation_detail', NULL),
(1858, '2011-12-06 11:26:46', 'trucntt', 'act_add_compensation_detail', NULL),
(1859, '2011-12-06 11:26:58', 'trucntt', 'act_add_compensation_detail', NULL),
(1860, '2011-12-06 11:27:06', 'trucntt', 'act_add_compensation_detail', NULL),
(1861, '2011-12-06 11:27:18', 'trucntt', 'act_add_compensation_detail', NULL),
(1862, '2011-12-06 11:27:27', 'trucntt', 'act_add_compensation_detail', NULL),
(1863, '2011-12-06 11:27:41', 'trucntt', 'act_add_compensation_detail', NULL),
(1864, '2011-12-06 11:32:34', 'trucntt', 'act_add_compensation', NULL),
(1865, '2011-12-06 11:32:47', 'trucntt', 'act_add_compensation_detail', NULL),
(1866, '2011-12-06 11:33:56', 'trucntt', 'act_add_compensation', NULL),
(1867, '2011-12-06 11:34:07', 'trucntt', 'act_add_compensation_detail', NULL),
(1868, '2011-12-06 11:34:27', 'trucntt', 'act_add_compensation', NULL),
(1869, '2011-12-06 11:34:37', 'trucntt', 'act_add_compensation_detail', NULL),
(1870, '2011-12-06 11:35:00', 'trucntt', 'act_add_compensation', NULL),
(1871, '2011-12-06 11:35:13', 'trucntt', 'act_add_compensation_detail', NULL),
(1872, '2011-12-06 11:35:25', 'trucntt', 'act_add_compensation_detail', NULL),
(1873, '2011-12-06 11:35:31', 'trucntt', 'act_add_compensation_detail', NULL),
(1874, '2011-12-06 11:35:39', 'trucntt', 'act_add_compensation_detail', NULL),
(1875, '2011-12-06 11:36:00', 'trucntt', 'act_add_compensation', NULL),
(1876, '2011-12-06 11:36:12', 'trucntt', 'act_add_compensation_detail', NULL),
(1877, '2011-12-06 11:36:31', 'trucntt', 'act_add_compensation', NULL),
(1878, '2011-12-06 11:36:44', 'trucntt', 'act_add_compensation_detail', NULL),
(1879, '2011-12-06 11:36:51', 'trucntt', 'act_add_compensation_detail', NULL),
(1880, '2011-12-06 11:36:59', 'trucntt', 'act_add_compensation_detail', NULL),
(1881, '2011-12-06 11:37:04', 'trucntt', 'act_add_compensation_detail', NULL),
(1882, '2011-12-06 11:37:10', 'trucntt', 'act_add_compensation_detail', NULL),
(1883, '2011-12-06 11:37:30', 'trucntt', 'act_add_compensation', NULL),
(1884, '2011-12-06 11:37:42', 'trucntt', 'act_add_compensation_detail', NULL),
(1885, '2011-12-06 11:38:03', 'trucntt', 'act_add_compensation', NULL),
(1886, '2011-12-06 11:38:18', 'trucntt', 'act_add_compensation_detail', NULL),
(1887, '2011-12-06 11:38:37', 'trucntt', 'act_add_compensation', NULL),
(1888, '2011-12-06 11:38:48', 'trucntt', 'act_add_compensation_detail', NULL),
(1889, '2011-12-06 11:39:06', 'quyenlb', 'act_login', NULL),
(1890, '2011-12-06 11:56:57', 'quyenlb', 'act_deny_compensation', NULL),
(1891, '2011-12-06 11:57:24', 'quyenlb', 'act_exec_compensation', NULL),
(1892, '2011-12-06 14:01:05', 'quyenlb', 'act_deny_compensation', NULL),
(1893, '2011-12-06 14:01:07', 'quyenlb', 'act_deny_compensation', NULL),
(1894, '2011-12-06 14:01:09', 'quyenlb', 'act_deny_compensation', NULL),
(1895, '2011-12-06 14:01:12', 'quyenlb', 'act_deny_compensation', NULL),
(1896, '2011-12-06 14:01:18', 'quyenlb', 'act_deny_compensation', NULL),
(1897, '2011-12-06 14:01:23', 'quyenlb', 'act_deny_compensation', NULL),
(1898, '2011-12-06 14:01:25', 'quyenlb', 'act_deny_compensation', NULL),
(1899, '2011-12-06 14:01:35', 'quyenlb', 'act_exec_compensation', NULL),
(1900, '2011-12-06 14:01:48', 'quyenlb', 'act_exec_compensation', NULL),
(1901, '2011-12-06 14:02:20', 'quyenlb', 'act_exec_compensation', NULL),
(1902, '2011-12-06 14:03:49', 'quyenlb', 'act_deny_compensation', NULL),
(1903, '2011-12-06 14:04:06', 'trucntt', 'act_add_compensation_detail', NULL),
(1904, '2011-12-06 14:04:42', 'admin', 'act_login', NULL),
(1905, '2011-12-06 14:16:38', 'minhvh', 'act_login', NULL),
(1906, '2011-12-06 14:23:59', 'quyenlb', 'act_deny_compensation', NULL),
(1907, '2011-12-06 14:24:04', 'quyenlb', 'act_exec_compensation', NULL),
(1908, '2011-12-06 14:25:52', 'trucntt', 'act_add_compensation', NULL),
(1909, '2011-12-06 14:26:05', 'trucntt', 'act_add_compensation_detail', NULL),
(1910, '2011-12-06 14:26:23', 'trucntt', 'act_add_compensation', NULL),
(1911, '2011-12-06 14:26:33', 'trucntt', 'act_add_compensation_detail', NULL),
(1912, '2011-12-06 14:26:51', 'trucntt', 'act_add_compensation', NULL),
(1913, '2011-12-06 14:26:59', 'trucntt', 'act_add_compensation_detail', NULL),
(1914, '2011-12-06 14:27:20', 'trucntt', 'act_add_compensation', NULL),
(1915, '2011-12-06 14:27:29', 'trucntt', 'act_add_compensation_detail', NULL),
(1916, '2011-12-06 14:29:31', 'trucntt', 'act_add_compensation', NULL),
(1917, '2011-12-06 14:29:40', 'trucntt', 'act_add_compensation_detail', NULL),
(1918, '2011-12-06 14:29:58', 'trucntt', 'act_add_compensation', NULL),
(1919, '2011-12-06 14:30:06', 'trucntt', 'act_add_compensation_detail', NULL),
(1920, '2011-12-06 14:30:24', 'trucntt', 'act_add_compensation', NULL),
(1921, '2011-12-06 14:30:31', 'trucntt', 'act_add_compensation_detail', NULL),
(1922, '2011-12-06 14:30:47', 'trucntt', 'act_add_compensation', NULL),
(1923, '2011-12-06 14:30:55', 'trucntt', 'act_add_compensation_detail', NULL),
(1924, '2011-12-06 14:31:10', 'trucntt', 'act_add_compensation', NULL),
(1925, '2011-12-06 14:31:22', 'trucntt', 'act_add_compensation_detail', NULL),
(1926, '2011-12-06 14:31:42', 'trucntt', 'act_add_compensation', NULL),
(1927, '2011-12-06 14:31:54', 'trucntt', 'act_add_compensation_detail', NULL),
(1928, '2011-12-06 14:32:45', 'trucntt', 'act_add_compensation', NULL),
(1929, '2011-12-06 14:32:55', 'trucntt', 'act_add_compensation_detail', NULL),
(1930, '2011-12-06 14:33:13', 'trucntt', 'act_add_compensation', NULL),
(1931, '2011-12-06 14:33:25', 'trucntt', 'act_add_compensation_detail', NULL),
(1932, '2011-12-06 14:43:59', 'quyenlb', 'act_deny_compensation', NULL),
(1933, '2011-12-06 14:44:04', 'quyenlb', 'act_exec_compensation', NULL),
(1934, '2011-12-06 15:02:24', 'dinhlhn', 'act_login', NULL),
(1935, '2011-12-06 17:09:03', 'trucntt', 'act_login', NULL),
(1936, '2011-12-06 17:12:19', 'trucntt', 'act_edit_notice', NULL),
(1937, '2011-12-06 17:12:37', 'trucntt', 'act_edit_notice', NULL),
(1938, '2011-12-06 17:15:24', 'trucntt', 'act_edit_notice', NULL),
(1939, '2011-12-06 17:35:56', 'admin', 'act_login', NULL),
(1940, '2011-12-06 17:39:53', 'admin', 'act_login', NULL),
(1941, '2011-12-06 17:53:17', 'quyenlb', 'act_login', NULL),
(1942, '2011-12-07 11:26:22', 'trucntt', 'act_login', NULL),
(1943, '2011-12-07 11:29:06', 'trucntt', 'act_add_compensation', NULL),
(1944, '2011-12-07 11:29:29', 'trucntt', 'act_add_compensation_detail', NULL),
(1945, '2011-12-07 11:31:23', 'quyenlb', 'act_edit_compensation', NULL),
(1946, '2011-12-07 11:31:27', 'quyenlb', 'act_edit_compensation', NULL),
(1947, '2011-12-07 11:36:23', 'quyenlb', 'act_edit_compensation', NULL),
(1948, '2011-12-07 11:36:37', 'quyenlb', 'act_edit_compensation', NULL),
(1949, '2011-12-07 11:40:51', 'quyenlb', 'act_deny_compensation', NULL),
(1950, '2011-12-07 11:41:26', 'quyenlb', 'act_exec_compensation', NULL),
(1951, '2011-12-07 14:42:34', 'kietma', 'act_login', NULL),
(1952, '2011-12-08 10:03:36', 'trucntt', 'act_login', NULL),
(1953, '2011-12-08 10:04:17', 'trucntt', 'act_add_compensation', NULL),
(1954, '2011-12-08 10:04:24', 'trucntt', 'act_add_compensation_detail', NULL),
(1955, '2011-12-08 10:04:53', 'trucntt', 'act_add_compensation', NULL),
(1956, '2011-12-08 10:05:03', 'trucntt', 'act_add_compensation_detail', NULL),
(1957, '2011-12-08 10:05:23', 'trucntt', 'act_add_compensation', NULL),
(1958, '2011-12-08 10:05:45', 'trucntt', 'act_add_compensation_detail', NULL),
(1959, '2011-12-08 10:06:11', 'trucntt', 'act_add_compensation', NULL),
(1960, '2011-12-08 10:06:22', 'trucntt', 'act_add_compensation_detail', NULL),
(1961, '2011-12-08 10:06:46', 'trucntt', 'act_add_compensation', NULL),
(1962, '2011-12-08 10:06:54', 'trucntt', 'act_add_compensation_detail', NULL),
(1963, '2011-12-08 10:07:21', 'trucntt', 'act_add_compensation', NULL),
(1964, '2011-12-08 10:07:28', 'trucntt', 'act_add_compensation_detail', NULL),
(1965, '2011-12-08 10:07:46', 'trucntt', 'act_add_compensation', NULL),
(1966, '2011-12-08 10:07:50', 'admin', 'act_login', NULL),
(1967, '2011-12-08 10:07:56', 'trucntt', 'act_add_compensation_detail', NULL),
(1968, '2011-12-08 10:08:03', 'trucntt', 'act_add_compensation_detail', NULL),
(1969, '2011-12-08 10:08:22', 'trucntt', 'act_add_compensation', NULL),
(1970, '2011-12-08 10:08:33', 'trucntt', 'act_add_compensation_detail', NULL),
(1971, '2011-12-08 10:08:54', 'trucntt', 'act_add_compensation', NULL),
(1972, '2011-12-08 10:09:04', 'trucntt', 'act_add_compensation_detail', NULL),
(1973, '2011-12-08 10:09:24', 'trucntt', 'act_add_compensation', NULL),
(1974, '2011-12-08 10:09:34', 'trucntt', 'act_add_compensation_detail', NULL),
(1975, '2011-12-08 10:11:10', 'quyenlb', 'act_login', NULL),
(1976, '2011-12-08 10:12:09', 'quyenlb', 'act_edit_compensation', NULL),
(1977, '2011-12-08 10:12:19', 'quyenlb', 'act_edit_compensation', NULL),
(1978, '2011-12-08 10:12:27', 'quyenlb', 'act_edit_compensation', NULL),
(1979, '2011-12-08 10:12:48', 'quyenlb', 'act_deny_compensation', NULL),
(1980, '2011-12-08 13:44:49', 'admin', 'act_login', NULL),
(1981, '2011-12-08 14:27:47', 'admin', 'act_add_gift', 'Cy thng nh - Cp 1 - Gi vt phm'),
(1982, '2011-12-08 14:28:44', 'admin', 'act_add_gift', 'Cy thng nh - Cp 2 - Gi vt phm'),
(1983, '2011-12-08 14:29:37', 'admin', 'act_add_gift', 'Cy thng nh - Cp 3 - Gi vt phm'),
(1984, '2011-12-08 14:30:48', 'admin', 'act_add_gift', 'Cy thng nh - Cp 4 - Gi vt phm'),
(1985, '2011-12-08 14:32:29', 'admin', 'act_add_gift', 'Cy thng nh - Cp 5 - Gi vt phm'),
(1986, '2011-12-08 14:33:23', 'admin', 'act_add_gift', 'Cy thng nh - Cp 5 - Gi heo'),
(1987, '2011-12-08 14:34:10', 'admin', 'act_add_gift', 'Cy thng nh - Cp 6 - Gi vt phm'),
(1988, '2011-12-08 14:34:45', 'admin', 'act_add_gift', 'Cy thng nh - Cp 7 - Gi vt phm'),
(1989, '2011-12-08 14:35:22', 'admin', 'act_add_gift', 'Cy thng nh - Cp 8 - Gi vt phm'),
(1990, '2011-12-08 14:35:59', 'admin', 'act_add_gift', 'Cy thng nh - Cp 9 - Gi vt phm'),
(1991, '2011-12-08 14:37:02', 'admin', 'act_add_gift', 'Cy thng nh - Cp 10 - Gi vt phm'),
(1992, '2011-12-08 14:38:04', 'admin', 'act_add_gift', 'Cy thng nh - Cp 10 - Gi heo'),
(1993, '2011-12-08 14:39:05', 'admin', 'act_add_gift', 'Cy thng va - Cp 1 - Gi vt phm'),
(1994, '2011-12-08 14:40:58', 'admin', 'act_add_gift', 'Cy thng va - Cp 2 - Gi vt phm'),
(1995, '2011-12-08 14:41:37', 'admin', 'act_add_gift', 'Cy thng va - Cp 3 - Gi vt phm'),
(1996, '2011-12-08 14:42:21', 'admin', 'act_add_gift', 'Cy thng va - Cp 4 - Gi vt phm'),
(1997, '2011-12-08 14:43:33', 'admin', 'act_add_gift', 'Cy thng va - Cp 5 - Gi vt phm'),
(1998, '2011-12-08 14:44:20', 'admin', 'act_add_gift', 'Cy thng va - Cp 5 - Gi heo'),
(1999, '2011-12-08 14:45:03', 'admin', 'act_add_gift', 'Cy thng va - Cp 6 - Gi vt phm'),
(2000, '2011-12-08 14:45:36', 'admin', 'act_add_gift', 'Cy thng va - Cp 7 - Gi vt phm'),
(2001, '2011-12-08 14:46:04', 'admin', 'act_add_gift', 'Cy thng va - Cp 8 - Gi vt phm'),
(2002, '2011-12-08 14:46:34', 'admin', 'act_add_gift', 'Cy thng va - Cp 9 - Gi vt phm'),
(2003, '2011-12-08 14:47:46', 'admin', 'act_add_gift', 'Cy thng va - Cp 10 - Gi vt phm'),
(2004, '2011-12-08 14:48:59', 'admin', 'act_add_gift', 'Cy thng va - Cp 10 - Gi heo'),
(2005, '2011-12-08 14:50:22', 'admin', 'act_add_gift', 'Cy thng ln - Cp 1 - Gi vt phm'),
(2006, '2011-12-08 14:50:57', 'admin', 'act_add_gift', 'Cy thng ln - Cp 2 - Gi vt phm'),
(2007, '2011-12-08 14:51:28', 'admin', 'act_add_gift', 'Cy thng ln - Cp 3 - Gi vt phm'),
(2008, '2011-12-08 14:51:59', 'admin', 'act_add_gift', 'Cy thng ln - Cp 4 - Gi vt phm'),
(2009, '2011-12-08 14:52:57', 'admin', 'act_add_gift', 'Cy thng ln - Cp 5 - Gi vt phm'),
(2010, '2011-12-08 14:53:35', 'admin', 'act_add_gift', 'Cy thng ln - Cp 5 - Gi heo'),
(2011, '2011-12-08 14:54:14', 'admin', 'act_add_gift', 'Cy thng ln - Cp 6 - Gi vt phm'),
(2012, '2011-12-08 14:54:45', 'admin', 'act_add_gift', 'Cy thng ln - Cp 7 - Gi vt phm'),
(2013, '2011-12-08 14:55:34', 'admin', 'act_add_gift', 'Cy thng ln - Cp 8 - Gi vt phm'),
(2014, '2011-12-08 14:56:08', 'admin', 'act_add_gift', 'Cy thng ln - Cp 9 - Gi vt phm'),
(2015, '2011-12-08 14:57:05', 'admin', 'act_add_gift', 'Cy thng ln - Cp 10 - Gi vt phm'),
(2016, '2011-12-08 14:58:07', 'admin', 'act_add_gift', 'Cy thng ln - Cp 10 - Gi heo'),
(2017, '2011-12-08 14:58:57', 'admin', 'act_add_gift', 'Cy thng ln - Cp 10 - Gi ngoi cnh'),
(2018, '2011-12-08 15:12:15', 'admin', 'act_add_gift', 'Cy thng c bit - Cp 1 - Gi vt phm'),
(2019, '2011-12-08 15:12:58', 'admin', 'act_add_gift', 'Cy thng c bit - Cp 2 - Gi vt phm'),
(2020, '2011-12-08 15:15:21', 'admin', 'act_add_gift', 'Cy thng c bit - Cp 3 - Gi vt phm'),
(2021, '2011-12-08 15:15:53', 'admin', 'act_add_gift', 'Cy thng c bit - Cp 4 - Gi vt phm'),
(2022, '2011-12-08 15:17:12', 'admin', 'act_add_gift', 'Cy thng c bit - Cp 5 - Gi vt phm'),
(2023, '2011-12-08 15:18:20', 'admin', 'act_add_gift', 'Cy thng c bit - Cp 5 - Gi heo'),
(2024, '2011-12-08 15:18:56', 'admin', 'act_add_gift', 'Cy thng c bit - Cp 6 - Gi vt phm'),
(2025, '2011-12-08 15:19:33', 'admin', 'act_add_gift', 'Cy thng c bit - Cp 7 - Gi vt phm'),
(2026, '2011-12-08 15:20:37', 'admin', 'act_add_gift', 'Cy thng c bit - Cp 8 - Gi vt phm'),
(2027, '2011-12-08 15:21:12', 'admin', 'act_add_gift', 'Cy thng c bit - Cp 8 - Gi heo'),
(2028, '2011-12-08 15:22:24', 'admin', 'act_add_gift', 'Cy thng c bit - Cp 9 - Gi vt phm'),
(2029, '2011-12-08 15:23:21', 'admin', 'act_add_gift', 'Cy thng c bit - Cp 9 - Gi heo'),
(2030, '2011-12-08 15:24:58', 'admin', 'act_add_gift', 'Cy thng c bit - Cp 10 - Gi vt phm'),
(2031, '2011-12-08 15:26:14', 'admin', 'act_add_gift', 'Cy thng c bit - Cp 10 - Gi heo'),
(2032, '2011-12-08 15:48:40', 'dinhlhn', 'act_login', NULL),
(2033, '2011-12-09 14:04:44', 'trucntt', 'act_login', NULL),
(2034, '2011-12-09 16:33:08', 'admin', 'act_login', NULL),
(2035, '2011-12-09 17:16:36', 'trucntt', 'act_add_compensation', NULL),
(2036, '2011-12-09 17:16:45', 'trucntt', 'act_add_compensation_detail', NULL),
(2037, '2011-12-09 17:18:47', 'trucntt', 'act_login', NULL),
(2038, '2011-12-10 11:03:53', 'quyenlb', 'act_login', NULL),
(2039, '2011-12-10 11:04:05', 'quyenlb', 'act_deny_compensation', NULL),
(2040, '2011-12-10 11:04:22', 'quyenlb', 'act_exec_compensation', NULL),
(2041, '2011-12-12 10:10:35', 'admin', 'act_login', NULL),
(2042, '2011-12-12 10:19:38', 'trucntt', 'act_login', NULL),
(2043, '2011-12-12 10:20:54', 'trucntt', 'act_add_compensation', NULL),
(2044, '2011-12-12 10:21:07', 'trucntt', 'act_add_compensation_detail', NULL),
(2045, '2011-12-12 10:21:42', 'admin', 'act_login', NULL),
(2046, '2011-12-12 10:31:28', 'admin', 'act_login', NULL),
(2047, '2011-12-12 10:32:17', 'admin', 'act_add_item_gift', NULL),
(2048, '2011-12-12 10:32:54', 'admin', 'act_add_item_gift', NULL),
(2049, '2011-12-12 10:33:11', 'admin', 'act_add_item_gift', NULL),
(2050, '2011-12-12 10:44:40', 'admin', 'act_add_item_gift', NULL),
(2051, '2011-12-12 10:45:38', 'admin', 'act_add_item_gift', NULL),
(2052, '2011-12-12 10:46:05', 'admin', 'act_add_item_gift', NULL),
(2053, '2011-12-12 10:49:17', 'admin', 'act_add_item_gift', NULL),
(2054, '2011-12-12 10:49:32', 'admin', 'act_delete_item_gift', NULL),
(2055, '2011-12-12 10:49:57', 'admin', 'act_add_item_gift', NULL),
(2056, '2011-12-12 10:50:14', 'admin', 'act_add_item_gift', NULL),
(2057, '2011-12-12 10:50:18', 'admin', 'act_delete_item_gift', NULL),
(2058, '2011-12-12 10:50:52', 'admin', 'act_add_item_gift', NULL),
(2059, '2011-12-12 10:52:24', 'admin', 'act_add_item_gift', NULL),
(2060, '2011-12-12 11:06:35', 'admin', 'act_login', NULL),
(2061, '2011-12-12 11:18:45', 'admin', 'act_delete_item_gift', NULL),
(2062, '2011-12-12 11:19:48', 'admin', 'act_add_item_gift', NULL),
(2063, '2011-12-12 11:21:43', 'admin', 'act_add_item_gift', NULL),
(2064, '2011-12-12 11:22:09', 'admin', 'act_add_item_gift', NULL),
(2065, '2011-12-12 11:22:42', 'admin', 'act_add_item_gift', NULL),
(2066, '2011-12-12 11:23:13', 'admin', 'act_add_item_gift', NULL),
(2067, '2011-12-12 11:23:31', 'admin', 'act_add_item_gift', NULL),
(2068, '2011-12-12 11:23:55', 'admin', 'act_add_item_gift', NULL),
(2069, '2011-12-12 11:24:14', 'admin', 'act_add_item_gift', NULL),
(2070, '2011-12-12 11:24:40', 'admin', 'act_add_item_gift', NULL),
(2071, '2011-12-12 11:26:38', 'admin', 'act_add_item_gift', NULL),
(2072, '2011-12-12 11:28:56', 'admin', 'act_add_item_gift', NULL),
(2073, '2011-12-12 11:29:16', 'admin', 'act_add_item_gift', NULL),
(2074, '2011-12-12 11:29:38', 'admin', 'act_add_item_gift', NULL),
(2075, '2011-12-12 11:30:09', 'admin', 'act_add_item_gift', NULL),
(2076, '2011-12-12 11:31:14', 'admin', 'act_login', NULL),
(2077, '2011-12-12 11:33:06', 'admin', 'act_add_item_gift', NULL),
(2078, '2011-12-12 11:33:17', 'admin', 'act_add_item_gift', NULL),
(2079, '2011-12-12 11:33:42', 'admin', 'act_add_item_gift', NULL),
(2080, '2011-12-12 11:34:07', 'admin', 'act_add_item_gift', NULL),
(2081, '2011-12-12 11:34:27', 'admin', 'act_add_item_gift', NULL),
(2082, '2011-12-12 11:34:48', 'admin', 'act_add_item_gift', NULL),
(2083, '2011-12-12 11:35:39', 'admin', 'act_add_item_gift', NULL),
(2084, '2011-12-12 11:36:04', 'admin', 'act_add_item_gift', NULL),
(2085, '2011-12-12 11:38:09', 'admin', 'act_add_item_gift', NULL),
(2086, '2011-12-12 11:38:22', 'admin', 'act_add_item_gift', NULL),
(2087, '2011-12-12 11:38:43', 'admin', 'act_add_item_gift', NULL),
(2088, '2011-12-12 11:39:00', 'admin', 'act_add_item_gift', NULL),
(2089, '2011-12-12 11:39:21', 'admin', 'act_add_item_gift', NULL),
(2090, '2011-12-12 11:39:39', 'admin', 'act_add_item_gift', NULL),
(2091, '2011-12-12 11:40:20', 'admin', 'act_add_item_gift', NULL),
(2092, '2011-12-12 11:40:41', 'admin', 'act_add_item_gift', NULL),
(2093, '2011-12-12 11:41:21', 'admin', 'act_add_item_gift', NULL),
(2094, '2011-12-12 11:52:02', 'admin', 'act_edit_gift', 'Cy thng va - Cp 5 - Gi heo'),
(2095, '2011-12-12 11:54:25', 'admin', 'act_delete_item_gift', NULL),
(2096, '2011-12-12 11:54:28', 'admin', 'act_delete_item_gift', NULL),
(2097, '2011-12-12 11:54:38', 'admin', 'act_add_item_gift', NULL),
(2098, '2011-12-12 11:54:47', 'admin', 'act_add_item_gift', NULL),
(2099, '2011-12-12 11:55:00', 'admin', 'act_add_item_gift', NULL),
(2100, '2011-12-12 11:56:41', 'admin', 'act_edit_gift', 'Cy thng ln - Cp 5 - Gi heo'),
(2101, '2011-12-12 13:44:33', 'admin', 'act_delete_item_gift', NULL),
(2102, '2011-12-12 13:44:46', 'admin', 'act_add_item_gift', NULL),
(2103, '2011-12-12 13:45:02', 'admin', 'act_add_item_gift', NULL),
(2104, '2011-12-12 13:45:12', 'admin', 'act_add_item_gift', NULL),
(2105, '2011-12-12 13:45:23', 'admin', 'act_add_item_gift', NULL),
(2106, '2011-12-12 13:45:34', 'admin', 'act_add_item_gift', NULL),
(2107, '2011-12-12 13:46:31', 'admin', 'act_add_item_gift', NULL),
(2108, '2011-12-12 13:46:52', 'admin', 'act_add_item_gift', NULL),
(2109, '2011-12-12 13:47:18', 'admin', 'act_add_item_gift', NULL),
(2110, '2011-12-12 13:47:41', 'admin', 'act_add_item_gift', NULL),
(2111, '2011-12-12 13:49:03', 'admin', 'act_edit_gift', 'Cy thng ln - Cp 10 - Gi vt phm'),
(2112, '2011-12-12 13:49:56', 'admin', 'act_add_item_gift', NULL),
(2113, '2011-12-12 13:50:09', 'admin', 'act_add_item_gift', NULL),
(2114, '2011-12-12 13:50:33', 'admin', 'act_add_item_gift', NULL),
(2115, '2011-12-12 13:51:43', 'admin', 'act_edit_gift', 'Cy thng ln - Cp 10 - Gi heo'),
(2116, '2011-12-12 13:52:28', 'admin', 'act_add_item_gift', NULL),
(2117, '2011-12-12 13:52:40', 'admin', 'act_add_item_gift', NULL),
(2118, '2011-12-12 13:53:13', 'admin', 'act_add_item_gift', NULL),
(2119, '2011-12-12 13:53:29', 'admin', 'act_add_item_gift', NULL),
(2120, '2011-12-12 13:53:43', 'admin', 'act_add_item_gift', NULL),
(2121, '2011-12-12 13:53:59', 'admin', 'act_add_item_gift', NULL),
(2122, '2011-12-12 13:54:52', 'admin', 'act_add_item_gift', NULL),
(2123, '2011-12-12 13:55:07', 'admin', 'act_add_item_gift', NULL),
(2124, '2011-12-12 13:55:48', 'admin', 'act_add_item_gift', NULL),
(2125, '2011-12-12 13:57:05', 'admin', 'act_add_item_gift', NULL),
(2126, '2011-12-12 13:57:18', 'admin', 'act_add_item_gift', NULL),
(2127, '2011-12-12 13:57:33', 'admin', 'act_add_item_gift', NULL),
(2128, '2011-12-12 13:57:45', 'admin', 'act_add_item_gift', NULL),
(2129, '2011-12-12 13:58:17', 'admin', 'act_add_item_gift', NULL),
(2130, '2011-12-12 13:58:36', 'admin', 'act_add_item_gift', NULL),
(2131, '2011-12-12 13:59:08', 'admin', 'act_add_item_gift', NULL),
(2132, '2011-12-12 13:59:36', 'admin', 'act_add_item_gift', NULL),
(2133, '2011-12-12 13:59:59', 'admin', 'act_add_item_gift', NULL),
(2134, '2011-12-12 14:00:20', 'admin', 'act_add_item_gift', NULL),
(2135, '2011-12-12 14:01:03', 'admin', 'act_edit_gift', 'Cy thng c bit - Cp 10 - Gi vt phm'),
(2136, '2011-12-12 14:01:58', 'admin', 'act_add_item_gift', NULL),
(2137, '2011-12-12 14:02:24', 'admin', 'act_add_item_gift', NULL),
(2138, '2011-12-12 14:02:43', 'admin', 'act_add_item_gift', NULL),
(2139, '2011-12-12 14:03:29', 'admin', 'act_add_item_gift', NULL),
(2140, '2011-12-12 14:03:41', 'admin', 'act_add_item_gift', NULL),
(2141, '2011-12-12 14:04:10', 'admin', 'act_add_item_gift', NULL),
(2142, '2011-12-12 14:04:20', 'admin', 'act_add_item_gift', NULL),
(2143, '2011-12-12 14:04:34', 'admin', 'act_add_item_gift', NULL),
(2144, '2011-12-12 14:05:24', 'admin', 'act_add_item_gift', NULL),
(2145, '2011-12-12 14:05:37', 'admin', 'act_add_item_gift', NULL),
(2146, '2011-12-12 14:05:50', 'admin', 'act_add_item_gift', NULL),
(2147, '2011-12-12 15:14:02', 'admin', 'act_login', NULL),
(2148, '2011-12-12 15:40:45', 'admin', 'act_login', NULL),
(2149, '2011-12-12 15:44:02', 'trucntt', 'act_login', NULL),
(2150, '2011-12-12 15:58:38', 'admin', 'act_login', NULL),
(2151, '2011-12-12 15:58:58', 'admin', 'act_change_status_item_gift', 'Kch hot: Cy thng c bit - Cp 10 - Gi heo'),
(2152, '2011-12-12 15:58:58', 'admin', 'act_change_status_item_gift', 'Kch hot: Cy thng c bit - Cp 10 - Gi vt phm'),
(2153, '2011-12-12 15:58:58', 'admin', 'act_change_status_item_gift', 'Kch hot: Cy thng c bit - Cp 9 - Gi heo'),
(2154, '2011-12-12 15:58:58', 'admin', 'act_change_status_item_gift', 'Kch hot: Cy thng c bit - Cp 9 - Gi vt phm'),
(2155, '2011-12-12 15:58:58', 'admin', 'act_change_status_item_gift', 'Kch hot: Cy thng c bit - Cp 8 - Gi heo'),
(2156, '2011-12-12 15:58:58', 'admin', 'act_change_status_item_gift', 'Kch hot: Cy thng c bit - Cp 8 - Gi vt phm'),
(2157, '2011-12-12 15:58:58', 'admin', 'act_change_status_item_gift', 'Kch hot: Cy thng c bit - Cp 7 - Gi vt phm'),
(2158, '2011-12-12 15:58:58', 'admin', 'act_change_status_item_gift', 'Kch hot: Cy thng c bit - Cp 6 - Gi vt phm'),
(2159, '2011-12-12 15:58:58', 'admin', 'act_change_status_item_gift', 'Kch hot: Cy thng c bit - Cp 5 - Gi heo'),
(2160, '2011-12-12 15:58:58', 'admin', 'act_change_status_item_gift', 'Kch hot: Cy thng c bit - Cp 5 - Gi vt phm');
INSERT INTO `log` (`id`, `action_date`, `user`, `action`, `note`) VALUES
(2161, '2011-12-12 15:59:21', 'admin', 'act_change_status_item_gift', 'Kch hot: Cy thng c bit - Cp 4 - Gi vt phm'),
(2162, '2011-12-12 15:59:21', 'admin', 'act_change_status_item_gift', 'Kch hot: Cy thng c bit - Cp 3 - Gi vt phm'),
(2163, '2011-12-12 15:59:21', 'admin', 'act_change_status_item_gift', 'Kch hot: Cy thng c bit - Cp 2 - Gi vt phm'),
(2164, '2011-12-12 15:59:21', 'admin', 'act_change_status_item_gift', 'Kch hot: Cy thng c bit - Cp 1 - Gi vt phm'),
(2165, '2011-12-12 15:59:21', 'admin', 'act_change_status_item_gift', 'Kch hot: Cy thng ln - Cp 10 - Gi heo'),
(2166, '2011-12-12 15:59:21', 'admin', 'act_change_status_item_gift', 'Kch hot: Cy thng ln - Cp 10 - Gi vt phm'),
(2167, '2011-12-12 15:59:21', 'admin', 'act_change_status_item_gift', 'Kch hot: Cy thng ln - Cp 9 - Gi vt phm'),
(2168, '2011-12-12 15:59:21', 'admin', 'act_change_status_item_gift', 'Kch hot: Cy thng ln - Cp 8 - Gi vt phm'),
(2169, '2011-12-12 15:59:21', 'admin', 'act_change_status_item_gift', 'Kch hot: Cy thng ln - Cp 7 - Gi vt phm'),
(2170, '2011-12-12 15:59:33', 'admin', 'act_change_status_item_gift', 'Kch hot: Cy thng ln - Cp 6 - Gi vt phm'),
(2171, '2011-12-12 15:59:33', 'admin', 'act_change_status_item_gift', 'Kch hot: Cy thng ln - Cp 5 - Gi heo'),
(2172, '2011-12-12 15:59:33', 'admin', 'act_change_status_item_gift', 'Kch hot: Cy thng ln - Cp 5 - Gi vt phm'),
(2173, '2011-12-12 15:59:33', 'admin', 'act_change_status_item_gift', 'Kch hot: Cy thng ln - Cp 4 - Gi vt phm'),
(2174, '2011-12-12 15:59:33', 'admin', 'act_change_status_item_gift', 'Kch hot: Cy thng ln - Cp 3 - Gi vt phm'),
(2175, '2011-12-12 15:59:33', 'admin', 'act_change_status_item_gift', 'Kch hot: Cy thng ln - Cp 2 - Gi vt phm'),
(2176, '2011-12-12 15:59:33', 'admin', 'act_change_status_item_gift', 'Kch hot: Cy thng ln - Cp 1 - Gi vt phm'),
(2177, '2011-12-12 15:59:33', 'admin', 'act_change_status_item_gift', 'Kch hot: Cy thng va - Cp 10 - Gi heo'),
(2178, '2011-12-12 15:59:33', 'admin', 'act_change_status_item_gift', 'Kch hot: Cy thng va - Cp 10 - Gi vt phm'),
(2179, '2011-12-12 15:59:33', 'admin', 'act_change_status_item_gift', 'Kch hot: Cy thng va - Cp 9 - Gi vt phm'),
(2180, '2011-12-12 15:59:43', 'admin', 'act_change_status_item_gift', 'Kch hot: Cy thng va - Cp 8 - Gi vt phm'),
(2181, '2011-12-12 15:59:43', 'admin', 'act_change_status_item_gift', 'Kch hot: Cy thng va - Cp 7 - Gi vt phm'),
(2182, '2011-12-12 15:59:43', 'admin', 'act_change_status_item_gift', 'Kch hot: Cy thng va - Cp 6 - Gi vt phm'),
(2183, '2011-12-12 15:59:43', 'admin', 'act_change_status_item_gift', 'Kch hot: Cy thng va - Cp 5 - Gi heo'),
(2184, '2011-12-12 15:59:43', 'admin', 'act_change_status_item_gift', 'Kch hot: Cy thng va - Cp 5 - Gi vt phm'),
(2185, '2011-12-12 15:59:43', 'admin', 'act_change_status_item_gift', 'Kch hot: Cy thng va - Cp 4 - Gi vt phm'),
(2186, '2011-12-12 15:59:43', 'admin', 'act_change_status_item_gift', 'Kch hot: Cy thng va - Cp 3 - Gi vt phm'),
(2187, '2011-12-12 15:59:43', 'admin', 'act_change_status_item_gift', 'Kch hot: Cy thng va - Cp 2 - Gi vt phm'),
(2188, '2011-12-12 15:59:43', 'admin', 'act_change_status_item_gift', 'Kch hot: Cy thng va - Cp 1 - Gi vt phm'),
(2189, '2011-12-12 15:59:43', 'admin', 'act_change_status_item_gift', 'Kch hot: Cy thng nh - Cp 10 - Gi heo'),
(2190, '2011-12-12 16:00:05', 'admin', 'act_change_status_item_gift', 'Kch hot: Cy thng nh - Cp 10 - Gi vt phm'),
(2191, '2011-12-12 16:00:05', 'admin', 'act_change_status_item_gift', 'Kch hot: Cy thng nh - Cp 9 - Gi vt phm'),
(2192, '2011-12-12 16:00:05', 'admin', 'act_change_status_item_gift', 'Kch hot: Cy thng nh - Cp 8 - Gi vt phm'),
(2193, '2011-12-12 16:00:05', 'admin', 'act_change_status_item_gift', 'Kch hot: Cy thng nh - Cp 7 - Gi vt phm'),
(2194, '2011-12-12 16:00:05', 'admin', 'act_change_status_item_gift', 'Kch hot: Cy thng nh - Cp 6 - Gi vt phm'),
(2195, '2011-12-12 16:00:05', 'admin', 'act_change_status_item_gift', 'Kch hot: Cy thng nh - Cp 5 - Gi heo'),
(2196, '2011-12-12 16:00:05', 'admin', 'act_change_status_item_gift', 'Kch hot: Cy thng nh - Cp 5 - Gi vt phm'),
(2197, '2011-12-12 16:00:05', 'admin', 'act_change_status_item_gift', 'Kch hot: Cy thng nh - Cp 4 - Gi vt phm'),
(2198, '2011-12-12 16:00:05', 'admin', 'act_change_status_item_gift', 'Kch hot: Cy thng nh - Cp 3 - Gi vt phm'),
(2199, '2011-12-12 16:00:05', 'admin', 'act_change_status_item_gift', 'Kch hot: Cy thng nh - Cp 2 - Gi vt phm'),
(2200, '2011-12-12 16:00:16', 'admin', 'act_change_status_item_gift', 'Kch hot: Cy thng nh - Cp 1 - Gi vt phm'),
(2201, '2011-12-12 16:27:54', 'dinhlhn', 'act_login', NULL),
(2202, '2011-12-12 17:16:12', 'admin', 'act_change_status_item_gift', 'Kch hot: Cy thng ln - Cp 10 - Gi ngoi cnh'),
(2203, '2011-12-12 17:26:41', 'admin', 'act_add_item_gift', NULL),
(2204, '2011-12-12 17:26:57', 'admin', 'act_add_item_gift', NULL),
(2205, '2011-12-12 17:27:14', 'admin', 'act_add_item_gift', NULL),
(2206, '2011-12-12 17:27:29', 'admin', 'act_add_item_gift', NULL),
(2207, '2011-12-12 17:27:48', 'admin', 'act_add_item_gift', NULL),
(2208, '2011-12-12 17:28:05', 'admin', 'act_add_item_gift', NULL),
(2209, '2011-12-12 17:48:24', 'admin', 'act_change_status_item', 'B t trong shop: Thuc X-Heo LV 5'),
(2210, '2011-12-12 17:48:24', 'admin', 'act_change_status_item', 'B t trong shop: Thuc X-Heo LV 6'),
(2211, '2011-12-12 17:48:24', 'admin', 'act_change_status_item', 'B t trong shop: Ngc tinh luyn cp 2'),
(2212, '2011-12-12 17:48:24', 'admin', 'act_change_status_item', 'B t trong shop: Ngc tinh luyn cp 3'),
(2213, '2011-12-12 17:48:24', 'admin', 'act_change_status_item', 'B t trong shop: B ngoi trang Thy Th'),
(2214, '2011-12-12 17:48:24', 'admin', 'act_change_status_item', 'B t trong shop: B ngoi trang Ch h'),
(2215, '2011-12-13 11:16:18', 'trucntt', 'act_login', NULL),
(2216, '2011-12-13 11:17:59', 'trucntt', 'act_edit_notice', NULL),
(2217, '2011-12-13 13:43:59', 'trucntt', 'act_login', NULL),
(2218, '2011-12-13 13:51:40', 'admin', 'act_login', NULL),
(2219, '2011-12-13 15:14:06', 'trucntt', 'act_login', NULL),
(2220, '2011-12-13 15:14:27', 'trucntt', 'act_add_compensation', NULL),
(2221, '2011-12-13 15:14:36', 'trucntt', 'act_add_compensation_detail', NULL),
(2222, '2011-12-13 15:14:53', 'trucntt', 'act_add_compensation', NULL),
(2223, '2011-12-13 15:15:01', 'trucntt', 'act_add_compensation_detail', NULL),
(2224, '2011-12-13 15:15:25', 'trucntt', 'act_add_compensation', NULL),
(2225, '2011-12-13 15:15:44', 'trucntt', 'act_add_compensation_detail', NULL),
(2226, '2011-12-13 17:04:35', 'trucntt', 'act_login', NULL),
(2227, '2011-12-13 17:19:49', 'admin', 'act_login', NULL),
(2228, '2011-12-14 09:57:13', 'admin', 'act_login', NULL),
(2229, '2011-12-14 11:16:48', 'admin', 'act_login', NULL),
(2230, '2011-12-14 11:54:02', 'admin', 'act_login', NULL),
(2231, '2011-12-14 14:00:56', 'dinhlhn', 'act_login', NULL),
(2232, '2011-12-14 14:38:35', 'dinhlhn', 'act_login', NULL),
(2233, '2011-12-14 16:35:43', 'quyenlb', 'act_login', NULL),
(2234, '2011-12-14 16:35:52', 'quyenlb', 'act_deny_compensation', NULL),
(2235, '2011-12-14 16:35:57', 'quyenlb', 'act_exec_compensation', NULL),
(2236, '2011-12-15 10:43:52', 'trucntt', 'act_login', NULL),
(2237, '2011-12-15 10:44:15', 'trucntt', 'act_add_compensation', NULL),
(2238, '2011-12-15 10:44:24', 'trucntt', 'act_add_compensation_detail', NULL),
(2239, '2011-12-15 13:36:53', 'admin', 'act_login', NULL),
(2240, '2011-12-15 13:50:08', 'admin', 'act_login', NULL),
(2241, '2011-12-15 14:26:16', 'trucntt', 'act_add_compensation', NULL),
(2242, '2011-12-15 14:26:52', 'trucntt', 'act_add_compensation_detail', NULL),
(2243, '2011-12-15 14:26:59', 'trucntt', 'act_add_compensation_detail', NULL),
(2244, '2011-12-15 14:27:09', 'trucntt', 'act_add_compensation_detail', NULL),
(2245, '2011-12-15 14:27:17', 'trucntt', 'act_add_compensation_detail', NULL),
(2246, '2011-12-15 14:27:36', 'trucntt', 'act_add_compensation_detail', NULL),
(2247, '2011-12-15 14:27:42', 'trucntt', 'act_add_compensation_detail', NULL),
(2248, '2011-12-15 14:28:01', 'trucntt', 'act_add_compensation_detail', NULL),
(2249, '2011-12-15 14:28:13', 'trucntt', 'act_add_compensation_detail', NULL),
(2250, '2011-12-15 14:28:22', 'trucntt', 'act_add_compensation_detail', NULL),
(2251, '2011-12-15 14:28:29', 'trucntt', 'act_add_compensation_detail', NULL),
(2252, '2011-12-15 15:51:59', 'admin', 'act_login', NULL),
(2253, '2011-12-15 15:52:13', 'trucntt', 'act_add_compensation', NULL),
(2254, '2011-12-15 15:52:36', 'trucntt', 'act_add_compensation_detail', NULL),
(2255, '2011-12-15 16:29:25', 'quyenlb', 'act_login', NULL),
(2256, '2011-12-15 16:30:29', 'quyenlb', 'act_edit_compensation', NULL),
(2257, '2011-12-15 16:31:04', 'quyenlb', 'act_edit_compensation', NULL),
(2258, '2011-12-15 16:31:32', 'quyenlb', 'act_deny_compensation', NULL),
(2259, '2011-12-15 16:31:38', 'quyenlb', 'act_exec_compensation', NULL),
(2260, '2011-12-16 10:05:37', 'trucntt', 'act_login', NULL),
(2261, '2011-12-16 16:21:32', 'quyenlb', 'act_login', NULL),
(2262, '2011-12-16 16:21:39', 'quyenlb', 'act_exec_compensation', NULL),
(2263, '2011-12-16 16:21:41', 'quyenlb', 'act_exec_compensation', NULL),
(2264, '2011-12-16 17:02:13', 'admin', 'act_login', NULL),
(2265, '2011-12-16 17:03:06', 'trucntt', 'act_add_compensation', NULL),
(2266, '2011-12-16 17:03:36', 'trucntt', 'act_add_compensation_detail', NULL),
(2267, '2011-12-16 17:04:07', 'trucntt', 'act_add_compensation', NULL),
(2268, '2011-12-16 17:04:21', 'trucntt', 'act_add_compensation_detail', NULL),
(2269, '2011-12-16 17:04:41', 'trucntt', 'act_add_compensation', NULL),
(2270, '2011-12-16 17:04:57', 'trucntt', 'act_add_compensation_detail', NULL),
(2271, '2011-12-16 17:05:44', 'trucntt', 'act_add_compensation', NULL),
(2272, '2011-12-16 17:06:08', 'trucntt', 'act_add_compensation_detail', NULL),
(2273, '2011-12-16 17:06:27', 'trucntt', 'act_add_compensation_detail', NULL),
(2274, '2011-12-16 17:06:38', 'trucntt', 'act_add_compensation_detail', NULL),
(2275, '2011-12-16 17:06:48', 'trucntt', 'act_add_compensation_detail', NULL),
(2276, '2011-12-16 17:06:58', 'trucntt', 'act_add_compensation_detail', NULL),
(2277, '2011-12-16 17:07:18', 'trucntt', 'act_add_compensation_detail', NULL),
(2278, '2011-12-16 17:08:02', 'trucntt', 'act_add_compensation', NULL),
(2279, '2011-12-16 17:09:14', 'trucntt', 'act_add_compensation', NULL),
(2280, '2011-12-16 17:09:27', 'trucntt', 'act_add_compensation_detail', NULL),
(2281, '2011-12-16 17:10:41', 'trucntt', 'act_add_compensation', NULL),
(2282, '2011-12-16 17:11:03', 'trucntt', 'act_add_compensation_detail', NULL),
(2283, '2011-12-16 17:11:20', 'trucntt', 'act_add_compensation_detail', NULL),
(2284, '2011-12-16 17:14:23', 'trucntt', 'act_add_compensation', NULL),
(2285, '2011-12-16 17:14:43', 'trucntt', 'act_add_compensation_detail', NULL),
(2286, '2011-12-16 17:14:57', 'trucntt', 'act_add_compensation_detail', NULL),
(2287, '2011-12-16 17:18:51', 'trucntt', 'act_add_compensation', NULL),
(2288, '2011-12-16 17:19:19', 'trucntt', 'act_add_compensation_detail', NULL),
(2289, '2011-12-16 17:20:05', 'trucntt', 'act_add_compensation', NULL),
(2290, '2011-12-16 17:21:02', 'trucntt', 'act_add_compensation_detail', NULL),
(2291, '2011-12-16 17:21:39', 'trucntt', 'act_add_compensation', NULL),
(2292, '2011-12-16 17:21:51', 'trucntt', 'act_add_compensation_detail', NULL),
(2293, '2011-12-16 17:22:17', 'trucntt', 'act_add_compensation', NULL),
(2294, '2011-12-16 17:22:29', 'trucntt', 'act_add_compensation_detail', NULL),
(2295, '2011-12-16 17:39:05', 'quyenlb', 'act_edit_compensation', NULL),
(2296, '2011-12-16 17:40:03', 'quyenlb', 'act_deny_compensation', NULL),
(2297, '2011-12-16 17:40:08', 'quyenlb', 'act_exec_compensation', NULL),
(2298, '2011-12-16 17:59:44', 'trucntt', 'act_add_compensation', NULL),
(2299, '2011-12-16 18:03:24', 'trucntt', 'act_add_compensation_detail', NULL),
(2300, '2011-12-16 18:03:35', 'trucntt', 'act_add_compensation_detail', NULL),
(2301, '2011-12-16 18:03:44', 'trucntt', 'act_add_compensation_detail', NULL),
(2302, '2011-12-16 18:03:55', 'trucntt', 'act_add_compensation_detail', NULL),
(2303, '2011-12-16 18:04:05', 'trucntt', 'act_add_compensation_detail', NULL),
(2304, '2011-12-16 18:04:13', 'trucntt', 'act_add_compensation_detail', NULL),
(2305, '2011-12-16 18:08:17', 'admin', 'act_login', NULL),
(2306, '2011-12-16 18:08:37', 'admin', 'act_deny_compensation', NULL),
(2307, '2011-12-16 18:08:46', 'admin', 'act_exec_compensation', NULL),
(2308, '2011-12-19 14:44:05', 'admin', 'act_login', NULL),
(2309, '2011-12-19 14:57:29', 'admin', 'act_login', NULL),
(2310, '2011-12-19 15:53:22', 'trucntt', 'act_login', NULL),
(2311, '2011-12-19 15:54:41', 'trucntt', 'act_add_compensation', NULL),
(2312, '2011-12-19 15:55:06', 'trucntt', 'act_add_compensation_detail', NULL),
(2313, '2011-12-19 15:55:20', 'trucntt', 'act_add_compensation_detail', NULL),
(2314, '2011-12-19 15:55:39', 'trucntt', 'act_add_compensation_detail', NULL),
(2315, '2011-12-19 15:55:57', 'trucntt', 'act_add_compensation_detail', NULL),
(2316, '2011-12-19 15:56:10', 'trucntt', 'act_add_compensation_detail', NULL),
(2317, '2011-12-19 15:56:22', 'trucntt', 'act_add_compensation_detail', NULL),
(2318, '2011-12-19 15:57:25', 'trucntt', 'act_add_compensation_detail', NULL),
(2319, '2011-12-19 15:58:47', 'trucntt', 'act_add_compensation_detail', NULL),
(2320, '2011-12-19 15:59:00', 'trucntt', 'act_add_compensation_detail', NULL),
(2321, '2011-12-19 15:59:13', 'trucntt', 'act_add_compensation_detail', NULL),
(2322, '2011-12-19 15:59:28', 'trucntt', 'act_add_compensation_detail', NULL),
(2323, '2011-12-19 15:59:47', 'trucntt', 'act_del_compensation_detail', NULL),
(2324, '2011-12-19 15:59:52', 'trucntt', 'act_del_compensation_detail', NULL),
(2325, '2011-12-19 16:00:06', 'trucntt', 'act_add_compensation_detail', NULL),
(2326, '2011-12-19 16:00:14', 'trucntt', 'act_add_compensation_detail', NULL),
(2327, '2011-12-19 16:00:23', 'trucntt', 'act_add_compensation_detail', NULL),
(2328, '2011-12-19 16:10:37', 'trucntt', 'act_edit_compensation', NULL),
(2329, '2011-12-19 16:11:52', 'trucntt', 'act_add_compensation_detail', NULL),
(2330, '2011-12-19 16:12:07', 'trucntt', 'act_add_compensation_detail', NULL),
(2331, '2011-12-19 16:12:20', 'trucntt', 'act_add_compensation_detail', NULL),
(2332, '2011-12-19 16:13:30', 'trucntt', 'act_add_compensation', NULL),
(2333, '2011-12-19 16:14:10', 'trucntt', 'act_add_compensation_detail', NULL),
(2334, '2011-12-19 16:14:18', 'trucntt', 'act_add_compensation_detail', NULL),
(2335, '2011-12-19 16:14:28', 'trucntt', 'act_add_compensation_detail', NULL),
(2336, '2011-12-19 16:14:37', 'trucntt', 'act_add_compensation_detail', NULL),
(2337, '2011-12-19 16:14:47', 'trucntt', 'act_add_compensation_detail', NULL),
(2338, '2011-12-19 16:16:32', 'trucntt', 'act_add_compensation_detail', NULL),
(2339, '2011-12-19 16:17:21', 'trucntt', 'act_add_compensation', NULL),
(2340, '2011-12-19 16:21:57', 'trucntt', 'act_add_compensation', NULL),
(2341, '2011-12-19 16:22:29', 'trucntt', 'act_add_compensation_detail', NULL),
(2342, '2011-12-19 16:23:23', 'admin', 'act_login', NULL),
(2343, '2011-12-19 16:23:59', 'admin', 'act_del_compensation', NULL),
(2344, '2011-12-19 16:26:48', 'trucntt', 'act_add_compensation', NULL),
(2345, '2011-12-19 16:27:04', 'trucntt', 'act_add_compensation_detail', NULL),
(2346, '2011-12-19 16:27:16', 'trucntt', 'act_add_compensation_detail', NULL),
(2347, '2011-12-19 16:27:32', 'trucntt', 'act_add_compensation_detail', NULL),
(2348, '2011-12-19 16:27:41', 'trucntt', 'act_add_compensation_detail', NULL),
(2349, '2011-12-19 16:27:58', 'trucntt', 'act_add_compensation_detail', NULL),
(2350, '2011-12-19 16:28:25', 'trucntt', 'act_add_compensation_detail', NULL),
(2351, '2011-12-19 16:28:39', 'trucntt', 'act_add_compensation_detail', NULL),
(2352, '2011-12-19 16:29:36', 'trucntt', 'act_add_compensation_detail', NULL),
(2353, '2011-12-19 16:29:46', 'trucntt', 'act_add_compensation_detail', NULL),
(2354, '2011-12-19 16:31:36', 'trucntt', 'act_add_compensation_detail', NULL),
(2355, '2011-12-19 16:31:45', 'trucntt', 'act_add_compensation_detail', NULL),
(2356, '2011-12-19 16:32:29', 'trucntt', 'act_add_compensation', NULL),
(2357, '2011-12-19 16:32:41', 'trucntt', 'act_add_compensation_detail', NULL),
(2358, '2011-12-19 16:33:20', 'trucntt', 'act_add_compensation', NULL),
(2359, '2011-12-19 16:33:30', 'trucntt', 'act_add_compensation_detail', NULL),
(2360, '2011-12-19 16:34:25', 'trucntt', 'act_add_compensation', NULL),
(2361, '2011-12-19 16:34:40', 'trucntt', 'act_add_compensation_detail', NULL),
(2362, '2011-12-19 16:35:17', 'trucntt', 'act_add_compensation', NULL),
(2363, '2011-12-19 16:35:35', 'trucntt', 'act_add_compensation_detail', NULL),
(2364, '2011-12-19 16:35:46', 'trucntt', 'act_add_compensation_detail', NULL),
(2365, '2011-12-19 16:35:58', 'trucntt', 'act_add_compensation_detail', NULL),
(2366, '2011-12-19 16:36:07', 'trucntt', 'act_add_compensation_detail', NULL),
(2367, '2011-12-19 16:36:17', 'trucntt', 'act_add_compensation_detail', NULL),
(2368, '2011-12-19 16:36:23', 'trucntt', 'act_add_compensation_detail', NULL),
(2369, '2011-12-19 16:36:56', 'trucntt', 'act_add_compensation', NULL),
(2370, '2011-12-19 16:37:06', 'trucntt', 'act_add_compensation_detail', NULL),
(2371, '2011-12-19 16:37:34', 'trucntt', 'act_add_compensation', NULL),
(2372, '2011-12-19 16:37:47', 'trucntt', 'act_add_compensation_detail', NULL),
(2373, '2011-12-19 16:38:55', 'trucntt', 'act_add_compensation', NULL),
(2374, '2011-12-19 16:39:12', 'trucntt', 'act_add_compensation_detail', NULL),
(2375, '2011-12-19 16:39:27', 'trucntt', 'act_add_compensation_detail', NULL),
(2376, '2011-12-19 16:39:35', 'trucntt', 'act_add_compensation_detail', NULL),
(2377, '2011-12-19 16:39:44', 'trucntt', 'act_add_compensation_detail', NULL),
(2378, '2011-12-19 16:39:53', 'trucntt', 'act_add_compensation_detail', NULL),
(2379, '2011-12-19 16:40:02', 'trucntt', 'act_add_compensation_detail', NULL),
(2380, '2011-12-19 16:40:17', 'trucntt', 'act_add_compensation_detail', NULL),
(2381, '2011-12-19 16:40:26', 'trucntt', 'act_add_compensation_detail', NULL),
(2382, '2011-12-19 16:41:27', 'trucntt', 'act_add_compensation', NULL),
(2383, '2011-12-19 16:41:38', 'trucntt', 'act_add_compensation_detail', NULL),
(2384, '2011-12-19 16:41:48', 'trucntt', 'act_add_compensation_detail', NULL),
(2385, '2011-12-19 16:41:57', 'trucntt', 'act_add_compensation_detail', NULL),
(2386, '2011-12-19 16:42:07', 'trucntt', 'act_add_compensation_detail', NULL),
(2387, '2011-12-19 16:42:17', 'trucntt', 'act_add_compensation_detail', NULL),
(2388, '2011-12-19 16:42:26', 'trucntt', 'act_add_compensation_detail', NULL),
(2389, '2011-12-19 16:42:35', 'trucntt', 'act_add_compensation_detail', NULL),
(2390, '2011-12-19 16:43:08', 'trucntt', 'act_add_compensation', NULL),
(2391, '2011-12-19 16:44:12', 'trucntt', 'act_add_compensation_detail', NULL),
(2392, '2011-12-19 16:55:14', 'trucntt', 'act_add_compensation', NULL),
(2393, '2011-12-19 16:55:27', 'trucntt', 'act_add_compensation_detail', NULL),
(2394, '2011-12-19 16:59:16', 'quyenlb', 'act_login', NULL),
(2395, '2011-12-19 17:01:42', 'quyenlb', 'act_deny_compensation', NULL),
(2396, '2011-12-19 17:01:48', 'quyenlb', 'act_exec_compensation', NULL),
(2397, '2011-12-20 09:40:13', 'dinhlhn', 'act_login', NULL),
(2398, '2011-12-20 10:12:30', 'admin', 'act_add_compensation', NULL),
(2399, '2011-12-20 10:15:09', 'admin', 'act_add_compensation_detail', NULL),
(2400, '2011-12-20 14:44:45', 'quyenlb', 'act_login', NULL),
(2401, '2011-12-20 16:02:51', 'admin', 'act_login', NULL),
(2402, '2011-12-21 09:37:04', 'trucntt', 'act_login', NULL),
(2403, '2011-12-21 09:37:40', 'trucntt', 'act_del_compensation', NULL),
(2404, '2011-12-21 09:38:05', 'trucntt', 'act_add_compensation', NULL),
(2405, '2011-12-21 09:39:19', 'trucntt', 'act_add_compensation', NULL),
(2406, '2011-12-21 09:39:32', 'trucntt', 'act_add_compensation_detail', NULL),
(2407, '2011-12-21 10:03:42', 'admin', 'act_login', NULL),
(2408, '2011-12-21 10:16:50', 'admin', 'act_login', NULL),
(2409, '2011-12-21 16:07:03', 'trucntt', 'act_login', NULL),
(2410, '2011-12-21 17:02:23', 'trucntt', 'act_del_compensation', NULL),
(2411, '2011-12-22 10:00:49', 'trucntt', 'act_login', NULL),
(2412, '2011-12-22 10:09:11', 'trucntt', 'act_add_compensation', NULL),
(2413, '2011-12-22 10:09:29', 'trucntt', 'act_add_compensation_detail', NULL),
(2414, '2011-12-22 10:10:16', 'trucntt', 'act_add_compensation', NULL),
(2415, '2011-12-22 10:12:46', 'trucntt', 'act_add_compensation_detail', NULL),
(2416, '2011-12-22 10:13:09', 'trucntt', 'act_add_compensation_detail', NULL),
(2417, '2011-12-22 10:13:18', 'trucntt', 'act_add_compensation_detail', NULL),
(2418, '2011-12-22 10:13:28', 'trucntt', 'act_add_compensation_detail', NULL),
(2419, '2011-12-22 10:13:35', 'trucntt', 'act_add_compensation_detail', NULL),
(2420, '2011-12-22 10:13:46', 'trucntt', 'act_add_compensation_detail', NULL),
(2421, '2011-12-22 10:13:54', 'trucntt', 'act_add_compensation_detail', NULL),
(2422, '2011-12-22 10:15:40', 'trucntt', 'act_add_compensation_detail', NULL),
(2423, '2011-12-22 10:15:58', 'trucntt', 'act_add_compensation_detail', NULL),
(2424, '2011-12-22 10:16:10', 'trucntt', 'act_add_compensation_detail', NULL),
(2425, '2011-12-22 10:16:21', 'trucntt', 'act_add_compensation_detail', NULL),
(2426, '2011-12-22 10:16:40', 'trucntt', 'act_add_compensation_detail', NULL),
(2427, '2011-12-22 10:16:56', 'trucntt', 'act_add_compensation_detail', NULL),
(2428, '2011-12-22 10:17:26', 'trucntt', 'act_add_compensation_detail', NULL),
(2429, '2011-12-22 10:17:33', 'trucntt', 'act_add_compensation_detail', NULL),
(2430, '2011-12-22 10:17:41', 'trucntt', 'act_add_compensation_detail', NULL),
(2431, '2011-12-22 10:17:53', 'trucntt', 'act_add_compensation_detail', NULL),
(2432, '2011-12-22 10:20:22', 'trucntt', 'act_add_compensation', NULL),
(2433, '2011-12-22 10:20:38', 'trucntt', 'act_add_compensation_detail', NULL),
(2434, '2011-12-22 10:20:46', 'trucntt', 'act_add_compensation_detail', NULL),
(2435, '2011-12-22 10:20:54', 'trucntt', 'act_add_compensation_detail', NULL),
(2436, '2011-12-22 10:21:03', 'trucntt', 'act_add_compensation_detail', NULL),
(2437, '2011-12-22 10:21:25', 'trucntt', 'act_add_compensation_detail', NULL),
(2438, '2011-12-22 10:21:33', 'trucntt', 'act_add_compensation_detail', NULL),
(2439, '2011-12-22 10:22:13', 'trucntt', 'act_add_compensation', NULL),
(2440, '2011-12-22 10:22:28', 'trucntt', 'act_add_compensation_detail', NULL),
(2441, '2011-12-22 10:22:38', 'trucntt', 'act_add_compensation_detail', NULL),
(2442, '2011-12-22 10:23:10', 'trucntt', 'act_add_compensation', NULL),
(2443, '2011-12-22 10:23:24', 'trucntt', 'act_add_compensation_detail', NULL),
(2444, '2011-12-22 10:23:33', 'trucntt', 'act_add_compensation_detail', NULL),
(2445, '2011-12-22 10:23:40', 'trucntt', 'act_add_compensation_detail', NULL),
(2446, '2011-12-22 10:23:49', 'trucntt', 'act_add_compensation_detail', NULL),
(2447, '2011-12-22 10:23:57', 'trucntt', 'act_add_compensation_detail', NULL),
(2448, '2011-12-22 10:24:05', 'trucntt', 'act_add_compensation_detail', NULL),
(2449, '2011-12-22 10:25:02', 'trucntt', 'act_add_compensation', NULL),
(2450, '2011-12-22 10:25:15', 'trucntt', 'act_add_compensation_detail', NULL),
(2451, '2011-12-22 10:25:53', 'trucntt', 'act_add_compensation', NULL),
(2452, '2011-12-22 10:26:07', 'trucntt', 'act_add_compensation_detail', NULL),
(2453, '2011-12-22 10:26:48', 'trucntt', 'act_add_compensation', NULL),
(2454, '2011-12-22 10:27:00', 'trucntt', 'act_add_compensation_detail', NULL),
(2455, '2011-12-22 10:27:12', 'trucntt', 'act_add_compensation_detail', NULL),
(2456, '2011-12-22 10:27:20', 'trucntt', 'act_add_compensation_detail', NULL),
(2457, '2011-12-22 10:27:29', 'trucntt', 'act_add_compensation_detail', NULL),
(2458, '2011-12-22 10:27:36', 'trucntt', 'act_add_compensation_detail', NULL),
(2459, '2011-12-22 10:27:45', 'trucntt', 'act_add_compensation_detail', NULL),
(2460, '2011-12-22 10:28:19', 'trucntt', 'act_add_compensation', NULL),
(2461, '2011-12-22 10:28:33', 'trucntt', 'act_add_compensation_detail', NULL),
(2462, '2011-12-22 10:28:40', 'trucntt', 'act_add_compensation_detail', NULL),
(2463, '2011-12-22 10:28:49', 'trucntt', 'act_add_compensation_detail', NULL),
(2464, '2011-12-22 10:29:00', 'trucntt', 'act_add_compensation_detail', NULL),
(2465, '2011-12-22 10:29:07', 'trucntt', 'act_add_compensation_detail', NULL),
(2466, '2011-12-22 10:29:15', 'trucntt', 'act_add_compensation_detail', NULL),
(2467, '2011-12-22 10:29:46', 'trucntt', 'act_add_compensation', NULL),
(2468, '2011-12-22 10:30:01', 'trucntt', 'act_add_compensation_detail', NULL),
(2469, '2011-12-22 10:30:42', 'trucntt', 'act_add_compensation', NULL),
(2470, '2011-12-22 10:30:54', 'trucntt', 'act_add_compensation_detail', NULL),
(2471, '2011-12-22 10:31:31', 'trucntt', 'act_add_compensation', NULL),
(2472, '2011-12-22 10:31:52', 'trucntt', 'act_add_compensation_detail', NULL),
(2473, '2011-12-22 10:32:01', 'trucntt', 'act_add_compensation_detail', NULL),
(2474, '2011-12-22 10:32:37', 'trucntt', 'act_add_compensation', NULL),
(2475, '2011-12-22 10:32:50', 'trucntt', 'act_add_compensation_detail', NULL),
(2476, '2011-12-22 10:32:58', 'trucntt', 'act_add_compensation_detail', NULL),
(2477, '2011-12-22 10:33:06', 'trucntt', 'act_add_compensation_detail', NULL),
(2478, '2011-12-22 10:33:14', 'trucntt', 'act_add_compensation_detail', NULL),
(2479, '2011-12-22 10:33:21', 'trucntt', 'act_add_compensation_detail', NULL),
(2480, '2011-12-22 10:33:29', 'trucntt', 'act_add_compensation_detail', NULL),
(2481, '2011-12-22 10:34:40', 'trucntt', 'act_add_compensation', NULL),
(2482, '2011-12-22 10:34:58', 'trucntt', 'act_add_compensation_detail', NULL),
(2483, '2011-12-22 10:35:05', 'trucntt', 'act_add_compensation_detail', NULL),
(2484, '2011-12-22 10:35:12', 'trucntt', 'act_add_compensation_detail', NULL),
(2485, '2011-12-22 10:35:22', 'trucntt', 'act_add_compensation_detail', NULL),
(2486, '2011-12-22 10:35:31', 'trucntt', 'act_add_compensation_detail', NULL),
(2487, '2011-12-22 10:35:39', 'trucntt', 'act_add_compensation_detail', NULL),
(2488, '2011-12-22 10:36:09', 'trucntt', 'act_add_compensation_detail', NULL),
(2489, '2011-12-22 10:36:16', 'trucntt', 'act_add_compensation_detail', NULL),
(2490, '2011-12-22 10:36:31', 'trucntt', 'act_add_compensation_detail', NULL),
(2491, '2011-12-22 10:36:38', 'trucntt', 'act_add_compensation_detail', NULL),
(2492, '2011-12-22 10:37:00', 'trucntt', 'act_add_compensation_detail', NULL),
(2493, '2011-12-22 10:37:11', 'trucntt', 'act_add_compensation_detail', NULL),
(2494, '2011-12-22 10:37:19', 'trucntt', 'act_add_compensation_detail', NULL),
(2495, '2011-12-22 10:37:26', 'trucntt', 'act_add_compensation_detail', NULL),
(2496, '2011-12-22 10:37:34', 'trucntt', 'act_add_compensation_detail', NULL),
(2497, '2011-12-22 10:37:42', 'trucntt', 'act_add_compensation_detail', NULL),
(2498, '2011-12-22 10:38:04', 'trucntt', 'act_add_compensation_detail', NULL),
(2499, '2011-12-22 10:38:12', 'trucntt', 'act_add_compensation_detail', NULL),
(2500, '2011-12-22 10:38:20', 'trucntt', 'act_add_compensation_detail', NULL),
(2501, '2011-12-22 10:38:55', 'trucntt', 'act_add_compensation', NULL),
(2502, '2011-12-22 10:39:20', 'trucntt', 'act_add_compensation_detail', NULL),
(2503, '2011-12-22 10:39:32', 'trucntt', 'act_add_compensation_detail', NULL),
(2504, '2011-12-22 10:39:42', 'trucntt', 'act_add_compensation_detail', NULL),
(2505, '2011-12-22 10:40:13', 'trucntt', 'act_add_compensation', NULL),
(2506, '2011-12-22 10:40:27', 'trucntt', 'act_add_compensation_detail', NULL),
(2507, '2011-12-22 10:41:37', 'trucntt', 'act_add_compensation', NULL),
(2508, '2011-12-22 10:41:50', 'trucntt', 'act_add_compensation_detail', NULL),
(2509, '2011-12-22 10:41:56', 'trucntt', 'act_add_compensation_detail', NULL),
(2510, '2011-12-22 10:42:03', 'trucntt', 'act_add_compensation_detail', NULL),
(2511, '2011-12-22 10:42:10', 'trucntt', 'act_add_compensation_detail', NULL),
(2512, '2011-12-22 10:42:17', 'trucntt', 'act_add_compensation_detail', NULL),
(2513, '2011-12-22 10:42:57', 'trucntt', 'act_add_compensation', NULL),
(2514, '2011-12-22 10:43:12', 'trucntt', 'act_add_compensation_detail', NULL),
(2515, '2011-12-22 10:44:11', 'trucntt', 'act_add_compensation', NULL),
(2516, '2011-12-22 10:44:21', 'trucntt', 'act_add_compensation_detail', NULL),
(2517, '2011-12-22 10:45:21', 'trucntt', 'act_add_compensation', NULL),
(2518, '2011-12-22 10:45:36', 'trucntt', 'act_add_compensation_detail', NULL),
(2519, '2011-12-22 10:45:45', 'trucntt', 'act_add_compensation_detail', NULL),
(2520, '2011-12-22 10:45:53', 'trucntt', 'act_add_compensation_detail', NULL),
(2521, '2011-12-22 10:46:02', 'trucntt', 'act_add_compensation_detail', NULL),
(2522, '2011-12-22 10:46:10', 'trucntt', 'act_add_compensation_detail', NULL),
(2523, '2011-12-22 10:46:20', 'trucntt', 'act_add_compensation_detail', NULL),
(2524, '2011-12-22 10:46:53', 'trucntt', 'act_add_compensation', NULL),
(2525, '2011-12-22 10:47:04', 'trucntt', 'act_add_compensation_detail', NULL),
(2526, '2011-12-22 10:47:59', 'trucntt', 'act_add_compensation', NULL),
(2527, '2011-12-22 10:48:09', 'trucntt', 'act_add_compensation_detail', NULL),
(2528, '2011-12-22 10:48:37', 'trucntt', 'act_add_compensation', NULL),
(2529, '2011-12-22 10:48:48', 'trucntt', 'act_add_compensation_detail', NULL),
(2530, '2011-12-22 10:49:34', 'trucntt', 'act_add_compensation', NULL),
(2531, '2011-12-22 10:49:40', 'trucntt', 'act_add_compensation_detail', NULL),
(2532, '2011-12-22 10:50:26', 'trucntt', 'act_add_compensation', NULL),
(2533, '2011-12-22 10:50:37', 'trucntt', 'act_add_compensation_detail', NULL),
(2534, '2011-12-22 10:50:44', 'trucntt', 'act_add_compensation_detail', NULL),
(2535, '2011-12-22 10:50:54', 'trucntt', 'act_add_compensation_detail', NULL),
(2536, '2011-12-22 10:51:02', 'trucntt', 'act_add_compensation_detail', NULL),
(2537, '2011-12-22 10:51:10', 'trucntt', 'act_add_compensation_detail', NULL),
(2538, '2011-12-22 10:51:17', 'trucntt', 'act_add_compensation_detail', NULL),
(2539, '2011-12-22 10:52:04', 'trucntt', 'act_add_compensation', NULL),
(2540, '2011-12-22 10:52:14', 'trucntt', 'act_add_compensation_detail', NULL),
(2541, '2011-12-22 10:52:52', 'trucntt', 'act_add_compensation', NULL),
(2542, '2011-12-22 10:53:01', 'trucntt', 'act_add_compensation_detail', NULL),
(2543, '2011-12-22 10:53:20', 'trucntt', 'act_add_compensation', NULL),
(2544, '2011-12-22 10:53:34', 'trucntt', 'act_add_compensation_detail', NULL),
(2545, '2011-12-22 10:54:45', 'trucntt', 'act_add_compensation', NULL),
(2546, '2011-12-22 10:55:03', 'trucntt', 'act_add_compensation_detail', NULL),
(2547, '2011-12-22 10:55:13', 'trucntt', 'act_add_compensation_detail', NULL),
(2548, '2011-12-22 10:55:22', 'trucntt', 'act_add_compensation_detail', NULL),
(2549, '2011-12-22 10:55:30', 'trucntt', 'act_add_compensation_detail', NULL),
(2550, '2011-12-22 10:55:38', 'trucntt', 'act_add_compensation_detail', NULL),
(2551, '2011-12-22 10:55:45', 'trucntt', 'act_add_compensation_detail', NULL),
(2552, '2011-12-22 10:56:14', 'trucntt', 'act_add_compensation', NULL),
(2553, '2011-12-22 10:56:44', 'trucntt', 'act_add_compensation_detail', NULL),
(2554, '2011-12-22 11:02:02', 'trucntt', 'act_add_compensation', NULL),
(2555, '2011-12-22 11:02:20', 'trucntt', 'act_add_compensation_detail', NULL),
(2556, '2011-12-22 11:02:27', 'trucntt', 'act_add_compensation_detail', NULL),
(2557, '2011-12-22 11:02:36', 'trucntt', 'act_add_compensation_detail', NULL),
(2558, '2011-12-22 11:02:42', 'trucntt', 'act_add_compensation_detail', NULL),
(2559, '2011-12-22 11:02:51', 'trucntt', 'act_add_compensation_detail', NULL),
(2560, '2011-12-22 11:03:23', 'trucntt', 'act_edit_compensation', NULL),
(2561, '2011-12-22 11:03:38', 'trucntt', 'act_add_compensation_detail', NULL),
(2562, '2011-12-22 11:03:44', 'trucntt', 'act_add_compensation_detail', NULL),
(2563, '2011-12-22 11:03:51', 'trucntt', 'act_add_compensation_detail', NULL),
(2564, '2011-12-22 11:03:58', 'trucntt', 'act_add_compensation_detail', NULL),
(2565, '2011-12-22 11:04:05', 'trucntt', 'act_add_compensation_detail', NULL),
(2566, '2011-12-22 11:04:12', 'trucntt', 'act_add_compensation_detail', NULL),
(2567, '2011-12-22 11:04:21', 'trucntt', 'act_add_compensation_detail', NULL),
(2568, '2011-12-22 11:04:52', 'trucntt', 'act_add_compensation', NULL),
(2569, '2011-12-22 11:05:04', 'trucntt', 'act_add_compensation_detail', NULL),
(2570, '2011-12-22 11:05:25', 'trucntt', 'act_add_compensation', NULL),
(2571, '2011-12-22 11:05:41', 'trucntt', 'act_add_compensation_detail', NULL),
(2572, '2011-12-22 11:05:51', 'trucntt', 'act_add_compensation_detail', NULL),
(2573, '2011-12-22 11:05:59', 'trucntt', 'act_add_compensation_detail', NULL),
(2574, '2011-12-22 11:06:30', 'trucntt', 'act_add_compensation', NULL),
(2575, '2011-12-22 11:06:42', 'trucntt', 'act_add_compensation_detail', NULL),
(2576, '2011-12-22 11:06:50', 'trucntt', 'act_add_compensation_detail', NULL),
(2577, '2011-12-22 11:06:58', 'trucntt', 'act_add_compensation_detail', NULL),
(2578, '2011-12-22 11:07:07', 'trucntt', 'act_add_compensation_detail', NULL),
(2579, '2011-12-22 11:07:14', 'trucntt', 'act_add_compensation_detail', NULL),
(2580, '2011-12-22 11:07:24', 'trucntt', 'act_add_compensation_detail', NULL),
(2581, '2011-12-22 11:07:45', 'trucntt', 'act_add_compensation', NULL),
(2582, '2011-12-22 11:08:02', 'trucntt', 'act_add_compensation_detail', NULL),
(2583, '2011-12-22 11:08:23', 'trucntt', 'act_add_compensation', NULL),
(2584, '2011-12-22 11:08:41', 'trucntt', 'act_add_compensation_detail', NULL),
(2585, '2011-12-22 11:08:55', 'trucntt', 'act_add_compensation_detail', NULL),
(2586, '2011-12-22 11:09:03', 'trucntt', 'act_add_compensation_detail', NULL),
(2587, '2011-12-22 11:09:31', 'trucntt', 'act_add_compensation', NULL),
(2588, '2011-12-22 11:09:44', 'trucntt', 'act_add_compensation_detail', NULL),
(2589, '2011-12-22 11:09:51', 'trucntt', 'act_add_compensation_detail', NULL),
(2590, '2011-12-22 11:10:00', 'trucntt', 'act_add_compensation_detail', NULL),
(2591, '2011-12-22 11:10:08', 'trucntt', 'act_add_compensation_detail', NULL),
(2592, '2011-12-22 11:10:16', 'trucntt', 'act_add_compensation_detail', NULL),
(2593, '2011-12-22 11:10:24', 'trucntt', 'act_add_compensation_detail', NULL),
(2594, '2011-12-22 11:10:55', 'trucntt', 'act_add_compensation', NULL),
(2595, '2011-12-22 11:11:13', 'trucntt', 'act_add_compensation_detail', NULL),
(2596, '2011-12-22 11:11:42', 'trucntt', 'act_add_compensation', NULL),
(2597, '2011-12-22 11:11:56', 'trucntt', 'act_add_compensation_detail', NULL),
(2598, '2011-12-22 11:12:04', 'trucntt', 'act_add_compensation_detail', NULL),
(2599, '2011-12-22 11:12:11', 'trucntt', 'act_add_compensation_detail', NULL),
(2600, '2011-12-22 11:12:20', 'trucntt', 'act_add_compensation_detail', NULL),
(2601, '2011-12-22 11:12:28', 'trucntt', 'act_add_compensation_detail', NULL),
(2602, '2011-12-22 11:12:36', 'trucntt', 'act_add_compensation_detail', NULL),
(2603, '2011-12-22 11:13:38', 'trucntt', 'act_add_compensation', NULL),
(2604, '2011-12-22 11:13:53', 'trucntt', 'act_add_compensation_detail', NULL),
(2605, '2011-12-22 11:14:41', 'trucntt', 'act_add_compensation', NULL),
(2606, '2011-12-22 11:14:50', 'trucntt', 'act_add_compensation_detail', NULL),
(2607, '2011-12-22 11:15:44', 'trucntt', 'act_add_compensation', NULL),
(2608, '2011-12-22 11:15:54', 'trucntt', 'act_add_compensation_detail', NULL),
(2609, '2011-12-22 11:16:21', 'trucntt', 'act_add_compensation', NULL),
(2610, '2011-12-22 11:16:36', 'trucntt', 'act_add_compensation_detail', NULL),
(2611, '2011-12-22 11:17:30', 'trucntt', 'act_add_compensation', NULL),
(2612, '2011-12-22 11:17:59', 'trucntt', 'act_add_compensation_detail', NULL),
(2613, '2011-12-22 11:18:07', 'trucntt', 'act_add_compensation_detail', NULL),
(2614, '2011-12-22 11:18:14', 'trucntt', 'act_add_compensation_detail', NULL),
(2615, '2011-12-22 11:18:23', 'trucntt', 'act_add_compensation_detail', NULL),
(2616, '2011-12-22 11:18:31', 'trucntt', 'act_add_compensation_detail', NULL),
(2617, '2011-12-22 11:18:45', 'trucntt', 'act_add_compensation_detail', NULL),
(2618, '2011-12-22 11:19:10', 'trucntt', 'act_add_compensation_detail', NULL),
(2619, '2011-12-22 11:19:22', 'trucntt', 'act_add_compensation_detail', NULL),
(2620, '2011-12-22 11:19:41', 'trucntt', 'act_add_compensation_detail', NULL),
(2621, '2011-12-22 11:19:49', 'trucntt', 'act_add_compensation_detail', NULL),
(2622, '2011-12-22 14:36:12', 'trucntt', 'act_add_compensation', NULL),
(2623, '2011-12-22 14:36:27', 'trucntt', 'act_add_compensation_detail', NULL),
(2624, '2011-12-22 14:36:37', 'trucntt', 'act_add_compensation_detail', NULL),
(2625, '2011-12-22 14:36:47', 'trucntt', 'act_add_compensation_detail', NULL),
(2626, '2011-12-22 14:36:55', 'trucntt', 'act_add_compensation_detail', NULL),
(2627, '2011-12-22 14:37:36', 'trucntt', 'act_add_compensation', NULL),
(2628, '2011-12-22 14:37:50', 'trucntt', 'act_add_compensation_detail', NULL),
(2629, '2011-12-22 14:37:57', 'trucntt', 'act_add_compensation_detail', NULL),
(2630, '2011-12-22 14:38:05', 'trucntt', 'act_add_compensation_detail', NULL),
(2631, '2011-12-22 14:38:22', 'trucntt', 'act_add_compensation_detail', NULL),
(2632, '2011-12-22 14:38:29', 'trucntt', 'act_add_compensation_detail', NULL),
(2633, '2011-12-22 14:38:38', 'trucntt', 'act_add_compensation_detail', NULL),
(2634, '2011-12-22 14:38:47', 'trucntt', 'act_add_compensation_detail', NULL),
(2635, '2011-12-22 14:38:54', 'trucntt', 'act_add_compensation_detail', NULL),
(2636, '2011-12-22 14:39:01', 'trucntt', 'act_add_compensation_detail', NULL),
(2637, '2011-12-22 14:39:09', 'trucntt', 'act_add_compensation_detail', NULL),
(2638, '2011-12-22 14:39:35', 'trucntt', 'act_add_compensation_detail', NULL),
(2639, '2011-12-22 14:39:43', 'trucntt', 'act_add_compensation_detail', NULL),
(2640, '2011-12-22 14:39:53', 'trucntt', 'act_add_compensation_detail', NULL),
(2641, '2011-12-22 14:40:00', 'trucntt', 'act_add_compensation_detail', NULL),
(2642, '2011-12-22 14:40:09', 'trucntt', 'act_add_compensation_detail', NULL),
(2643, '2011-12-22 14:40:40', 'trucntt', 'act_add_compensation_detail', NULL),
(2644, '2011-12-22 14:40:48', 'trucntt', 'act_add_compensation_detail', NULL),
(2645, '2011-12-22 14:42:01', 'trucntt', 'act_add_compensation_detail', NULL),
(2646, '2011-12-22 14:42:10', 'trucntt', 'act_add_compensation_detail', NULL),
(2647, '2011-12-22 14:42:21', 'trucntt', 'act_add_compensation_detail', NULL),
(2648, '2011-12-22 14:42:29', 'trucntt', 'act_add_compensation_detail', NULL),
(2649, '2011-12-22 14:42:37', 'trucntt', 'act_add_compensation_detail', NULL),
(2650, '2011-12-22 14:42:45', 'trucntt', 'act_add_compensation_detail', NULL),
(2651, '2011-12-22 14:43:48', 'trucntt', 'act_add_compensation_detail', NULL),
(2652, '2011-12-22 17:27:15', 'quyenlb', 'act_login', NULL),
(2653, '2011-12-22 17:28:34', 'quyenlb', 'act_deny_compensation', NULL),
(2654, '2011-12-22 17:28:36', 'quyenlb', 'act_deny_compensation', NULL),
(2655, '2011-12-22 17:28:38', 'quyenlb', 'act_deny_compensation', NULL),
(2656, '2011-12-22 17:28:42', 'quyenlb', 'act_exec_compensation', NULL),
(2657, '2011-12-23 09:41:10', 'admin', 'act_login', NULL),
(2658, '2011-12-23 16:11:20', 'trucntt', 'act_login', NULL),
(2659, '2011-12-23 16:24:39', 'trucntt', 'act_add_compensation', NULL),
(2660, '2011-12-23 16:24:59', 'trucntt', 'act_del_compensation', NULL),
(2661, '2011-12-23 16:25:24', 'trucntt', 'act_add_compensation', NULL),
(2662, '2011-12-23 16:25:34', 'trucntt', 'act_add_compensation_detail', NULL),
(2663, '2011-12-23 16:26:35', 'trucntt', 'act_add_compensation', NULL),
(2664, '2011-12-23 16:26:49', 'trucntt', 'act_add_compensation_detail', NULL),
(2665, '2011-12-23 16:26:58', 'trucntt', 'act_add_compensation_detail', NULL),
(2666, '2011-12-23 16:27:16', 'trucntt', 'act_add_compensation_detail', NULL),
(2667, '2011-12-23 16:27:34', 'trucntt', 'act_add_compensation_detail', NULL),
(2668, '2011-12-23 16:27:42', 'trucntt', 'act_add_compensation_detail', NULL),
(2669, '2011-12-23 16:28:17', 'trucntt', 'act_add_compensation_detail', NULL),
(2670, '2011-12-23 16:28:49', 'trucntt', 'act_add_compensation', NULL),
(2671, '2011-12-23 16:28:59', 'trucntt', 'act_add_compensation_detail', NULL),
(2672, '2011-12-23 16:29:22', 'trucntt', 'act_add_compensation', NULL),
(2673, '2011-12-23 16:29:35', 'trucntt', 'act_add_compensation_detail', NULL),
(2674, '2011-12-23 16:30:02', 'trucntt', 'act_add_compensation', NULL),
(2675, '2011-12-23 16:30:13', 'trucntt', 'act_add_compensation_detail', NULL),
(2676, '2011-12-23 16:30:24', 'trucntt', 'act_add_compensation_detail', NULL),
(2677, '2011-12-23 16:30:33', 'trucntt', 'act_add_compensation_detail', NULL),
(2678, '2011-12-23 16:30:45', 'trucntt', 'act_add_compensation_detail', NULL),
(2679, '2011-12-23 16:30:55', 'trucntt', 'act_add_compensation_detail', NULL),
(2680, '2011-12-23 16:31:08', 'trucntt', 'act_add_compensation_detail', NULL),
(2681, '2011-12-23 16:31:17', 'trucntt', 'act_add_compensation_detail', NULL),
(2682, '2011-12-23 16:31:38', 'trucntt', 'act_add_compensation', NULL),
(2683, '2011-12-23 16:31:53', 'trucntt', 'act_add_compensation_detail', NULL),
(2684, '2011-12-23 16:32:19', 'trucntt', 'act_add_compensation', NULL),
(2685, '2011-12-23 16:32:31', 'trucntt', 'act_add_compensation_detail', NULL),
(2686, '2011-12-23 16:32:38', 'trucntt', 'act_add_compensation_detail', NULL),
(2687, '2011-12-23 16:32:45', 'trucntt', 'act_add_compensation_detail', NULL),
(2688, '2011-12-23 16:32:55', 'trucntt', 'act_add_compensation_detail', NULL),
(2689, '2011-12-23 16:33:09', 'trucntt', 'act_add_compensation_detail', NULL),
(2690, '2011-12-23 16:33:17', 'trucntt', 'act_add_compensation_detail', NULL),
(2691, '2011-12-23 16:33:40', 'trucntt', 'act_add_compensation', NULL),
(2692, '2011-12-23 16:33:58', 'trucntt', 'act_add_compensation_detail', NULL),
(2693, '2011-12-23 16:34:18', 'trucntt', 'act_add_compensation_detail', NULL),
(2694, '2011-12-23 16:34:27', 'trucntt', 'act_add_compensation_detail', NULL),
(2695, '2011-12-23 16:34:35', 'trucntt', 'act_add_compensation_detail', NULL),
(2696, '2011-12-23 16:34:44', 'trucntt', 'act_add_compensation_detail', NULL),
(2697, '2011-12-23 16:34:52', 'trucntt', 'act_add_compensation_detail', NULL),
(2698, '2011-12-23 16:35:01', 'trucntt', 'act_add_compensation_detail', NULL),
(2699, '2011-12-23 16:35:33', 'trucntt', 'act_add_compensation', NULL),
(2700, '2011-12-23 16:35:52', 'trucntt', 'act_add_compensation_detail', NULL),
(2701, '2011-12-23 16:36:02', 'trucntt', 'act_add_compensation_detail', NULL),
(2702, '2011-12-23 16:36:16', 'trucntt', 'act_add_compensation_detail', NULL),
(2703, '2011-12-23 16:36:47', 'trucntt', 'act_add_compensation', NULL),
(2704, '2011-12-23 16:36:59', 'trucntt', 'act_add_compensation_detail', NULL),
(2705, '2011-12-23 16:37:29', 'trucntt', 'act_add_compensation', NULL),
(2706, '2011-12-23 16:37:41', 'trucntt', 'act_add_compensation_detail', NULL),
(2707, '2011-12-23 16:38:15', 'trucntt', 'act_add_compensation', NULL),
(2708, '2011-12-23 16:38:25', 'trucntt', 'act_add_compensation_detail', NULL),
(2709, '2011-12-23 16:38:55', 'trucntt', 'act_add_compensation', NULL),
(2710, '2011-12-23 16:39:05', 'trucntt', 'act_add_compensation_detail', NULL),
(2711, '2011-12-23 16:39:35', 'trucntt', 'act_add_compensation', NULL),
(2712, '2011-12-23 16:39:44', 'trucntt', 'act_add_compensation_detail', NULL),
(2713, '2011-12-23 16:40:14', 'trucntt', 'act_add_compensation', NULL),
(2714, '2011-12-23 16:40:30', 'trucntt', 'act_add_compensation_detail', NULL),
(2715, '2011-12-23 16:41:06', 'trucntt', 'act_add_compensation', NULL),
(2716, '2011-12-23 16:41:19', 'trucntt', 'act_add_compensation_detail', NULL),
(2717, '2011-12-23 16:41:49', 'trucntt', 'act_add_compensation', NULL),
(2718, '2011-12-23 16:42:01', 'trucntt', 'act_add_compensation_detail', NULL),
(2719, '2011-12-23 16:42:34', 'trucntt', 'act_add_compensation', NULL),
(2720, '2011-12-23 16:42:45', 'trucntt', 'act_add_compensation_detail', NULL),
(2721, '2011-12-23 16:43:04', 'trucntt', 'act_add_compensation', NULL),
(2722, '2011-12-23 16:43:18', 'trucntt', 'act_add_compensation_detail', NULL),
(2723, '2011-12-23 16:43:55', 'trucntt', 'act_add_compensation', NULL),
(2724, '2011-12-23 16:44:11', 'trucntt', 'act_add_compensation_detail', NULL),
(2725, '2011-12-23 16:44:59', 'trucntt', 'act_add_compensation', NULL),
(2726, '2011-12-23 16:45:12', 'trucntt', 'act_add_compensation_detail', NULL),
(2727, '2011-12-23 16:45:49', 'trucntt', 'act_add_compensation', NULL),
(2728, '2011-12-23 16:46:03', 'trucntt', 'act_add_compensation_detail', NULL),
(2729, '2011-12-23 16:46:12', 'trucntt', 'act_add_compensation_detail', NULL),
(2730, '2011-12-23 16:46:20', 'trucntt', 'act_add_compensation_detail', NULL),
(2731, '2011-12-23 16:46:29', 'trucntt', 'act_add_compensation_detail', NULL),
(2732, '2011-12-23 16:46:37', 'trucntt', 'act_add_compensation_detail', NULL),
(2733, '2011-12-23 16:46:46', 'trucntt', 'act_add_compensation_detail', NULL),
(2734, '2011-12-23 16:46:56', 'trucntt', 'act_add_compensation_detail', NULL),
(2735, '2011-12-23 16:47:03', 'trucntt', 'act_add_compensation_detail', NULL),
(2736, '2011-12-23 16:47:19', 'trucntt', 'act_add_compensation_detail', NULL),
(2737, '2011-12-23 16:47:27', 'trucntt', 'act_add_compensation_detail', NULL),
(2738, '2011-12-23 16:47:34', 'trucntt', 'act_add_compensation_detail', NULL),
(2739, '2011-12-23 16:48:21', 'trucntt', 'act_add_compensation', NULL),
(2740, '2011-12-23 16:48:32', 'trucntt', 'act_add_compensation_detail', NULL),
(2741, '2011-12-23 16:49:01', 'trucntt', 'act_add_compensation', NULL),
(2742, '2011-12-23 16:49:14', 'trucntt', 'act_add_compensation_detail', NULL),
(2743, '2011-12-23 16:49:23', 'trucntt', 'act_add_compensation_detail', NULL),
(2744, '2011-12-23 16:49:31', 'trucntt', 'act_add_compensation_detail', NULL),
(2745, '2011-12-23 16:49:40', 'trucntt', 'act_add_compensation_detail', NULL),
(2746, '2011-12-23 16:49:49', 'trucntt', 'act_add_compensation_detail', NULL),
(2747, '2011-12-23 16:49:57', 'trucntt', 'act_add_compensation_detail', NULL),
(2748, '2011-12-23 16:50:06', 'trucntt', 'act_add_compensation_detail', NULL),
(2749, '2011-12-23 16:50:48', 'trucntt', 'act_add_compensation', NULL),
(2750, '2011-12-23 16:50:59', 'trucntt', 'act_add_compensation_detail', NULL),
(2751, '2011-12-23 16:51:25', 'trucntt', 'act_add_compensation', NULL),
(2752, '2011-12-23 16:51:35', 'trucntt', 'act_add_compensation_detail', NULL),
(2753, '2011-12-23 16:51:57', 'trucntt', 'act_add_compensation', NULL),
(2754, '2011-12-23 16:52:13', 'trucntt', 'act_add_compensation_detail', NULL),
(2755, '2011-12-23 16:52:24', 'trucntt', 'act_add_compensation_detail', NULL),
(2756, '2011-12-23 16:53:01', 'trucntt', 'act_edit_compensation', NULL),
(2757, '2011-12-23 16:53:26', 'trucntt', 'act_add_compensation_detail', NULL),
(2758, '2011-12-23 16:53:34', 'trucntt', 'act_add_compensation_detail', NULL),
(2759, '2011-12-23 16:53:42', 'trucntt', 'act_add_compensation_detail', NULL),
(2760, '2011-12-23 16:53:55', 'trucntt', 'act_add_compensation_detail', NULL),
(2761, '2011-12-23 16:54:14', 'trucntt', 'act_add_compensation_detail', NULL),
(2762, '2011-12-23 16:54:24', 'trucntt', 'act_add_compensation_detail', NULL),
(2763, '2011-12-23 16:55:03', 'trucntt', 'act_add_compensation', NULL),
(2764, '2011-12-23 16:55:19', 'trucntt', 'act_add_compensation_detail', NULL),
(2765, '2011-12-23 16:55:55', 'trucntt', 'act_add_compensation', NULL),
(2766, '2011-12-23 16:56:10', 'trucntt', 'act_add_compensation_detail', NULL),
(2767, '2011-12-23 16:56:31', 'trucntt', 'act_add_compensation', NULL),
(2768, '2011-12-23 16:56:46', 'trucntt', 'act_add_compensation_detail', NULL),
(2769, '2011-12-23 16:57:28', 'trucntt', 'act_add_compensation', NULL),
(2770, '2011-12-23 16:57:44', 'trucntt', 'act_add_compensation_detail', NULL),
(2771, '2011-12-23 16:58:14', 'trucntt', 'act_add_compensation', NULL),
(2772, '2011-12-23 16:58:45', 'trucntt', 'act_add_compensation_detail', NULL),
(2773, '2011-12-23 16:59:01', 'trucntt', 'act_add_compensation_detail', NULL),
(2774, '2011-12-23 16:59:08', 'trucntt', 'act_add_compensation_detail', NULL),
(2775, '2011-12-23 16:59:18', 'trucntt', 'act_add_compensation_detail', NULL),
(2776, '2011-12-23 16:59:29', 'trucntt', 'act_add_compensation_detail', NULL),
(2777, '2011-12-23 16:59:41', 'trucntt', 'act_add_compensation_detail', NULL),
(2778, '2011-12-23 16:59:54', 'trucntt', 'act_add_compensation_detail', NULL),
(2779, '2011-12-23 17:00:06', 'trucntt', 'act_add_compensation_detail', NULL),
(2780, '2011-12-23 17:00:17', 'trucntt', 'act_add_compensation_detail', NULL),
(2781, '2011-12-23 17:00:25', 'trucntt', 'act_add_compensation_detail', NULL),
(2782, '2011-12-23 17:00:36', 'trucntt', 'act_add_compensation_detail', NULL),
(2783, '2011-12-23 17:00:45', 'trucntt', 'act_add_compensation_detail', NULL),
(2784, '2011-12-23 17:00:55', 'trucntt', 'act_add_compensation_detail', NULL),
(2785, '2011-12-23 17:01:33', 'trucntt', 'act_add_compensation', NULL),
(2786, '2011-12-23 17:01:53', 'trucntt', 'act_add_compensation_detail', NULL),
(2787, '2011-12-23 17:02:16', 'trucntt', 'act_add_compensation_detail', NULL),
(2788, '2011-12-23 17:02:25', 'trucntt', 'act_add_compensation_detail', NULL),
(2789, '2011-12-23 17:03:02', 'trucntt', 'act_add_compensation_detail', NULL),
(2790, '2011-12-23 17:03:30', 'trucntt', 'act_add_compensation', NULL),
(2791, '2011-12-23 17:03:48', 'trucntt', 'act_add_compensation_detail', NULL),
(2792, '2011-12-23 17:04:20', 'trucntt', 'act_add_compensation', NULL),
(2793, '2011-12-23 17:04:32', 'trucntt', 'act_add_compensation_detail', NULL),
(2794, '2011-12-23 17:04:39', 'trucntt', 'act_add_compensation_detail', NULL),
(2795, '2011-12-23 17:04:48', 'trucntt', 'act_add_compensation_detail', NULL),
(2796, '2011-12-23 17:04:57', 'trucntt', 'act_add_compensation_detail', NULL),
(2797, '2011-12-23 17:05:05', 'trucntt', 'act_add_compensation_detail', NULL),
(2798, '2011-12-23 17:05:13', 'trucntt', 'act_add_compensation_detail', NULL);
INSERT INTO `log` (`id`, `action_date`, `user`, `action`, `note`) VALUES
(2799, '2011-12-23 17:05:38', 'trucntt', 'act_add_compensation', NULL),
(2800, '2011-12-23 17:05:54', 'trucntt', 'act_add_compensation_detail', NULL),
(2801, '2011-12-23 17:06:31', 'trucntt', 'act_add_compensation', NULL),
(2802, '2011-12-23 17:06:43', 'trucntt', 'act_add_compensation_detail', NULL),
(2803, '2011-12-23 17:06:52', 'trucntt', 'act_add_compensation_detail', NULL),
(2804, '2011-12-23 17:07:00', 'trucntt', 'act_add_compensation_detail', NULL),
(2805, '2011-12-23 17:07:09', 'trucntt', 'act_add_compensation_detail', NULL),
(2806, '2011-12-23 17:07:16', 'trucntt', 'act_add_compensation_detail', NULL),
(2807, '2011-12-23 17:07:24', 'trucntt', 'act_add_compensation_detail', NULL),
(2808, '2011-12-23 17:07:59', 'trucntt', 'act_add_compensation', NULL),
(2809, '2011-12-23 17:08:13', 'trucntt', 'act_add_compensation_detail', NULL),
(2810, '2011-12-23 17:08:25', 'trucntt', 'act_add_compensation_detail', NULL),
(2811, '2011-12-23 17:08:33', 'trucntt', 'act_add_compensation_detail', NULL),
(2812, '2011-12-23 17:08:41', 'trucntt', 'act_add_compensation_detail', NULL),
(2813, '2011-12-23 17:08:51', 'trucntt', 'act_add_compensation_detail', NULL),
(2814, '2011-12-23 17:09:01', 'trucntt', 'act_add_compensation_detail', NULL),
(2815, '2011-12-23 17:09:07', 'trucntt', 'act_add_compensation_detail', NULL),
(2816, '2011-12-23 17:09:13', 'trucntt', 'act_add_compensation_detail', NULL),
(2817, '2011-12-23 17:09:20', 'trucntt', 'act_add_compensation_detail', NULL),
(2818, '2011-12-23 17:09:26', 'trucntt', 'act_add_compensation_detail', NULL),
(2819, '2011-12-23 17:09:34', 'trucntt', 'act_add_compensation_detail', NULL),
(2820, '2011-12-23 17:10:05', 'trucntt', 'act_add_compensation', NULL),
(2821, '2011-12-23 17:10:21', 'trucntt', 'act_add_compensation_detail', NULL),
(2822, '2011-12-23 17:10:48', 'trucntt', 'act_add_compensation', NULL),
(2823, '2011-12-23 17:11:06', 'trucntt', 'act_add_compensation_detail', NULL),
(2824, '2011-12-23 17:11:18', 'trucntt', 'act_add_compensation_detail', NULL),
(2825, '2011-12-23 17:11:28', 'trucntt', 'act_add_compensation_detail', NULL),
(2826, '2011-12-23 17:11:38', 'trucntt', 'act_add_compensation_detail', NULL),
(2827, '2011-12-23 17:11:47', 'trucntt', 'act_add_compensation_detail', NULL),
(2828, '2011-12-23 17:11:56', 'trucntt', 'act_add_compensation_detail', NULL),
(2829, '2011-12-23 17:12:04', 'trucntt', 'act_add_compensation_detail', NULL),
(2830, '2011-12-23 17:12:12', 'trucntt', 'act_add_compensation_detail', NULL),
(2831, '2011-12-23 17:12:21', 'trucntt', 'act_add_compensation_detail', NULL),
(2832, '2011-12-23 17:12:30', 'trucntt', 'act_add_compensation_detail', NULL),
(2833, '2011-12-23 17:12:41', 'trucntt', 'act_add_compensation_detail', NULL),
(2834, '2011-12-23 17:13:08', 'trucntt', 'act_add_compensation', NULL),
(2835, '2011-12-23 17:13:19', 'trucntt', 'act_add_compensation_detail', NULL),
(2836, '2011-12-23 17:13:53', 'trucntt', 'act_add_compensation', NULL),
(2837, '2011-12-23 17:14:00', 'trucntt', 'act_add_compensation_detail', NULL),
(2838, '2011-12-23 17:14:26', 'quyenlb', 'act_login', NULL),
(2839, '2011-12-23 17:14:43', 'quyenlb', 'act_deny_compensation', NULL),
(2840, '2011-12-23 17:14:45', 'quyenlb', 'act_deny_compensation', NULL),
(2841, '2011-12-23 17:14:47', 'quyenlb', 'act_deny_compensation', NULL),
(2842, '2011-12-23 17:14:51', 'quyenlb', 'act_exec_compensation', NULL),
(2843, '2011-12-23 17:17:43', 'trucntt', 'act_add_compensation', NULL),
(2844, '2011-12-23 17:17:56', 'trucntt', 'act_add_compensation_detail', NULL),
(2845, '2011-12-23 17:18:19', 'trucntt', 'act_add_compensation', NULL),
(2846, '2011-12-23 17:18:36', 'trucntt', 'act_add_compensation_detail', NULL),
(2847, '2011-12-23 17:19:04', 'trucntt', 'act_add_compensation', NULL),
(2848, '2011-12-23 17:19:18', 'trucntt', 'act_add_compensation_detail', NULL),
(2849, '2011-12-23 17:19:26', 'trucntt', 'act_add_compensation_detail', NULL),
(2850, '2011-12-23 17:19:33', 'trucntt', 'act_add_compensation_detail', NULL),
(2851, '2011-12-23 17:19:44', 'trucntt', 'act_add_compensation_detail', NULL),
(2852, '2011-12-23 17:19:59', 'trucntt', 'act_add_compensation_detail', NULL),
(2853, '2011-12-23 17:20:08', 'trucntt', 'act_add_compensation_detail', NULL),
(2854, '2011-12-23 17:20:17', 'trucntt', 'act_add_compensation_detail', NULL),
(2855, '2011-12-23 17:20:26', 'trucntt', 'act_add_compensation_detail', NULL),
(2856, '2011-12-23 17:20:36', 'trucntt', 'act_add_compensation_detail', NULL),
(2857, '2011-12-23 17:20:50', 'trucntt', 'act_add_compensation_detail', NULL),
(2858, '2011-12-23 17:21:18', 'trucntt', 'act_add_compensation', NULL),
(2859, '2011-12-23 17:21:31', 'trucntt', 'act_add_compensation_detail', NULL),
(2860, '2011-12-23 17:22:10', 'trucntt', 'act_add_compensation', NULL),
(2861, '2011-12-23 17:22:54', 'trucntt', 'act_add_compensation_detail', NULL),
(2862, '2011-12-23 17:23:06', 'trucntt', 'act_add_compensation_detail', NULL),
(2863, '2011-12-23 17:23:17', 'trucntt', 'act_add_compensation_detail', NULL),
(2864, '2011-12-23 17:24:00', 'trucntt', 'act_add_compensation_detail', NULL),
(2865, '2011-12-23 17:24:09', 'trucntt', 'act_add_compensation_detail', NULL),
(2866, '2011-12-23 17:24:39', 'trucntt', 'act_add_compensation_detail', NULL),
(2867, '2011-12-23 17:24:47', 'trucntt', 'act_add_compensation_detail', NULL),
(2868, '2011-12-23 17:24:55', 'trucntt', 'act_add_compensation_detail', NULL),
(2869, '2011-12-23 17:25:03', 'trucntt', 'act_add_compensation_detail', NULL),
(2870, '2011-12-23 17:25:32', 'trucntt', 'act_add_compensation', NULL),
(2871, '2011-12-23 17:25:45', 'trucntt', 'act_add_compensation_detail', NULL),
(2872, '2011-12-23 17:25:53', 'trucntt', 'act_add_compensation_detail', NULL),
(2873, '2011-12-23 17:26:02', 'trucntt', 'act_add_compensation_detail', NULL),
(2874, '2011-12-23 17:26:10', 'trucntt', 'act_add_compensation_detail', NULL),
(2875, '2011-12-23 17:26:18', 'trucntt', 'act_add_compensation_detail', NULL),
(2876, '2011-12-23 17:26:26', 'trucntt', 'act_add_compensation_detail', NULL),
(2877, '2011-12-23 17:26:37', 'trucntt', 'act_add_compensation_detail', NULL),
(2878, '2011-12-23 17:26:51', 'trucntt', 'act_add_compensation_detail', NULL),
(2879, '2011-12-23 17:26:58', 'trucntt', 'act_add_compensation_detail', NULL),
(2880, '2011-12-23 17:27:16', 'trucntt', 'act_add_compensation_detail', NULL),
(2881, '2011-12-23 17:27:26', 'trucntt', 'act_add_compensation_detail', NULL),
(2882, '2011-12-23 17:28:01', 'trucntt', 'act_add_compensation', NULL),
(2883, '2011-12-23 17:28:11', 'trucntt', 'act_add_compensation_detail', NULL),
(2884, '2011-12-23 17:28:35', 'trucntt', 'act_add_compensation', NULL),
(2885, '2011-12-23 17:29:01', 'trucntt', 'act_add_compensation_detail', NULL),
(2886, '2011-12-23 17:29:27', 'trucntt', 'act_add_compensation', NULL),
(2887, '2011-12-23 17:29:39', 'trucntt', 'act_add_compensation_detail', NULL),
(2888, '2011-12-23 17:29:47', 'trucntt', 'act_add_compensation_detail', NULL),
(2889, '2011-12-23 17:29:55', 'trucntt', 'act_add_compensation_detail', NULL),
(2890, '2011-12-23 17:30:04', 'trucntt', 'act_add_compensation_detail', NULL),
(2891, '2011-12-23 17:30:11', 'trucntt', 'act_add_compensation_detail', NULL),
(2892, '2011-12-23 17:30:22', 'trucntt', 'act_add_compensation_detail', NULL),
(2893, '2011-12-23 17:30:48', 'trucntt', 'act_add_compensation', NULL),
(2894, '2011-12-23 17:31:02', 'trucntt', 'act_add_compensation_detail', NULL),
(2895, '2011-12-26 09:28:07', 'admin', 'act_login', NULL),
(2896, '2011-12-26 09:36:41', 'admin', 'act_login', NULL),
(2897, '2011-12-26 16:42:54', 'trucntt', 'act_login', NULL),
(2898, '2011-12-26 16:43:58', 'trucntt', 'act_add_compensation', NULL),
(2899, '2011-12-26 16:44:10', 'trucntt', 'act_add_compensation_detail', NULL),
(2900, '2011-12-26 16:44:46', 'trucntt', 'act_add_compensation_detail', NULL),
(2901, '2011-12-26 16:44:53', 'trucntt', 'act_add_compensation_detail', NULL),
(2902, '2011-12-26 16:45:04', 'trucntt', 'act_add_compensation_detail', NULL),
(2903, '2011-12-26 16:45:12', 'trucntt', 'act_add_compensation_detail', NULL),
(2904, '2011-12-26 16:45:35', 'trucntt', 'act_add_compensation_detail', NULL),
(2905, '2011-12-26 16:45:50', 'trucntt', 'act_add_compensation_detail', NULL),
(2906, '2011-12-26 16:46:17', 'trucntt', 'act_add_compensation_detail', NULL),
(2907, '2011-12-26 16:46:30', 'trucntt', 'act_add_compensation_detail', NULL),
(2908, '2011-12-26 16:46:44', 'trucntt', 'act_add_compensation_detail', NULL),
(2909, '2011-12-26 16:46:54', 'trucntt', 'act_add_compensation_detail', NULL),
(2910, '2011-12-26 16:47:07', 'trucntt', 'act_add_compensation_detail', NULL),
(2911, '2011-12-26 16:47:15', 'trucntt', 'act_add_compensation_detail', NULL),
(2912, '2011-12-26 16:52:40', 'trucntt', 'act_add_compensation', NULL),
(2913, '2011-12-26 16:52:54', 'trucntt', 'act_add_compensation_detail', NULL),
(2914, '2011-12-26 16:53:13', 'trucntt', 'act_add_compensation_detail', NULL),
(2915, '2011-12-26 16:53:22', 'trucntt', 'act_add_compensation_detail', NULL),
(2916, '2011-12-26 16:54:05', 'trucntt', 'act_add_compensation_detail', NULL),
(2917, '2011-12-26 16:54:16', 'trucntt', 'act_add_compensation_detail', NULL),
(2918, '2011-12-26 16:54:27', 'trucntt', 'act_add_compensation_detail', NULL),
(2919, '2011-12-26 16:54:40', 'trucntt', 'act_add_compensation_detail', NULL),
(2920, '2011-12-26 16:55:07', 'trucntt', 'act_add_compensation_detail', NULL),
(2921, '2011-12-26 16:55:15', 'trucntt', 'act_add_compensation_detail', NULL),
(2922, '2011-12-26 16:55:22', 'trucntt', 'act_add_compensation_detail', NULL),
(2923, '2011-12-26 16:55:28', 'trucntt', 'act_add_compensation_detail', NULL),
(2924, '2011-12-26 16:55:57', 'trucntt', 'act_add_compensation', NULL),
(2925, '2011-12-26 16:56:11', 'trucntt', 'act_add_compensation_detail', NULL),
(2926, '2011-12-26 16:56:24', 'trucntt', 'act_add_compensation_detail', NULL),
(2927, '2011-12-26 16:56:32', 'trucntt', 'act_add_compensation_detail', NULL),
(2928, '2011-12-26 16:56:42', 'trucntt', 'act_add_compensation_detail', NULL),
(2929, '2011-12-26 16:56:50', 'trucntt', 'act_add_compensation_detail', NULL),
(2930, '2011-12-26 16:56:57', 'trucntt', 'act_add_compensation_detail', NULL),
(2931, '2011-12-26 16:57:17', 'trucntt', 'act_add_compensation_detail', NULL),
(2932, '2011-12-26 16:58:05', 'trucntt', 'act_add_compensation', NULL),
(2933, '2011-12-26 16:58:20', 'trucntt', 'act_add_compensation_detail', NULL),
(2934, '2011-12-26 16:59:04', 'trucntt', 'act_add_compensation', NULL),
(2935, '2011-12-26 16:59:17', 'trucntt', 'act_add_compensation_detail', NULL),
(2936, '2011-12-26 16:59:27', 'trucntt', 'act_add_compensation_detail', NULL),
(2937, '2011-12-26 17:07:21', 'admin', 'act_login', NULL),
(2938, '2011-12-26 17:17:19', 'quyenlb', 'act_login', NULL),
(2939, '2011-12-26 17:17:29', 'quyenlb', 'act_deny_compensation', NULL),
(2940, '2011-12-26 17:17:39', 'quyenlb', 'act_exec_compensation', NULL),
(2941, '2011-12-26 17:18:00', 'admin', 'act_login', NULL),
(2942, '2011-12-26 17:21:46', 'admin', 'act_add_compensation', NULL),
(2943, '2011-12-26 17:39:24', 'trucntt', 'act_del_compensation', NULL),
(2944, '2011-12-26 17:40:03', 'trucntt', 'act_add_compensation', NULL),
(2945, '2011-12-26 17:40:20', 'trucntt', 'act_add_compensation_detail', NULL),
(2946, '2011-12-26 17:42:12', 'trucntt', 'act_add_compensation', NULL),
(2947, '2011-12-26 17:42:24', 'trucntt', 'act_add_compensation_detail', NULL),
(2948, '2011-12-26 17:42:33', 'trucntt', 'act_add_compensation_detail', NULL),
(2949, '2011-12-26 17:42:49', 'trucntt', 'act_add_compensation_detail', NULL),
(2950, '2011-12-26 17:42:57', 'trucntt', 'act_add_compensation_detail', NULL),
(2951, '2011-12-26 17:43:05', 'trucntt', 'act_add_compensation_detail', NULL),
(2952, '2011-12-26 17:43:16', 'trucntt', 'act_add_compensation_detail', NULL),
(2953, '2011-12-26 17:43:25', 'trucntt', 'act_add_compensation_detail', NULL),
(2954, '2011-12-26 17:44:11', 'trucntt', 'act_add_compensation_detail', NULL),
(2955, '2011-12-26 17:44:22', 'trucntt', 'act_add_compensation_detail', NULL),
(2956, '2011-12-26 17:44:33', 'trucntt', 'act_add_compensation_detail', NULL),
(2957, '2011-12-26 17:44:43', 'trucntt', 'act_add_compensation_detail', NULL),
(2958, '2011-12-26 17:45:08', 'trucntt', 'act_edit_compensation', NULL),
(2959, '2011-12-26 17:45:43', 'trucntt', 'act_add_compensation', NULL),
(2960, '2011-12-26 17:46:09', 'trucntt', 'act_add_compensation_detail', NULL),
(2961, '2011-12-26 17:46:16', 'trucntt', 'act_add_compensation_detail', NULL),
(2962, '2011-12-26 17:46:23', 'trucntt', 'act_add_compensation_detail', NULL),
(2963, '2011-12-26 17:46:56', 'trucntt', 'act_add_compensation', NULL),
(2964, '2011-12-26 17:47:11', 'trucntt', 'act_add_compensation_detail', NULL),
(2965, '2011-12-26 17:47:21', 'trucntt', 'act_add_compensation_detail', NULL),
(2966, '2011-12-26 17:47:32', 'trucntt', 'act_add_compensation_detail', NULL),
(2967, '2011-12-26 17:47:43', 'trucntt', 'act_add_compensation_detail', NULL),
(2968, '2011-12-26 17:47:52', 'trucntt', 'act_add_compensation_detail', NULL),
(2969, '2011-12-26 17:47:57', 'trucntt', 'act_add_compensation_detail', NULL),
(2970, '2011-12-26 17:48:05', 'trucntt', 'act_add_compensation_detail', NULL),
(2971, '2011-12-26 17:48:29', 'trucntt', 'act_add_compensation_detail', NULL),
(2972, '2011-12-26 17:48:36', 'trucntt', 'act_add_compensation_detail', NULL),
(2973, '2011-12-26 17:48:42', 'trucntt', 'act_add_compensation_detail', NULL),
(2974, '2011-12-26 17:49:14', 'trucntt', 'act_add_compensation', NULL),
(2975, '2011-12-26 17:49:33', 'trucntt', 'act_add_compensation_detail', NULL),
(2976, '2011-12-26 17:49:49', 'trucntt', 'act_add_compensation_detail', NULL),
(2977, '2011-12-26 17:50:01', 'trucntt', 'act_add_compensation_detail', NULL),
(2978, '2011-12-26 17:50:10', 'trucntt', 'act_add_compensation_detail', NULL),
(2979, '2011-12-26 17:50:18', 'trucntt', 'act_add_compensation_detail', NULL),
(2980, '2011-12-26 17:50:29', 'trucntt', 'act_add_compensation_detail', NULL),
(2981, '2011-12-26 17:50:39', 'trucntt', 'act_add_compensation_detail', NULL),
(2982, '2011-12-26 17:50:46', 'trucntt', 'act_add_compensation_detail', NULL),
(2983, '2011-12-26 17:50:52', 'trucntt', 'act_add_compensation_detail', NULL),
(2984, '2011-12-26 17:50:59', 'trucntt', 'act_add_compensation_detail', NULL),
(2985, '2011-12-26 17:51:07', 'trucntt', 'act_add_compensation_detail', NULL),
(2986, '2011-12-26 17:51:32', 'trucntt', 'act_add_compensation', NULL),
(2987, '2011-12-26 17:51:52', 'trucntt', 'act_add_compensation_detail', NULL),
(2988, '2011-12-26 17:52:02', 'trucntt', 'act_add_compensation_detail', NULL),
(2989, '2011-12-26 17:52:13', 'trucntt', 'act_add_compensation_detail', NULL),
(2990, '2011-12-26 17:52:20', 'trucntt', 'act_add_compensation_detail', NULL),
(2991, '2011-12-26 17:52:28', 'trucntt', 'act_add_compensation_detail', NULL),
(2992, '2011-12-26 17:52:36', 'trucntt', 'act_add_compensation_detail', NULL),
(2993, '2011-12-26 17:52:43', 'trucntt', 'act_add_compensation_detail', NULL),
(2994, '2011-12-26 17:53:00', 'trucntt', 'act_add_compensation_detail', NULL),
(2995, '2011-12-26 17:53:07', 'trucntt', 'act_add_compensation_detail', NULL),
(2996, '2011-12-26 17:53:31', 'trucntt', 'act_add_compensation_detail', NULL),
(2997, '2011-12-26 17:53:37', 'trucntt', 'act_add_compensation_detail', NULL),
(2998, '2011-12-26 17:54:00', 'trucntt', 'act_add_compensation_detail', NULL),
(2999, '2011-12-26 17:54:05', 'trucntt', 'act_add_compensation_detail', NULL),
(3000, '2011-12-26 17:54:34', 'trucntt', 'act_add_compensation', NULL),
(3001, '2011-12-26 17:54:45', 'trucntt', 'act_add_compensation_detail', NULL),
(3002, '2011-12-26 17:55:12', 'trucntt', 'act_add_compensation', NULL),
(3003, '2011-12-26 17:55:30', 'trucntt', 'act_add_compensation_detail', NULL),
(3004, '2011-12-26 17:55:47', 'trucntt', 'act_add_compensation', NULL),
(3005, '2011-12-26 17:55:59', 'trucntt', 'act_add_compensation_detail', NULL),
(3006, '2011-12-26 17:56:23', 'trucntt', 'act_add_compensation', NULL),
(3007, '2011-12-26 17:56:37', 'trucntt', 'act_add_compensation_detail', NULL),
(3008, '2011-12-26 17:56:48', 'trucntt', 'act_add_compensation_detail', NULL),
(3009, '2011-12-26 17:56:57', 'trucntt', 'act_add_compensation_detail', NULL),
(3010, '2011-12-26 17:57:06', 'trucntt', 'act_add_compensation_detail', NULL),
(3011, '2011-12-26 17:57:13', 'trucntt', 'act_add_compensation_detail', NULL),
(3012, '2011-12-26 17:57:21', 'trucntt', 'act_add_compensation_detail', NULL),
(3013, '2011-12-26 17:57:27', 'trucntt', 'act_add_compensation_detail', NULL),
(3014, '2011-12-26 17:58:41', 'trucntt', 'act_add_compensation', NULL),
(3015, '2011-12-26 17:58:50', 'trucntt', 'act_add_compensation_detail', NULL),
(3016, '2011-12-26 17:59:16', 'trucntt', 'act_add_compensation', NULL),
(3017, '2011-12-26 17:59:25', 'trucntt', 'act_add_compensation_detail', NULL),
(3018, '2011-12-26 17:59:43', 'trucntt', 'act_add_compensation', NULL),
(3019, '2011-12-26 18:00:17', 'trucntt', 'act_add_compensation_detail', NULL),
(3020, '2011-12-26 18:00:37', 'trucntt', 'act_edit_compensation', NULL),
(3021, '2011-12-27 09:50:28', 'trucntt', 'act_login', NULL),
(3022, '2011-12-27 09:53:49', 'trucntt', 'act_edit_notice', NULL),
(3023, '2011-12-27 11:34:25', 'admin', 'act_login', NULL),
(3024, '2011-12-27 16:07:26', 'trucntt', 'act_login', NULL),
(3025, '2011-12-27 16:07:46', 'trucntt', 'act_add_compensation', NULL),
(3026, '2011-12-27 16:07:57', 'trucntt', 'act_add_compensation_detail', NULL),
(3027, '2011-12-27 17:00:52', 'quyenlb', 'act_login', NULL),
(3028, '2011-12-27 17:01:57', 'quyenlb', 'act_deny_compensation', NULL),
(3029, '2011-12-27 17:02:02', 'quyenlb', 'act_exec_compensation', NULL),
(3030, '2011-12-27 17:04:28', 'trucntt', 'act_add_compensation', NULL),
(3031, '2011-12-27 17:04:37', 'trucntt', 'act_add_compensation_detail', NULL),
(3032, '2011-12-27 17:04:46', 'trucntt', 'act_add_compensation_detail', NULL),
(3033, '2011-12-27 17:05:20', 'trucntt', 'act_add_compensation', NULL),
(3034, '2011-12-27 17:05:29', 'trucntt', 'act_add_compensation_detail', NULL),
(3035, '2011-12-27 17:06:29', 'trucntt', 'act_add_compensation', NULL),
(3036, '2011-12-27 17:06:47', 'trucntt', 'act_add_compensation_detail', NULL),
(3037, '2011-12-27 17:06:56', 'trucntt', 'act_add_compensation_detail', NULL),
(3038, '2011-12-27 17:07:09', 'trucntt', 'act_add_compensation_detail', NULL),
(3039, '2011-12-27 17:07:17', 'trucntt', 'act_add_compensation_detail', NULL),
(3040, '2011-12-27 17:07:25', 'trucntt', 'act_add_compensation_detail', NULL),
(3041, '2011-12-27 17:07:38', 'trucntt', 'act_add_compensation_detail', NULL),
(3042, '2011-12-27 17:07:46', 'trucntt', 'act_add_compensation_detail', NULL),
(3043, '2011-12-27 17:07:53', 'trucntt', 'act_add_compensation_detail', NULL),
(3044, '2011-12-27 17:08:31', 'trucntt', 'act_add_compensation', NULL),
(3045, '2011-12-27 17:08:42', 'trucntt', 'act_add_compensation_detail', NULL),
(3046, '2011-12-27 17:08:49', 'trucntt', 'act_add_compensation_detail', NULL),
(3047, '2011-12-27 17:09:11', 'trucntt', 'act_add_compensation', NULL),
(3048, '2011-12-27 17:09:22', 'trucntt', 'act_add_compensation_detail', NULL),
(3049, '2011-12-27 17:09:51', 'trucntt', 'act_add_compensation', NULL),
(3050, '2011-12-27 17:10:14', 'trucntt', 'act_add_compensation_detail', NULL),
(3051, '2011-12-27 17:10:22', 'trucntt', 'act_add_compensation_detail', NULL),
(3052, '2011-12-27 17:10:32', 'trucntt', 'act_add_compensation_detail', NULL),
(3053, '2011-12-27 17:10:42', 'trucntt', 'act_add_compensation_detail', NULL),
(3054, '2011-12-27 17:10:47', 'trucntt', 'act_add_compensation_detail', NULL),
(3055, '2011-12-27 17:10:56', 'trucntt', 'act_add_compensation_detail', NULL),
(3056, '2011-12-27 17:11:04', 'trucntt', 'act_add_compensation_detail', NULL),
(3057, '2011-12-27 17:11:11', 'trucntt', 'act_add_compensation_detail', NULL),
(3058, '2011-12-27 17:11:37', 'trucntt', 'act_add_compensation', NULL),
(3059, '2011-12-27 17:11:48', 'trucntt', 'act_add_compensation_detail', NULL),
(3060, '2011-12-27 17:11:56', 'trucntt', 'act_add_compensation_detail', NULL),
(3061, '2011-12-27 17:12:05', 'trucntt', 'act_add_compensation_detail', NULL),
(3062, '2011-12-27 17:12:12', 'trucntt', 'act_add_compensation_detail', NULL),
(3063, '2011-12-27 17:12:22', 'trucntt', 'act_add_compensation_detail', NULL),
(3064, '2011-12-27 17:12:30', 'trucntt', 'act_add_compensation_detail', NULL),
(3065, '2011-12-27 17:13:01', 'trucntt', 'act_add_compensation', NULL),
(3066, '2011-12-27 17:13:10', 'trucntt', 'act_add_compensation_detail', NULL),
(3067, '2011-12-27 17:13:29', 'trucntt', 'act_add_compensation', NULL),
(3068, '2011-12-27 17:13:39', 'trucntt', 'act_add_compensation_detail', NULL),
(3069, '2011-12-27 17:14:03', 'trucntt', 'act_add_compensation', NULL),
(3070, '2011-12-27 17:14:14', 'trucntt', 'act_add_compensation_detail', NULL),
(3071, '2011-12-27 17:14:41', 'trucntt', 'act_add_compensation', NULL),
(3072, '2011-12-27 17:14:52', 'trucntt', 'act_add_compensation_detail', NULL),
(3073, '2011-12-27 17:15:13', 'trucntt', 'act_add_compensation', NULL),
(3074, '2011-12-27 17:15:24', 'trucntt', 'act_add_compensation_detail', NULL),
(3075, '2011-12-27 17:15:59', 'trucntt', 'act_add_compensation', NULL),
(3076, '2011-12-27 17:16:15', 'trucntt', 'act_add_compensation_detail', NULL),
(3077, '2011-12-27 17:16:48', 'trucntt', 'act_add_compensation', NULL),
(3078, '2011-12-27 17:16:59', 'trucntt', 'act_add_compensation_detail', NULL),
(3079, '2011-12-27 17:17:34', 'trucntt', 'act_add_compensation', NULL),
(3080, '2011-12-27 17:17:46', 'trucntt', 'act_add_compensation_detail', NULL),
(3081, '2011-12-28 10:26:33', 'admin', 'act_login', NULL),
(3082, '2011-12-28 11:12:19', 'trucntt', 'act_login', NULL),
(3083, '2011-12-28 11:12:42', 'trucntt', 'act_add_compensation', NULL),
(3084, '2011-12-28 11:12:53', 'trucntt', 'act_add_compensation_detail', NULL),
(3085, '2011-12-28 11:13:21', 'trucntt', 'act_add_compensation', NULL),
(3086, '2011-12-28 11:13:37', 'trucntt', 'act_add_compensation_detail', NULL),
(3087, '2011-12-28 11:13:46', 'trucntt', 'act_add_compensation_detail', NULL),
(3088, '2011-12-28 11:13:50', 'trucntt', 'act_add_compensation_detail', NULL),
(3089, '2011-12-28 11:14:16', 'trucntt', 'act_add_compensation', NULL),
(3090, '2011-12-28 11:14:26', 'trucntt', 'act_add_compensation_detail', NULL),
(3091, '2011-12-28 11:35:28', 'trucntt', 'act_edit_notice', NULL),
(3092, '2011-12-28 11:37:22', 'trucntt', 'act_edit_notice', NULL),
(3093, '2011-12-28 11:41:10', 'trucntt', 'act_edit_notice', NULL),
(3094, '2011-12-28 14:10:04', 'admin', 'act_login', NULL),
(3095, '2011-12-28 15:48:39', 'trucntt', 'act_login', NULL),
(3096, '2011-12-28 15:49:00', 'trucntt', 'act_add_compensation', NULL),
(3097, '2011-12-28 15:52:22', 'trucntt', 'act_add_compensation_detail', NULL),
(3098, '2011-12-28 15:52:31', 'trucntt', 'act_add_compensation_detail', NULL),
(3099, '2011-12-28 15:52:37', 'trucntt', 'act_add_compensation_detail', NULL),
(3100, '2011-12-28 15:52:44', 'trucntt', 'act_add_compensation_detail', NULL),
(3101, '2011-12-28 15:52:55', 'trucntt', 'act_add_compensation_detail', NULL),
(3102, '2011-12-28 15:53:29', 'trucntt', 'act_add_compensation_detail', NULL),
(3103, '2011-12-28 15:54:24', 'trucntt', 'act_add_compensation_detail', NULL),
(3104, '2011-12-28 15:54:31', 'trucntt', 'act_add_compensation_detail', NULL),
(3105, '2011-12-28 15:54:37', 'trucntt', 'act_add_compensation_detail', NULL),
(3106, '2011-12-28 15:54:45', 'trucntt', 'act_add_compensation_detail', NULL),
(3107, '2011-12-28 15:55:17', 'trucntt', 'act_add_compensation', NULL),
(3108, '2011-12-28 15:55:42', 'trucntt', 'act_add_compensation_detail', NULL),
(3109, '2011-12-28 15:55:55', 'trucntt', 'act_add_compensation_detail', NULL),
(3110, '2011-12-28 15:56:01', 'trucntt', 'act_add_compensation_detail', NULL),
(3111, '2011-12-28 15:56:09', 'trucntt', 'act_add_compensation_detail', NULL),
(3112, '2011-12-28 15:56:16', 'trucntt', 'act_add_compensation_detail', NULL),
(3113, '2011-12-28 15:56:25', 'trucntt', 'act_add_compensation_detail', NULL),
(3114, '2011-12-28 15:56:31', 'trucntt', 'act_add_compensation_detail', NULL),
(3115, '2011-12-28 15:56:39', 'trucntt', 'act_add_compensation_detail', NULL),
(3116, '2011-12-28 15:56:49', 'trucntt', 'act_add_compensation_detail', NULL),
(3117, '2011-12-28 15:56:57', 'trucntt', 'act_add_compensation_detail', NULL),
(3118, '2011-12-28 15:57:07', 'trucntt', 'act_add_compensation_detail', NULL),
(3119, '2011-12-28 15:57:15', 'trucntt', 'act_add_compensation_detail', NULL),
(3120, '2011-12-28 15:57:22', 'trucntt', 'act_add_compensation_detail', NULL),
(3121, '2011-12-28 15:57:31', 'trucntt', 'act_add_compensation_detail', NULL),
(3122, '2011-12-28 15:57:37', 'trucntt', 'act_add_compensation_detail', NULL),
(3123, '2011-12-28 15:57:45', 'trucntt', 'act_add_compensation_detail', NULL),
(3124, '2011-12-28 15:58:08', 'trucntt', 'act_add_compensation', NULL),
(3125, '2011-12-28 15:58:26', 'trucntt', 'act_add_compensation_detail', NULL),
(3126, '2011-12-28 15:58:34', 'trucntt', 'act_add_compensation_detail', NULL),
(3127, '2011-12-28 15:58:44', 'trucntt', 'act_add_compensation_detail', NULL),
(3128, '2011-12-28 15:58:49', 'trucntt', 'act_add_compensation_detail', NULL),
(3129, '2011-12-28 15:58:55', 'trucntt', 'act_add_compensation_detail', NULL),
(3130, '2011-12-28 15:59:04', 'trucntt', 'act_add_compensation_detail', NULL),
(3131, '2011-12-28 15:59:11', 'trucntt', 'act_add_compensation_detail', NULL),
(3132, '2011-12-28 15:59:18', 'trucntt', 'act_add_compensation_detail', NULL),
(3133, '2011-12-28 15:59:25', 'trucntt', 'act_add_compensation_detail', NULL),
(3134, '2011-12-28 15:59:32', 'trucntt', 'act_add_compensation_detail', NULL),
(3135, '2011-12-28 15:59:41', 'trucntt', 'act_add_compensation_detail', NULL),
(3136, '2011-12-28 15:59:48', 'trucntt', 'act_add_compensation_detail', NULL),
(3137, '2011-12-28 15:59:53', 'trucntt', 'act_add_compensation_detail', NULL),
(3138, '2011-12-28 16:00:18', 'trucntt', 'act_add_compensation', NULL),
(3139, '2011-12-28 16:00:30', 'trucntt', 'act_add_compensation_detail', NULL),
(3140, '2011-12-28 16:00:46', 'trucntt', 'act_add_compensation_detail', NULL),
(3141, '2011-12-28 16:00:55', 'trucntt', 'act_add_compensation_detail', NULL),
(3142, '2011-12-28 16:01:04', 'trucntt', 'act_add_compensation_detail', NULL),
(3143, '2011-12-28 16:01:11', 'trucntt', 'act_add_compensation_detail', NULL),
(3144, '2011-12-28 16:01:18', 'trucntt', 'act_add_compensation_detail', NULL),
(3145, '2011-12-28 16:01:26', 'trucntt', 'act_del_compensation_detail', NULL),
(3146, '2011-12-28 16:02:00', 'trucntt', 'act_add_compensation_detail', NULL),
(3147, '2011-12-28 16:02:08', 'trucntt', 'act_add_compensation_detail', NULL),
(3148, '2011-12-28 16:02:16', 'trucntt', 'act_add_compensation_detail', NULL),
(3149, '2011-12-28 16:02:21', 'trucntt', 'act_add_compensation_detail', NULL),
(3150, '2011-12-28 16:02:56', 'trucntt', 'act_add_compensation', NULL),
(3151, '2011-12-28 16:03:08', 'trucntt', 'act_add_compensation_detail', NULL),
(3152, '2011-12-28 16:03:16', 'trucntt', 'act_add_compensation_detail', NULL),
(3153, '2011-12-28 16:03:23', 'trucntt', 'act_add_compensation_detail', NULL),
(3154, '2011-12-28 16:03:31', 'trucntt', 'act_add_compensation_detail', NULL),
(3155, '2011-12-28 16:03:51', 'trucntt', 'act_add_compensation_detail', NULL),
(3156, '2011-12-28 16:04:00', 'trucntt', 'act_add_compensation_detail', NULL),
(3157, '2011-12-28 16:04:14', 'trucntt', 'act_add_compensation_detail', NULL),
(3158, '2011-12-28 16:04:22', 'trucntt', 'act_add_compensation_detail', NULL),
(3159, '2011-12-28 16:04:28', 'trucntt', 'act_add_compensation_detail', NULL),
(3160, '2011-12-28 16:04:34', 'trucntt', 'act_add_compensation_detail', NULL),
(3161, '2011-12-28 16:04:43', 'trucntt', 'act_add_compensation_detail', NULL),
(3162, '2011-12-28 16:04:49', 'trucntt', 'act_add_compensation_detail', NULL),
(3163, '2011-12-28 16:04:55', 'trucntt', 'act_add_compensation_detail', NULL),
(3164, '2011-12-28 16:04:59', 'trucntt', 'act_add_compensation_detail', NULL),
(3165, '2011-12-28 16:05:29', 'trucntt', 'act_add_compensation', NULL),
(3166, '2011-12-28 16:05:40', 'trucntt', 'act_add_compensation_detail', NULL),
(3167, '2011-12-28 16:06:19', 'trucntt', 'act_add_compensation', NULL),
(3168, '2011-12-28 16:06:33', 'trucntt', 'act_add_compensation_detail', NULL),
(3169, '2011-12-28 16:06:39', 'trucntt', 'act_add_compensation_detail', NULL),
(3170, '2011-12-28 16:06:45', 'trucntt', 'act_add_compensation_detail', NULL),
(3171, '2011-12-28 16:06:54', 'trucntt', 'act_add_compensation_detail', NULL),
(3172, '2011-12-28 16:07:02', 'trucntt', 'act_add_compensation_detail', NULL),
(3173, '2011-12-28 16:07:11', 'trucntt', 'act_add_compensation_detail', NULL),
(3174, '2011-12-28 16:07:19', 'trucntt', 'act_add_compensation_detail', NULL),
(3175, '2011-12-28 16:07:27', 'trucntt', 'act_add_compensation_detail', NULL),
(3176, '2011-12-28 16:07:34', 'trucntt', 'act_add_compensation_detail', NULL),
(3177, '2011-12-28 16:07:41', 'trucntt', 'act_add_compensation_detail', NULL),
(3178, '2011-12-28 16:13:22', 'trucntt', 'act_add_compensation', NULL),
(3179, '2011-12-28 16:13:55', 'trucntt', 'act_add_compensation_detail', NULL),
(3180, '2011-12-28 16:14:06', 'trucntt', 'act_add_compensation_detail', NULL),
(3181, '2011-12-28 16:14:13', 'trucntt', 'act_add_compensation_detail', NULL),
(3182, '2011-12-28 16:14:22', 'trucntt', 'act_add_compensation_detail', NULL),
(3183, '2011-12-28 16:14:31', 'trucntt', 'act_add_compensation_detail', NULL),
(3184, '2011-12-28 16:14:45', 'trucntt', 'act_add_compensation_detail', NULL),
(3185, '2011-12-28 16:15:08', 'trucntt', 'act_add_compensation_detail', NULL),
(3186, '2011-12-28 16:15:15', 'trucntt', 'act_add_compensation_detail', NULL),
(3187, '2011-12-28 16:15:22', 'trucntt', 'act_add_compensation_detail', NULL),
(3188, '2011-12-28 16:15:31', 'trucntt', 'act_add_compensation_detail', NULL),
(3189, '2011-12-28 16:15:37', 'trucntt', 'act_add_compensation_detail', NULL),
(3190, '2011-12-28 16:15:43', 'trucntt', 'act_add_compensation_detail', NULL),
(3191, '2011-12-28 16:16:17', 'trucntt', 'act_add_compensation', NULL),
(3192, '2011-12-28 16:16:38', 'trucntt', 'act_add_compensation_detail', NULL),
(3193, '2011-12-28 16:16:45', 'trucntt', 'act_add_compensation_detail', NULL),
(3194, '2011-12-28 16:16:52', 'trucntt', 'act_add_compensation_detail', NULL),
(3195, '2011-12-28 16:16:58', 'trucntt', 'act_add_compensation_detail', NULL),
(3196, '2011-12-28 16:17:05', 'trucntt', 'act_add_compensation_detail', NULL),
(3197, '2011-12-28 16:17:12', 'trucntt', 'act_add_compensation_detail', NULL),
(3198, '2011-12-28 16:17:21', 'trucntt', 'act_add_compensation_detail', NULL),
(3199, '2011-12-28 16:17:28', 'trucntt', 'act_add_compensation_detail', NULL),
(3200, '2011-12-28 16:17:34', 'trucntt', 'act_add_compensation_detail', NULL),
(3201, '2011-12-28 16:17:44', 'trucntt', 'act_add_compensation_detail', NULL),
(3202, '2011-12-28 16:17:51', 'trucntt', 'act_add_compensation_detail', NULL),
(3203, '2011-12-28 16:18:05', 'trucntt', 'act_add_compensation_detail', NULL),
(3204, '2011-12-28 16:18:13', 'trucntt', 'act_add_compensation_detail', NULL),
(3205, '2011-12-28 16:18:39', 'trucntt', 'act_add_compensation', NULL),
(3206, '2011-12-28 16:18:53', 'trucntt', 'act_add_compensation_detail', NULL),
(3207, '2011-12-28 16:19:03', 'trucntt', 'act_add_compensation_detail', NULL),
(3208, '2011-12-28 16:19:10', 'trucntt', 'act_add_compensation_detail', NULL),
(3209, '2011-12-28 16:19:17', 'trucntt', 'act_add_compensation_detail', NULL),
(3210, '2011-12-28 16:19:25', 'trucntt', 'act_add_compensation_detail', NULL),
(3211, '2011-12-28 16:19:32', 'trucntt', 'act_add_compensation_detail', NULL),
(3212, '2011-12-28 16:19:39', 'trucntt', 'act_add_compensation_detail', NULL),
(3213, '2011-12-28 16:19:44', 'trucntt', 'act_add_compensation_detail', NULL),
(3214, '2011-12-28 16:19:53', 'trucntt', 'act_add_compensation_detail', NULL),
(3215, '2011-12-28 16:20:01', 'trucntt', 'act_add_compensation_detail', NULL),
(3216, '2011-12-28 16:20:09', 'trucntt', 'act_add_compensation_detail', NULL),
(3217, '2011-12-28 16:20:16', 'trucntt', 'act_add_compensation_detail', NULL),
(3218, '2011-12-28 16:20:51', 'trucntt', 'act_add_compensation', NULL),
(3219, '2011-12-28 16:21:07', 'trucntt', 'act_add_compensation_detail', NULL),
(3220, '2011-12-28 16:21:15', 'trucntt', 'act_add_compensation_detail', NULL),
(3221, '2011-12-28 16:21:23', 'trucntt', 'act_add_compensation_detail', NULL),
(3222, '2011-12-28 16:21:32', 'trucntt', 'act_add_compensation_detail', NULL),
(3223, '2011-12-28 16:21:38', 'trucntt', 'act_add_compensation_detail', NULL),
(3224, '2011-12-28 16:21:46', 'trucntt', 'act_add_compensation_detail', NULL),
(3225, '2011-12-28 16:21:54', 'trucntt', 'act_add_compensation_detail', NULL),
(3226, '2011-12-28 16:22:01', 'trucntt', 'act_add_compensation_detail', NULL),
(3227, '2011-12-28 16:22:07', 'trucntt', 'act_add_compensation_detail', NULL),
(3228, '2011-12-28 16:22:15', 'trucntt', 'act_add_compensation_detail', NULL),
(3229, '2011-12-28 16:22:26', 'trucntt', 'act_add_compensation_detail', NULL),
(3230, '2011-12-28 16:23:50', 'trucntt', 'act_add_compensation', NULL),
(3231, '2011-12-28 16:24:09', 'trucntt', 'act_add_compensation_detail', NULL),
(3232, '2011-12-28 16:24:34', 'trucntt', 'act_add_compensation', NULL),
(3233, '2011-12-28 16:24:47', 'trucntt', 'act_add_compensation_detail', NULL),
(3234, '2011-12-28 16:24:57', 'trucntt', 'act_add_compensation_detail', NULL),
(3235, '2011-12-28 16:25:05', 'trucntt', 'act_add_compensation_detail', NULL),
(3236, '2011-12-28 16:25:17', 'trucntt', 'act_add_compensation_detail', NULL),
(3237, '2011-12-28 16:25:55', 'trucntt', 'act_add_compensation', NULL),
(3238, '2011-12-28 16:26:11', 'trucntt', 'act_add_compensation_detail', NULL),
(3239, '2011-12-28 16:26:24', 'trucntt', 'act_add_compensation_detail', NULL),
(3240, '2011-12-28 16:26:34', 'trucntt', 'act_add_compensation_detail', NULL),
(3241, '2011-12-28 16:26:43', 'trucntt', 'act_add_compensation_detail', NULL),
(3242, '2011-12-28 16:26:49', 'trucntt', 'act_add_compensation_detail', NULL),
(3243, '2011-12-28 16:26:56', 'trucntt', 'act_add_compensation_detail', NULL),
(3244, '2011-12-28 16:27:04', 'trucntt', 'act_add_compensation_detail', NULL),
(3245, '2011-12-28 16:27:10', 'trucntt', 'act_add_compensation_detail', NULL),
(3246, '2011-12-28 16:27:16', 'trucntt', 'act_add_compensation_detail', NULL),
(3247, '2011-12-28 16:27:43', 'trucntt', 'act_add_compensation', NULL),
(3248, '2011-12-28 16:27:56', 'trucntt', 'act_add_compensation_detail', NULL),
(3249, '2011-12-28 16:28:28', 'trucntt', 'act_add_compensation', NULL),
(3250, '2011-12-28 16:28:42', 'trucntt', 'act_add_compensation_detail', NULL),
(3251, '2011-12-28 16:29:11', 'trucntt', 'act_add_compensation', NULL),
(3252, '2011-12-28 16:29:24', 'trucntt', 'act_add_compensation_detail', NULL),
(3253, '2011-12-28 16:29:32', 'trucntt', 'act_add_compensation_detail', NULL),
(3254, '2011-12-28 16:29:40', 'trucntt', 'act_add_compensation_detail', NULL),
(3255, '2011-12-28 16:29:49', 'trucntt', 'act_add_compensation_detail', NULL),
(3256, '2011-12-28 16:29:56', 'trucntt', 'act_add_compensation_detail', NULL),
(3257, '2011-12-28 16:30:04', 'trucntt', 'act_add_compensation_detail', NULL),
(3258, '2011-12-28 17:29:30', 'trucntt', 'act_login', NULL),
(3259, '2011-12-28 17:29:51', 'trucntt', 'act_add_compensation', NULL),
(3260, '2011-12-28 17:30:08', 'trucntt', 'act_add_compensation_detail', NULL),
(3261, '2011-12-28 17:30:15', 'trucntt', 'act_add_compensation_detail', NULL),
(3262, '2011-12-28 17:30:21', 'trucntt', 'act_add_compensation_detail', NULL),
(3263, '2011-12-28 17:30:28', 'trucntt', 'act_add_compensation_detail', NULL),
(3264, '2011-12-28 17:30:34', 'trucntt', 'act_add_compensation_detail', NULL),
(3265, '2011-12-28 17:30:41', 'trucntt', 'act_add_compensation_detail', NULL),
(3266, '2011-12-28 17:30:46', 'trucntt', 'act_add_compensation_detail', NULL),
(3267, '2011-12-28 17:30:52', 'trucntt', 'act_add_compensation_detail', NULL),
(3268, '2011-12-28 17:31:00', 'trucntt', 'act_add_compensation_detail', NULL),
(3269, '2011-12-28 17:31:08', 'trucntt', 'act_add_compensation_detail', NULL),
(3270, '2011-12-28 17:36:08', 'trucntt', 'act_add_compensation', NULL),
(3271, '2011-12-28 17:36:21', 'trucntt', 'act_add_compensation_detail', NULL),
(3272, '2011-12-28 17:36:27', 'trucntt', 'act_add_compensation_detail', NULL),
(3273, '2011-12-28 17:36:36', 'trucntt', 'act_add_compensation_detail', NULL),
(3274, '2011-12-28 17:36:42', 'trucntt', 'act_add_compensation_detail', NULL),
(3275, '2011-12-28 17:36:49', 'trucntt', 'act_add_compensation_detail', NULL),
(3276, '2011-12-28 17:36:55', 'trucntt', 'act_add_compensation_detail', NULL),
(3277, '2011-12-28 17:37:02', 'trucntt', 'act_add_compensation_detail', NULL),
(3278, '2011-12-28 17:37:13', 'trucntt', 'act_add_compensation_detail', NULL),
(3279, '2011-12-28 17:37:20', 'trucntt', 'act_add_compensation_detail', NULL),
(3280, '2011-12-28 17:38:49', 'trucntt', 'act_add_compensation_detail', NULL),
(3281, '2011-12-28 17:47:14', 'trucntt', 'act_add_compensation', NULL),
(3282, '2011-12-28 17:47:27', 'trucntt', 'act_add_compensation_detail', NULL),
(3283, '2011-12-28 17:47:35', 'trucntt', 'act_add_compensation_detail', NULL),
(3284, '2011-12-28 17:47:43', 'trucntt', 'act_add_compensation_detail', NULL),
(3285, '2011-12-28 17:47:58', 'trucntt', 'act_add_compensation_detail', NULL),
(3286, '2011-12-28 17:48:06', 'trucntt', 'act_add_compensation_detail', NULL),
(3287, '2011-12-28 17:48:14', 'trucntt', 'act_add_compensation_detail', NULL),
(3288, '2011-12-28 17:48:47', 'trucntt', 'act_edit_compensation', NULL),
(3289, '2011-12-28 17:49:28', 'trucntt', 'act_add_compensation_detail', NULL),
(3290, '2011-12-28 17:49:38', 'trucntt', 'act_add_compensation_detail', NULL),
(3291, '2011-12-28 17:49:47', 'trucntt', 'act_add_compensation_detail', NULL),
(3292, '2011-12-28 17:49:55', 'trucntt', 'act_add_compensation_detail', NULL),
(3293, '2011-12-28 17:50:07', 'trucntt', 'act_add_compensation_detail', NULL),
(3294, '2011-12-28 17:50:16', 'trucntt', 'act_add_compensation_detail', NULL),
(3295, '2011-12-28 17:50:22', 'trucntt', 'act_add_compensation_detail', NULL),
(3296, '2011-12-28 17:50:30', 'trucntt', 'act_add_compensation_detail', NULL),
(3297, '2011-12-28 17:50:36', 'trucntt', 'act_add_compensation_detail', NULL),
(3298, '2011-12-28 17:50:50', 'trucntt', 'act_add_compensation_detail', NULL),
(3299, '2011-12-28 17:50:55', 'trucntt', 'act_add_compensation_detail', NULL),
(3300, '2011-12-28 17:51:05', 'trucntt', 'act_add_compensation_detail', NULL),
(3301, '2011-12-28 17:51:10', 'trucntt', 'act_add_compensation_detail', NULL),
(3302, '2011-12-28 17:51:18', 'trucntt', 'act_add_compensation_detail', NULL),
(3303, '2011-12-28 17:51:24', 'trucntt', 'act_add_compensation_detail', NULL),
(3304, '2011-12-28 17:54:42', 'trucntt', 'act_add_compensation', NULL),
(3305, '2011-12-28 17:55:03', 'trucntt', 'act_add_compensation_detail', NULL),
(3306, '2011-12-28 17:55:10', 'trucntt', 'act_add_compensation_detail', NULL),
(3307, '2011-12-28 17:55:17', 'trucntt', 'act_add_compensation_detail', NULL),
(3308, '2011-12-28 17:55:24', 'trucntt', 'act_add_compensation_detail', NULL),
(3309, '2011-12-28 17:55:32', 'trucntt', 'act_add_compensation_detail', NULL),
(3310, '2011-12-28 17:55:41', 'trucntt', 'act_add_compensation_detail', NULL),
(3311, '2011-12-28 17:55:47', 'trucntt', 'act_add_compensation_detail', NULL),
(3312, '2011-12-28 17:55:52', 'trucntt', 'act_add_compensation_detail', NULL),
(3313, '2011-12-28 17:56:00', 'trucntt', 'act_add_compensation_detail', NULL),
(3314, '2011-12-28 17:56:05', 'trucntt', 'act_add_compensation_detail', NULL),
(3315, '2011-12-28 17:56:14', 'trucntt', 'act_add_compensation_detail', NULL),
(3316, '2011-12-28 17:56:20', 'trucntt', 'act_add_compensation_detail', NULL),
(3317, '2011-12-28 17:56:25', 'trucntt', 'act_add_compensation_detail', NULL),
(3318, '2011-12-28 18:10:53', 'quyenlb', 'act_login', NULL),
(3319, '2011-12-28 18:11:52', 'quyenlb', 'act_deny_compensation', NULL),
(3320, '2011-12-28 18:11:55', 'quyenlb', 'act_deny_compensation', NULL),
(3321, '2011-12-28 18:12:00', 'quyenlb', 'act_exec_compensation', NULL),
(3322, '2011-12-29 09:43:42', 'admin', 'act_login', NULL),
(3323, '2011-12-29 10:49:19', 'admin', 'act_login', NULL),
(3324, '2011-12-29 11:00:20', 'admin', 'act_login', NULL),
(3325, '2011-12-29 11:00:45', 'trucntt', 'act_login', NULL),
(3326, '2011-12-29 11:01:19', 'trucntt', 'act_add_compensation', NULL),
(3327, '2011-12-29 11:01:42', 'trucntt', 'act_add_compensation_detail', NULL),
(3328, '2011-12-29 11:01:48', 'trucntt', 'act_add_compensation_detail', NULL),
(3329, '2011-12-29 11:01:58', 'trucntt', 'act_add_compensation_detail', NULL),
(3330, '2011-12-29 11:02:06', 'trucntt', 'act_add_compensation_detail', NULL),
(3331, '2011-12-29 11:02:11', 'trucntt', 'act_add_compensation_detail', NULL),
(3332, '2011-12-29 11:02:17', 'trucntt', 'act_add_compensation_detail', NULL),
(3333, '2011-12-29 11:02:25', 'trucntt', 'act_add_compensation_detail', NULL),
(3334, '2011-12-29 11:02:33', 'trucntt', 'act_add_compensation_detail', NULL),
(3335, '2011-12-29 11:02:41', 'trucntt', 'act_add_compensation_detail', NULL),
(3336, '2011-12-29 11:02:48', 'trucntt', 'act_add_compensation_detail', NULL),
(3337, '2011-12-29 11:03:00', 'trucntt', 'act_add_compensation_detail', NULL),
(3338, '2011-12-29 11:06:38', 'trucntt', 'act_add_compensation', NULL),
(3339, '2011-12-29 11:06:46', 'trucntt', 'act_add_compensation_detail', NULL),
(3340, '2011-12-29 11:07:21', 'trucntt', 'act_add_compensation', NULL),
(3341, '2011-12-29 11:07:40', 'trucntt', 'act_add_compensation_detail', NULL),
(3342, '2011-12-29 11:07:50', 'trucntt', 'act_add_compensation_detail', NULL),
(3343, '2011-12-29 11:07:58', 'trucntt', 'act_add_compensation_detail', NULL),
(3344, '2011-12-29 11:08:04', 'trucntt', 'act_add_compensation_detail', NULL),
(3345, '2011-12-29 11:08:13', 'trucntt', 'act_add_compensation_detail', NULL),
(3346, '2011-12-29 11:08:22', 'trucntt', 'act_add_compensation_detail', NULL),
(3347, '2011-12-29 11:08:29', 'trucntt', 'act_add_compensation_detail', NULL),
(3348, '2011-12-29 11:08:37', 'trucntt', 'act_add_compensation_detail', NULL),
(3349, '2011-12-29 11:08:50', 'trucntt', 'act_add_compensation_detail', NULL),
(3350, '2011-12-29 11:08:57', 'trucntt', 'act_add_compensation_detail', NULL),
(3351, '2011-12-29 11:09:02', 'trucntt', 'act_add_compensation_detail', NULL),
(3352, '2011-12-29 11:09:25', 'trucntt', 'act_add_compensation_detail', NULL),
(3353, '2011-12-29 11:10:11', 'trucntt', 'act_add_compensation', NULL),
(3354, '2011-12-29 11:10:26', 'trucntt', 'act_add_compensation_detail', NULL),
(3355, '2011-12-29 11:10:33', 'trucntt', 'act_add_compensation_detail', NULL),
(3356, '2011-12-29 11:10:40', 'trucntt', 'act_add_compensation_detail', NULL),
(3357, '2011-12-29 11:10:48', 'trucntt', 'act_add_compensation_detail', NULL),
(3358, '2011-12-29 11:10:57', 'trucntt', 'act_add_compensation_detail', NULL),
(3359, '2011-12-29 11:11:10', 'trucntt', 'act_add_compensation_detail', NULL),
(3360, '2011-12-29 11:11:18', 'trucntt', 'act_add_compensation_detail', NULL),
(3361, '2011-12-29 11:11:29', 'trucntt', 'act_add_compensation_detail', NULL),
(3362, '2011-12-29 11:11:34', 'trucntt', 'act_add_compensation_detail', NULL),
(3363, '2011-12-29 11:11:39', 'trucntt', 'act_add_compensation_detail', NULL),
(3364, '2011-12-29 11:11:43', 'admin', 'act_login', NULL),
(3365, '2011-12-29 11:16:43', 'admin', 'act_login', NULL),
(3366, '2011-12-29 13:47:26', 'admin', 'act_login', NULL),
(3367, '2011-12-29 14:00:23', 'trucntt', 'act_add_compensation', NULL),
(3368, '2011-12-29 14:00:31', 'trucntt', 'act_add_compensation_detail', NULL),
(3369, '2011-12-29 14:01:03', 'trucntt', 'act_add_compensation', NULL),
(3370, '2011-12-29 14:01:11', 'trucntt', 'act_add_compensation_detail', NULL),
(3371, '2011-12-29 14:10:18', 'trucntt', 'act_add_compensation', NULL),
(3372, '2011-12-29 14:10:31', 'trucntt', 'act_add_compensation_detail', NULL),
(3373, '2011-12-29 15:06:01', 'trucntt', 'act_add_compensation', NULL),
(3374, '2011-12-29 15:06:14', 'trucntt', 'act_add_compensation_detail', NULL),
(3375, '2011-12-29 15:06:20', 'trucntt', 'act_add_compensation_detail', NULL),
(3376, '2011-12-29 15:06:28', 'trucntt', 'act_add_compensation_detail', NULL),
(3377, '2011-12-29 15:06:44', 'trucntt', 'act_add_compensation_detail', NULL),
(3378, '2011-12-29 15:06:50', 'trucntt', 'act_add_compensation_detail', NULL),
(3379, '2011-12-29 15:06:59', 'trucntt', 'act_add_compensation_detail', NULL),
(3380, '2011-12-29 15:07:08', 'trucntt', 'act_add_compensation_detail', NULL),
(3381, '2011-12-29 15:07:15', 'trucntt', 'act_add_compensation_detail', NULL),
(3382, '2011-12-29 15:07:20', 'trucntt', 'act_add_compensation_detail', NULL),
(3383, '2011-12-29 15:07:28', 'trucntt', 'act_add_compensation_detail', NULL),
(3384, '2011-12-29 15:07:34', 'trucntt', 'act_add_compensation_detail', NULL),
(3385, '2011-12-29 15:11:39', 'trucntt', 'act_add_compensation', NULL),
(3386, '2011-12-29 15:12:03', 'trucntt', 'act_add_compensation_detail', NULL),
(3387, '2011-12-29 15:13:09', 'trucntt', 'act_add_compensation_detail', NULL),
(3388, '2011-12-29 15:13:17', 'trucntt', 'act_add_compensation_detail', NULL),
(3389, '2011-12-29 15:13:27', 'trucntt', 'act_add_compensation_detail', NULL),
(3390, '2011-12-29 15:13:40', 'trucntt', 'act_add_compensation_detail', NULL),
(3391, '2011-12-29 15:14:08', 'trucntt', 'act_add_compensation_detail', NULL),
(3392, '2011-12-29 15:14:14', 'trucntt', 'act_add_compensation_detail', NULL),
(3393, '2011-12-29 15:14:19', 'trucntt', 'act_add_compensation_detail', NULL),
(3394, '2011-12-29 15:14:26', 'trucntt', 'act_add_compensation_detail', NULL),
(3395, '2011-12-29 15:14:33', 'trucntt', 'act_add_compensation_detail', NULL),
(3396, '2011-12-29 15:14:49', 'trucntt', 'act_add_compensation_detail', NULL),
(3397, '2011-12-29 15:14:54', 'trucntt', 'act_add_compensation_detail', NULL),
(3398, '2011-12-29 15:15:08', 'trucntt', 'act_add_compensation_detail', NULL),
(3399, '2011-12-29 15:15:18', 'trucntt', 'act_add_compensation_detail', NULL),
(3400, '2011-12-29 15:15:29', 'trucntt', 'act_add_compensation_detail', NULL),
(3401, '2011-12-29 15:15:56', 'trucntt', 'act_add_compensation_detail', NULL),
(3402, '2011-12-29 15:16:04', 'trucntt', 'act_add_compensation_detail', NULL),
(3403, '2011-12-29 15:16:41', 'trucntt', 'act_add_compensation', NULL),
(3404, '2011-12-29 15:16:54', 'trucntt', 'act_add_compensation_detail', NULL),
(3405, '2011-12-29 15:17:01', 'trucntt', 'act_add_compensation_detail', NULL),
(3406, '2011-12-29 15:17:10', 'trucntt', 'act_add_compensation_detail', NULL),
(3407, '2011-12-29 15:17:14', 'trucntt', 'act_add_compensation_detail', NULL),
(3408, '2011-12-29 15:17:20', 'trucntt', 'act_add_compensation_detail', NULL),
(3409, '2011-12-29 15:17:27', 'trucntt', 'act_add_compensation_detail', NULL),
(3410, '2011-12-29 15:17:35', 'trucntt', 'act_add_compensation_detail', NULL),
(3411, '2011-12-29 15:17:57', 'trucntt', 'act_add_compensation', NULL),
(3412, '2011-12-29 15:18:24', 'trucntt', 'act_add_compensation_detail', NULL),
(3413, '2011-12-29 15:18:34', 'trucntt', 'act_add_compensation_detail', NULL),
(3414, '2011-12-29 15:18:41', 'trucntt', 'act_add_compensation_detail', NULL),
(3415, '2011-12-29 15:19:00', 'trucntt', 'act_add_compensation', NULL),
(3416, '2011-12-29 15:19:10', 'trucntt', 'act_add_compensation_detail', NULL),
(3417, '2011-12-29 15:19:29', 'trucntt', 'act_add_compensation', NULL),
(3418, '2011-12-29 15:19:43', 'trucntt', 'act_add_compensation_detail', NULL),
(3419, '2011-12-29 15:19:52', 'trucntt', 'act_add_compensation_detail', NULL),
(3420, '2011-12-29 15:20:01', 'trucntt', 'act_add_compensation_detail', NULL),
(3421, '2011-12-29 15:20:06', 'trucntt', 'act_add_compensation_detail', NULL),
(3422, '2011-12-29 15:20:13', 'trucntt', 'act_add_compensation_detail', NULL),
(3423, '2011-12-29 15:20:20', 'trucntt', 'act_add_compensation_detail', NULL),
(3424, '2011-12-29 15:20:27', 'trucntt', 'act_add_compensation_detail', NULL),
(3425, '2011-12-29 15:20:34', 'trucntt', 'act_add_compensation_detail', NULL),
(3426, '2011-12-29 15:20:43', 'trucntt', 'act_add_compensation_detail', NULL),
(3427, '2011-12-29 15:20:52', 'trucntt', 'act_add_compensation_detail', NULL),
(3428, '2011-12-29 15:20:59', 'trucntt', 'act_add_compensation_detail', NULL),
(3429, '2011-12-29 15:21:06', 'trucntt', 'act_add_compensation_detail', NULL),
(3430, '2011-12-29 15:21:27', 'trucntt', 'act_add_compensation', NULL),
(3431, '2011-12-29 15:21:40', 'trucntt', 'act_add_compensation_detail', NULL),
(3432, '2011-12-29 15:21:50', 'trucntt', 'act_add_compensation_detail', NULL),
(3433, '2011-12-29 15:21:58', 'trucntt', 'act_add_compensation_detail', NULL),
(3434, '2011-12-29 15:22:04', 'trucntt', 'act_add_compensation_detail', NULL),
(3435, '2011-12-29 15:22:10', 'trucntt', 'act_add_compensation_detail', NULL),
(3436, '2011-12-29 15:22:16', 'trucntt', 'act_add_compensation_detail', NULL),
(3437, '2011-12-29 15:22:23', 'trucntt', 'act_add_compensation_detail', NULL),
(3438, '2011-12-29 15:36:37', 'quyenlb', 'act_login', NULL),
(3439, '2011-12-29 15:36:49', 'quyenlb', 'act_deny_compensation', NULL),
(3440, '2011-12-29 15:37:09', 'quyenlb', 'act_exec_compensation', NULL),
(3441, '2011-12-29 15:38:37', 'trucntt', 'act_add_compensation', NULL),
(3442, '2011-12-29 15:38:48', 'trucntt', 'act_add_compensation_detail', NULL),
(3443, '2011-12-29 15:39:03', 'quyenlb', 'act_deny_compensation', NULL),
(3444, '2011-12-29 15:39:07', 'quyenlb', 'act_exec_compensation', NULL),
(3445, '2011-12-29 15:45:38', 'trucntt', 'act_add_compensation', NULL),
(3446, '2011-12-29 15:46:02', 'trucntt', 'act_add_compensation_detail', NULL),
(3447, '2011-12-29 15:46:53', 'trucntt', 'act_add_compensation_detail', NULL),
(3448, '2011-12-29 15:47:06', 'trucntt', 'act_add_compensation_detail', NULL),
(3449, '2011-12-29 15:47:14', 'trucntt', 'act_add_compensation_detail', NULL),
(3450, '2011-12-29 15:47:26', 'trucntt', 'act_add_compensation_detail', NULL),
(3451, '2011-12-29 15:47:37', 'trucntt', 'act_add_compensation_detail', NULL),
(3452, '2011-12-29 15:48:02', 'trucntt', 'act_edit_compensation', NULL),
(3453, '2011-12-29 15:49:47', 'trucntt', 'act_edit_compensation', NULL),
(3454, '2011-12-29 15:52:14', 'quyenlb', 'act_edit_compensation', NULL),
(3455, '2011-12-29 15:52:38', 'quyenlb', 'act_edit_compensation_detail', NULL),
(3456, '2011-12-29 15:53:16', 'quyenlb', 'act_deny_compensation', NULL),
(3457, '2011-12-29 15:53:23', 'quyenlb', 'act_exec_compensation', NULL),
(3458, '2011-12-30 11:23:54', 'admin', 'act_login', NULL),
(3459, '2011-12-30 11:27:32', 'admin', 'act_login', NULL),
(3460, '2011-12-30 11:30:46', 'admin', 'act_add_reason_detail', NULL),
(3461, '2011-12-30 11:30:58', 'admin', 'act_add_reason_detail', NULL),
(3462, '2011-12-30 11:31:16', 'admin', 'act_add_reason_detail', NULL),
(3463, '2011-12-30 11:31:21', 'admin', 'act_add_reason_detail', NULL),
(3464, '2011-12-30 11:31:32', 'admin', 'act_del_reason_detail', NULL);
INSERT INTO `log` (`id`, `action_date`, `user`, `action`, `note`) VALUES
(3465, '2011-12-30 15:45:22', 'admin', 'act_login', NULL),
(3466, '2011-12-30 15:46:36', 'admin', 'act_login', NULL),
(3467, '2011-12-30 15:47:04', 'admin', 'act_add_reason_detail', NULL),
(3468, '2011-12-30 15:52:25', 'quyenlb', 'act_login', NULL),
(3469, '2011-12-30 16:02:45', 'admin', 'act_edit_reason_detail', NULL),
(3470, '2011-12-30 16:02:53', 'admin', 'act_edit_reason_detail', NULL),
(3471, '2011-12-30 16:02:58', 'admin', 'act_edit_reason_detail', NULL),
(3472, '2011-12-30 16:03:19', 'admin', 'act_edit_reason_detail', NULL),
(3473, '2012-01-03 09:45:22', 'admin', 'act_login', NULL),
(3474, '2012-01-03 09:57:58', 'admin', 'act_login', NULL),
(3475, '2012-01-03 09:59:07', 'admin', 'act_privilege', NULL),
(3476, '2012-01-03 09:59:24', 'admin', 'act_privilege', NULL),
(3477, '2012-01-03 11:53:17', 'admin', 'act_edit_reason_detail', NULL),
(3478, '2012-01-03 15:36:02', 'quyenlb', 'act_login', NULL),
(3479, '2012-01-03 17:03:08', 'admin', 'act_login', NULL),
(3480, '2012-01-04 10:25:48', 'admin', 'act_login', NULL),
(3481, '2012-01-04 15:13:55', 'quyenlb', 'act_login', NULL),
(3482, '2012-01-04 15:36:27', 'trucntt', 'act_login', NULL),
(3483, '2012-01-04 15:48:45', 'quyenlb', 'act_add_reason_detail', NULL),
(3484, '2012-01-04 15:50:46', 'quyenlb', 'act_add_reason_detail', NULL),
(3485, '2012-01-04 15:50:52', 'quyenlb', 'act_add_reason_detail', NULL),
(3486, '2012-01-04 16:28:16', 'quyenlb', 'act_add_reason_detail', NULL),
(3487, '2012-01-04 16:58:44', 'trucntt', 'act_add_compensation', NULL),
(3488, '2012-01-04 16:59:09', 'trucntt', 'act_add_compensation_detail', NULL),
(3489, '2012-01-04 16:59:14', 'trucntt', 'act_add_compensation_detail', NULL),
(3490, '2012-01-04 16:59:42', 'trucntt', 'act_add_compensation', NULL),
(3491, '2012-01-04 17:00:01', 'trucntt', 'act_add_compensation_detail', NULL),
(3492, '2012-01-04 17:00:09', 'trucntt', 'act_add_compensation_detail', NULL),
(3493, '2012-01-04 17:00:18', 'trucntt', 'act_add_compensation_detail', NULL),
(3494, '2012-01-04 17:00:26', 'trucntt', 'act_add_compensation_detail', NULL),
(3495, '2012-01-04 17:00:32', 'trucntt', 'act_add_compensation_detail', NULL),
(3496, '2012-01-04 17:00:48', 'trucntt', 'act_add_compensation_detail', NULL),
(3497, '2012-01-04 17:00:59', 'trucntt', 'act_add_compensation_detail', NULL),
(3498, '2012-01-04 17:01:08', 'trucntt', 'act_add_compensation_detail', NULL),
(3499, '2012-01-04 17:01:16', 'trucntt', 'act_add_compensation_detail', NULL),
(3500, '2012-01-04 17:01:24', 'trucntt', 'act_add_compensation_detail', NULL),
(3501, '2012-01-04 17:01:33', 'trucntt', 'act_add_compensation_detail', NULL),
(3502, '2012-01-04 17:01:40', 'trucntt', 'act_add_compensation_detail', NULL),
(3503, '2012-01-04 17:02:35', 'trucntt', 'act_add_compensation', NULL),
(3504, '2012-01-04 17:02:45', 'trucntt', 'act_add_compensation_detail', NULL),
(3505, '2012-01-04 17:03:00', 'trucntt', 'act_add_compensation_detail', NULL),
(3506, '2012-01-04 17:03:14', 'trucntt', 'act_add_compensation_detail', NULL),
(3507, '2012-01-04 17:03:39', 'trucntt', 'act_add_compensation', NULL),
(3508, '2012-01-04 17:03:51', 'trucntt', 'act_add_compensation_detail', NULL),
(3509, '2012-01-04 17:03:57', 'trucntt', 'act_add_compensation_detail', NULL),
(3510, '2012-01-04 17:04:04', 'trucntt', 'act_add_compensation_detail', NULL),
(3511, '2012-01-04 17:04:12', 'trucntt', 'act_add_compensation_detail', NULL),
(3512, '2012-01-04 17:04:19', 'trucntt', 'act_add_compensation_detail', NULL),
(3513, '2012-01-04 17:04:27', 'trucntt', 'act_add_compensation_detail', NULL),
(3514, '2012-01-04 17:04:35', 'trucntt', 'act_add_compensation_detail', NULL),
(3515, '2012-01-04 17:04:42', 'trucntt', 'act_add_compensation_detail', NULL),
(3516, '2012-01-04 17:04:48', 'trucntt', 'act_add_compensation_detail', NULL),
(3517, '2012-01-04 17:04:54', 'trucntt', 'act_add_compensation_detail', NULL),
(3518, '2012-01-04 17:05:06', 'trucntt', 'act_add_compensation_detail', NULL),
(3519, '2012-01-04 17:05:11', 'trucntt', 'act_add_compensation_detail', NULL),
(3520, '2012-01-04 17:05:18', 'trucntt', 'act_del_compensation_detail', NULL),
(3521, '2012-01-04 17:05:40', 'trucntt', 'act_add_compensation_detail', NULL),
(3522, '2012-01-04 17:06:09', 'trucntt', 'act_add_compensation_detail', NULL),
(3523, '2012-01-04 17:06:37', 'trucntt', 'act_add_compensation', NULL),
(3524, '2012-01-04 17:09:05', 'trucntt', 'act_add_compensation_detail', NULL),
(3525, '2012-01-04 17:09:15', 'trucntt', 'act_add_compensation_detail', NULL),
(3526, '2012-01-04 17:09:21', 'trucntt', 'act_add_compensation_detail', NULL),
(3527, '2012-01-04 17:09:29', 'trucntt', 'act_add_compensation_detail', NULL),
(3528, '2012-01-04 17:09:41', 'trucntt', 'act_add_compensation_detail', NULL),
(3529, '2012-01-04 17:09:47', 'trucntt', 'act_add_compensation_detail', NULL),
(3530, '2012-01-04 17:09:55', 'trucntt', 'act_add_compensation_detail', NULL),
(3531, '2012-01-04 17:15:41', 'trucntt', 'act_add_compensation_detail', NULL),
(3532, '2012-01-04 17:15:48', 'trucntt', 'act_add_compensation_detail', NULL),
(3533, '2012-01-04 17:15:56', 'trucntt', 'act_add_compensation_detail', NULL),
(3534, '2012-01-04 17:16:03', 'trucntt', 'act_add_compensation_detail', NULL),
(3535, '2012-01-04 17:16:09', 'trucntt', 'act_add_compensation_detail', NULL),
(3536, '2012-01-04 17:16:26', 'trucntt', 'act_add_compensation_detail', NULL),
(3537, '2012-01-04 17:18:22', 'trucntt', 'act_add_compensation', NULL),
(3538, '2012-01-04 17:19:57', 'trucntt', 'act_add_compensation_detail', NULL),
(3539, '2012-01-04 17:20:22', 'trucntt', 'act_add_compensation_detail', NULL),
(3540, '2012-01-04 17:20:29', 'trucntt', 'act_add_compensation_detail', NULL),
(3541, '2012-01-04 17:20:37', 'trucntt', 'act_add_compensation_detail', NULL),
(3542, '2012-01-04 17:20:46', 'trucntt', 'act_add_compensation_detail', NULL),
(3543, '2012-01-04 17:20:54', 'trucntt', 'act_add_compensation_detail', NULL),
(3544, '2012-01-04 17:21:02', 'trucntt', 'act_add_compensation_detail', NULL),
(3545, '2012-01-04 17:21:12', 'trucntt', 'act_add_compensation_detail', NULL),
(3546, '2012-01-04 17:21:19', 'trucntt', 'act_add_compensation_detail', NULL),
(3547, '2012-01-04 17:21:25', 'trucntt', 'act_add_compensation_detail', NULL),
(3548, '2012-01-04 17:21:37', 'trucntt', 'act_add_compensation_detail', NULL),
(3549, '2012-01-04 17:21:45', 'trucntt', 'act_add_compensation_detail', NULL),
(3550, '2012-01-04 17:21:50', 'trucntt', 'act_add_compensation_detail', NULL),
(3551, '2012-01-04 17:21:57', 'trucntt', 'act_add_compensation_detail', NULL),
(3552, '2012-01-04 17:22:02', 'trucntt', 'act_add_compensation_detail', NULL),
(3553, '2012-01-04 17:23:39', 'trucntt', 'act_add_compensation', NULL),
(3554, '2012-01-04 17:23:49', 'trucntt', 'act_add_compensation_detail', NULL),
(3555, '2012-01-04 17:25:22', 'trucntt', 'act_add_compensation', NULL),
(3556, '2012-01-04 17:25:33', 'trucntt', 'act_add_compensation_detail', NULL),
(3557, '2012-01-04 17:26:19', 'trucntt', 'act_add_compensation', NULL),
(3558, '2012-01-04 17:27:57', 'trucntt', 'act_add_compensation_detail', NULL),
(3559, '2012-01-04 17:28:04', 'trucntt', 'act_add_compensation_detail', NULL),
(3560, '2012-01-04 17:28:11', 'trucntt', 'act_add_compensation_detail', NULL),
(3561, '2012-01-04 17:28:19', 'trucntt', 'act_add_compensation_detail', NULL),
(3562, '2012-01-04 17:28:25', 'trucntt', 'act_add_compensation_detail', NULL),
(3563, '2012-01-04 17:28:31', 'trucntt', 'act_add_compensation_detail', NULL),
(3564, '2012-01-04 17:28:37', 'trucntt', 'act_add_compensation_detail', NULL),
(3565, '2012-01-04 17:28:45', 'trucntt', 'act_add_compensation_detail', NULL),
(3566, '2012-01-04 17:28:52', 'trucntt', 'act_add_compensation_detail', NULL),
(3567, '2012-01-04 17:28:59', 'trucntt', 'act_add_compensation_detail', NULL),
(3568, '2012-01-04 17:29:06', 'trucntt', 'act_add_compensation_detail', NULL),
(3569, '2012-01-04 17:29:12', 'trucntt', 'act_add_compensation_detail', NULL),
(3570, '2012-01-04 17:29:18', 'trucntt', 'act_add_compensation_detail', NULL),
(3571, '2012-01-04 17:29:48', 'trucntt', 'act_add_compensation', NULL),
(3572, '2012-01-04 17:30:00', 'trucntt', 'act_add_compensation_detail', NULL),
(3573, '2012-01-04 17:30:06', 'trucntt', 'act_add_compensation_detail', NULL),
(3574, '2012-01-04 17:30:14', 'trucntt', 'act_add_compensation_detail', NULL),
(3575, '2012-01-04 17:30:21', 'trucntt', 'act_add_compensation_detail', NULL),
(3576, '2012-01-04 17:30:29', 'trucntt', 'act_add_compensation_detail', NULL),
(3577, '2012-01-04 17:30:36', 'trucntt', 'act_add_compensation_detail', NULL),
(3578, '2012-01-04 17:31:09', 'trucntt', 'act_add_compensation_detail', NULL),
(3579, '2012-01-04 17:31:23', 'trucntt', 'act_add_compensation_detail', NULL),
(3580, '2012-01-04 17:31:30', 'trucntt', 'act_add_compensation_detail', NULL),
(3581, '2012-01-04 17:31:39', 'trucntt', 'act_add_compensation_detail', NULL),
(3582, '2012-01-04 17:31:46', 'trucntt', 'act_add_compensation_detail', NULL),
(3583, '2012-01-04 17:31:52', 'trucntt', 'act_add_compensation_detail', NULL),
(3584, '2012-01-04 17:31:58', 'trucntt', 'act_add_compensation_detail', NULL),
(3585, '2012-01-04 17:32:22', 'trucntt', 'act_add_compensation', NULL),
(3586, '2012-01-04 17:32:41', 'trucntt', 'act_add_compensation_detail', NULL),
(3587, '2012-01-04 17:32:53', 'trucntt', 'act_add_compensation_detail', NULL),
(3588, '2012-01-04 17:33:02', 'trucntt', 'act_add_compensation_detail', NULL),
(3589, '2012-01-04 17:33:11', 'trucntt', 'act_add_compensation_detail', NULL),
(3590, '2012-01-04 17:33:21', 'trucntt', 'act_add_compensation_detail', NULL),
(3591, '2012-01-04 17:33:28', 'trucntt', 'act_add_compensation_detail', NULL),
(3592, '2012-01-04 17:33:35', 'trucntt', 'act_add_compensation_detail', NULL),
(3593, '2012-01-04 17:34:07', 'trucntt', 'act_add_compensation', NULL),
(3594, '2012-01-04 17:34:17', 'trucntt', 'act_add_compensation_detail', NULL),
(3595, '2012-01-04 17:35:54', 'trucntt', 'act_add_compensation', NULL),
(3596, '2012-01-04 17:36:35', 'trucntt', 'act_add_compensation_detail', NULL),
(3597, '2012-01-04 17:36:43', 'trucntt', 'act_add_compensation_detail', NULL),
(3598, '2012-01-04 17:37:00', 'trucntt', 'act_add_compensation_detail', NULL),
(3599, '2012-01-04 17:37:17', 'trucntt', 'act_add_compensation_detail', NULL),
(3600, '2012-01-04 17:39:22', 'trucntt', 'act_del_compensation_detail', NULL),
(3601, '2012-01-04 17:40:03', 'trucntt', 'act_add_compensation_detail', NULL),
(3602, '2012-01-04 17:40:17', 'trucntt', 'act_add_compensation_detail', NULL),
(3603, '2012-01-04 17:40:26', 'trucntt', 'act_add_compensation_detail', NULL),
(3604, '2012-01-04 17:40:35', 'trucntt', 'act_add_compensation_detail', NULL),
(3605, '2012-01-04 17:40:44', 'trucntt', 'act_add_compensation_detail', NULL),
(3606, '2012-01-04 17:40:58', 'trucntt', 'act_add_compensation_detail', NULL),
(3607, '2012-01-04 17:41:08', 'trucntt', 'act_add_compensation_detail', NULL),
(3608, '2012-01-04 17:41:43', 'trucntt', 'act_add_compensation', NULL),
(3609, '2012-01-04 17:41:54', 'trucntt', 'act_add_compensation_detail', NULL),
(3610, '2012-01-04 17:42:01', 'trucntt', 'act_add_compensation_detail', NULL),
(3611, '2012-01-04 17:42:34', 'quyenlb', 'act_login', NULL),
(3612, '2012-01-04 17:43:30', 'quyenlb', 'act_add_reason_detail', NULL),
(3613, '2012-01-04 17:43:41', 'quyenlb', 'act_edit_compensation', NULL),
(3614, '2012-01-04 17:44:40', 'quyenlb', 'act_edit_compensation', NULL),
(3615, '2012-01-04 17:45:36', 'quyenlb', 'act_edit_compensation', NULL),
(3616, '2012-01-04 17:45:55', 'quyenlb', 'act_deny_compensation', NULL),
(3617, '2012-01-04 17:45:59', 'quyenlb', 'act_exec_compensation', NULL),
(3618, '2012-01-06 11:15:22', 'trucntt', 'act_login', NULL),
(3619, '2012-01-06 11:15:55', 'trucntt', 'act_add_compensation', NULL),
(3620, '2012-01-06 11:16:03', 'trucntt', 'act_add_compensation_detail', NULL),
(3621, '2012-01-06 11:16:22', 'trucntt', 'act_add_compensation', NULL),
(3622, '2012-01-06 11:16:30', 'trucntt', 'act_add_compensation_detail', NULL),
(3623, '2012-01-06 11:17:00', 'trucntt', 'act_add_compensation', NULL),
(3624, '2012-01-06 11:17:10', 'trucntt', 'act_add_compensation_detail', NULL),
(3625, '2012-01-06 11:17:30', 'trucntt', 'act_add_compensation', NULL),
(3626, '2012-01-06 11:17:38', 'trucntt', 'act_add_compensation_detail', NULL),
(3627, '2012-01-06 11:19:41', 'trucntt', 'act_add_compensation', NULL),
(3628, '2012-01-06 11:19:49', 'trucntt', 'act_add_compensation_detail', NULL),
(3629, '2012-01-06 11:20:05', 'trucntt', 'act_add_compensation', NULL),
(3630, '2012-01-06 11:20:13', 'trucntt', 'act_add_compensation_detail', NULL),
(3631, '2012-01-06 11:20:27', 'trucntt', 'act_add_compensation', NULL),
(3632, '2012-01-06 11:20:36', 'trucntt', 'act_add_compensation_detail', NULL),
(3633, '2012-01-06 11:20:57', 'trucntt', 'act_add_compensation', NULL),
(3634, '2012-01-06 11:21:04', 'trucntt', 'act_add_compensation_detail', NULL),
(3635, '2012-01-06 11:21:20', 'trucntt', 'act_add_compensation', NULL),
(3636, '2012-01-06 11:21:29', 'trucntt', 'act_add_compensation_detail', NULL),
(3637, '2012-01-06 11:21:46', 'trucntt', 'act_add_compensation', NULL),
(3638, '2012-01-06 11:21:55', 'trucntt', 'act_add_compensation_detail', NULL),
(3639, '2012-01-06 11:22:09', 'trucntt', 'act_add_compensation', NULL),
(3640, '2012-01-06 11:22:16', 'trucntt', 'act_add_compensation_detail', NULL),
(3641, '2012-01-06 11:22:31', 'trucntt', 'act_add_compensation', NULL),
(3642, '2012-01-06 11:22:42', 'trucntt', 'act_add_compensation_detail', NULL),
(3643, '2012-01-06 11:23:01', 'trucntt', 'act_add_compensation', NULL),
(3644, '2012-01-06 11:23:09', 'trucntt', 'act_add_compensation_detail', NULL),
(3645, '2012-01-06 11:25:57', 'trucntt', 'act_add_compensation', NULL),
(3646, '2012-01-06 11:26:06', 'trucntt', 'act_add_compensation_detail', NULL),
(3647, '2012-01-06 11:26:19', 'trucntt', 'act_add_compensation', NULL),
(3648, '2012-01-06 11:26:27', 'trucntt', 'act_add_compensation_detail', NULL),
(3649, '2012-01-06 11:26:41', 'trucntt', 'act_add_compensation', NULL),
(3650, '2012-01-06 11:26:50', 'trucntt', 'act_add_compensation_detail', NULL),
(3651, '2012-01-06 11:27:06', 'trucntt', 'act_add_compensation', NULL),
(3652, '2012-01-06 11:27:13', 'trucntt', 'act_add_compensation_detail', NULL),
(3653, '2012-01-06 11:28:04', 'trucntt', 'act_add_compensation', NULL),
(3654, '2012-01-06 11:28:13', 'trucntt', 'act_add_compensation_detail', NULL),
(3655, '2012-01-06 11:28:27', 'trucntt', 'act_add_compensation', NULL),
(3656, '2012-01-06 11:28:37', 'trucntt', 'act_add_compensation_detail', NULL),
(3657, '2012-01-06 11:28:52', 'trucntt', 'act_add_compensation', NULL),
(3658, '2012-01-06 11:29:02', 'trucntt', 'act_add_compensation_detail', NULL),
(3659, '2012-01-06 11:29:44', 'trucntt', 'act_add_compensation', NULL),
(3660, '2012-01-06 11:29:53', 'trucntt', 'act_add_compensation_detail', NULL),
(3661, '2012-01-06 11:30:07', 'trucntt', 'act_add_compensation', NULL),
(3662, '2012-01-06 11:30:15', 'trucntt', 'act_add_compensation_detail', NULL),
(3663, '2012-01-06 11:30:27', 'trucntt', 'act_add_compensation', NULL),
(3664, '2012-01-06 11:30:34', 'trucntt', 'act_add_compensation_detail', NULL),
(3665, '2012-01-06 11:30:57', 'trucntt', 'act_add_compensation', NULL),
(3666, '2012-01-06 11:31:04', 'trucntt', 'act_add_compensation_detail', NULL),
(3667, '2012-01-06 11:31:19', 'trucntt', 'act_add_compensation', NULL),
(3668, '2012-01-06 11:31:26', 'trucntt', 'act_add_compensation_detail', NULL),
(3669, '2012-01-06 11:32:13', 'trucntt', 'act_add_compensation', NULL),
(3670, '2012-01-06 11:32:20', 'trucntt', 'act_add_compensation_detail', NULL),
(3671, '2012-01-06 11:35:19', 'trucntt', 'act_add_compensation', NULL),
(3672, '2012-01-06 11:35:26', 'trucntt', 'act_add_compensation_detail', NULL),
(3673, '2012-01-06 11:41:36', 'trucntt', 'act_add_compensation', NULL),
(3674, '2012-01-06 11:41:43', 'trucntt', 'act_add_compensation_detail', NULL),
(3675, '2012-01-06 11:41:58', 'trucntt', 'act_add_compensation', NULL),
(3676, '2012-01-06 11:42:06', 'trucntt', 'act_add_compensation_detail', NULL),
(3677, '2012-01-06 11:42:20', 'trucntt', 'act_add_compensation', NULL),
(3678, '2012-01-06 11:42:27', 'trucntt', 'act_add_compensation_detail', NULL),
(3679, '2012-01-06 11:42:44', 'trucntt', 'act_add_compensation', NULL),
(3680, '2012-01-06 11:42:51', 'trucntt', 'act_add_compensation_detail', NULL),
(3681, '2012-01-06 11:43:08', 'trucntt', 'act_add_compensation', NULL),
(3682, '2012-01-06 11:43:16', 'trucntt', 'act_add_compensation_detail', NULL),
(3683, '2012-01-06 11:43:32', 'trucntt', 'act_add_compensation', NULL),
(3684, '2012-01-06 11:43:40', 'trucntt', 'act_add_compensation_detail', NULL),
(3685, '2012-01-06 11:43:54', 'trucntt', 'act_add_compensation', NULL),
(3686, '2012-01-06 11:44:01', 'trucntt', 'act_add_compensation_detail', NULL),
(3687, '2012-01-06 11:44:14', 'trucntt', 'act_add_compensation', NULL),
(3688, '2012-01-06 11:44:21', 'trucntt', 'act_add_compensation_detail', NULL),
(3689, '2012-01-06 11:45:16', 'trucntt', 'act_add_compensation', NULL),
(3690, '2012-01-06 11:45:24', 'trucntt', 'act_add_compensation_detail', NULL),
(3691, '2012-01-06 11:45:41', 'trucntt', 'act_add_compensation', NULL),
(3692, '2012-01-06 11:45:49', 'trucntt', 'act_add_compensation_detail', NULL),
(3693, '2012-01-06 11:46:02', 'trucntt', 'act_add_compensation', NULL),
(3694, '2012-01-06 11:46:14', 'trucntt', 'act_add_compensation_detail', NULL),
(3695, '2012-01-06 13:32:33', 'trucntt', 'act_add_compensation', NULL),
(3696, '2012-01-06 13:32:49', 'trucntt', 'act_add_compensation_detail', NULL),
(3697, '2012-01-06 13:33:07', 'trucntt', 'act_add_compensation', NULL),
(3698, '2012-01-06 13:33:15', 'trucntt', 'act_add_compensation_detail', NULL),
(3699, '2012-01-06 13:33:44', 'trucntt', 'act_add_compensation', NULL),
(3700, '2012-01-06 13:33:57', 'trucntt', 'act_add_compensation_detail', NULL),
(3701, '2012-01-06 13:34:16', 'trucntt', 'act_add_compensation', NULL),
(3702, '2012-01-06 13:34:23', 'trucntt', 'act_add_compensation_detail', NULL),
(3703, '2012-01-06 13:34:41', 'trucntt', 'act_add_compensation', NULL),
(3704, '2012-01-06 13:34:48', 'trucntt', 'act_add_compensation_detail', NULL),
(3705, '2012-01-06 13:35:03', 'trucntt', 'act_add_compensation', NULL),
(3706, '2012-01-06 13:35:10', 'trucntt', 'act_add_compensation_detail', NULL),
(3707, '2012-01-06 13:35:23', 'trucntt', 'act_add_compensation', NULL),
(3708, '2012-01-06 13:35:30', 'trucntt', 'act_add_compensation_detail', NULL),
(3709, '2012-01-06 13:42:06', 'trucntt', 'act_add_compensation', NULL),
(3710, '2012-01-06 13:42:14', 'trucntt', 'act_add_compensation_detail', NULL),
(3711, '2012-01-06 13:43:17', 'trucntt', 'act_add_compensation', NULL),
(3712, '2012-01-06 13:43:24', 'trucntt', 'act_add_compensation_detail', NULL),
(3713, '2012-01-06 13:43:39', 'trucntt', 'act_add_compensation', NULL),
(3714, '2012-01-06 13:43:46', 'trucntt', 'act_add_compensation_detail', NULL),
(3715, '2012-01-06 13:44:09', 'trucntt', 'act_add_compensation', NULL),
(3716, '2012-01-06 13:44:16', 'trucntt', 'act_add_compensation_detail', NULL),
(3717, '2012-01-06 13:47:15', 'trucntt', 'act_add_compensation', NULL),
(3718, '2012-01-06 13:47:22', 'trucntt', 'act_add_compensation_detail', NULL),
(3719, '2012-01-06 13:47:40', 'trucntt', 'act_add_compensation', NULL),
(3720, '2012-01-06 13:47:48', 'trucntt', 'act_add_compensation_detail', NULL),
(3721, '2012-01-06 13:48:01', 'trucntt', 'act_add_compensation', NULL),
(3722, '2012-01-06 13:48:08', 'trucntt', 'act_add_compensation_detail', NULL),
(3723, '2012-01-06 13:48:25', 'trucntt', 'act_add_compensation', NULL),
(3724, '2012-01-06 13:48:33', 'trucntt', 'act_add_compensation_detail', NULL),
(3725, '2012-01-06 13:49:06', 'trucntt', 'act_add_compensation', NULL),
(3726, '2012-01-06 13:49:14', 'trucntt', 'act_add_compensation_detail', NULL),
(3727, '2012-01-06 13:49:28', 'trucntt', 'act_add_compensation', NULL),
(3728, '2012-01-06 13:49:36', 'trucntt', 'act_add_compensation_detail', NULL),
(3729, '2012-01-06 13:49:49', 'trucntt', 'act_add_compensation', NULL),
(3730, '2012-01-06 13:49:57', 'trucntt', 'act_add_compensation_detail', NULL),
(3731, '2012-01-06 13:55:40', 'trucntt', 'act_add_compensation', NULL),
(3732, '2012-01-06 13:55:49', 'trucntt', 'act_add_compensation_detail', NULL),
(3733, '2012-01-06 13:56:06', 'trucntt', 'act_add_compensation', NULL),
(3734, '2012-01-06 13:56:14', 'trucntt', 'act_add_compensation_detail', NULL),
(3735, '2012-01-06 13:56:31', 'trucntt', 'act_add_compensation', NULL),
(3736, '2012-01-06 13:56:40', 'trucntt', 'act_add_compensation_detail', NULL),
(3737, '2012-01-06 13:56:56', 'trucntt', 'act_add_compensation', NULL),
(3738, '2012-01-06 13:57:05', 'trucntt', 'act_add_compensation_detail', NULL),
(3739, '2012-01-06 14:03:40', 'trucntt', 'act_add_compensation', NULL),
(3740, '2012-01-06 14:03:48', 'trucntt', 'act_add_compensation_detail', NULL),
(3741, '2012-01-06 14:04:01', 'trucntt', 'act_add_compensation', NULL),
(3742, '2012-01-06 14:04:08', 'trucntt', 'act_add_compensation_detail', NULL),
(3743, '2012-01-06 14:04:21', 'trucntt', 'act_add_compensation', NULL),
(3744, '2012-01-06 14:04:28', 'trucntt', 'act_add_compensation_detail', NULL),
(3745, '2012-01-06 14:04:41', 'trucntt', 'act_add_compensation', NULL),
(3746, '2012-01-06 14:04:48', 'trucntt', 'act_add_compensation_detail', NULL),
(3747, '2012-01-06 14:05:02', 'trucntt', 'act_add_compensation', NULL),
(3748, '2012-01-06 14:05:09', 'trucntt', 'act_add_compensation_detail', NULL),
(3749, '2012-01-06 14:05:25', 'trucntt', 'act_add_compensation', NULL),
(3750, '2012-01-06 14:05:32', 'trucntt', 'act_add_compensation_detail', NULL),
(3751, '2012-01-06 14:11:09', 'trucntt', 'act_add_compensation', NULL),
(3752, '2012-01-06 14:11:16', 'trucntt', 'act_add_compensation_detail', NULL),
(3753, '2012-01-06 14:27:17', 'trucntt', 'act_add_compensation', NULL),
(3754, '2012-01-06 14:27:25', 'trucntt', 'act_add_compensation_detail', NULL),
(3755, '2012-01-06 14:27:38', 'trucntt', 'act_add_compensation', NULL),
(3756, '2012-01-06 14:27:45', 'trucntt', 'act_add_compensation_detail', NULL),
(3757, '2012-01-06 14:27:57', 'trucntt', 'act_add_compensation', NULL),
(3758, '2012-01-06 14:28:04', 'trucntt', 'act_add_compensation_detail', NULL),
(3759, '2012-01-06 14:28:17', 'trucntt', 'act_add_compensation', NULL),
(3760, '2012-01-06 14:28:24', 'trucntt', 'act_add_compensation_detail', NULL),
(3761, '2012-01-06 14:28:38', 'trucntt', 'act_add_compensation', NULL),
(3762, '2012-01-06 14:28:44', 'trucntt', 'act_add_compensation_detail', NULL),
(3763, '2012-01-06 14:28:57', 'trucntt', 'act_add_compensation', NULL),
(3764, '2012-01-06 14:29:05', 'trucntt', 'act_edit_compensation', NULL),
(3765, '2012-01-06 14:29:11', 'trucntt', 'act_add_compensation_detail', NULL),
(3766, '2012-01-06 14:29:25', 'trucntt', 'act_add_compensation', NULL),
(3767, '2012-01-06 14:29:31', 'trucntt', 'act_add_compensation_detail', NULL),
(3768, '2012-01-06 14:29:43', 'trucntt', 'act_add_compensation', NULL),
(3769, '2012-01-06 14:29:51', 'trucntt', 'act_add_compensation_detail', NULL),
(3770, '2012-01-06 14:30:05', 'trucntt', 'act_add_compensation', NULL),
(3771, '2012-01-06 14:30:12', 'trucntt', 'act_add_compensation_detail', NULL),
(3772, '2012-01-06 14:30:25', 'trucntt', 'act_add_compensation', NULL),
(3773, '2012-01-06 14:30:33', 'trucntt', 'act_add_compensation_detail', NULL),
(3774, '2012-01-06 14:30:45', 'trucntt', 'act_add_compensation', NULL),
(3775, '2012-01-06 14:30:52', 'trucntt', 'act_add_compensation_detail', NULL),
(3776, '2012-01-06 14:31:04', 'trucntt', 'act_add_compensation', NULL),
(3777, '2012-01-06 14:31:12', 'trucntt', 'act_add_compensation_detail', NULL),
(3778, '2012-01-06 14:31:24', 'trucntt', 'act_add_compensation', NULL),
(3779, '2012-01-06 14:31:31', 'trucntt', 'act_add_compensation_detail', NULL),
(3780, '2012-01-06 14:33:23', 'trucntt', 'act_add_compensation', NULL),
(3781, '2012-01-06 14:33:31', 'trucntt', 'act_add_compensation_detail', NULL),
(3782, '2012-01-06 14:33:45', 'trucntt', 'act_add_compensation', NULL),
(3783, '2012-01-06 14:33:52', 'trucntt', 'act_add_compensation_detail', NULL),
(3784, '2012-01-06 14:34:05', 'trucntt', 'act_add_compensation', NULL),
(3785, '2012-01-06 14:34:11', 'trucntt', 'act_add_compensation_detail', NULL),
(3786, '2012-01-06 14:34:24', 'trucntt', 'act_add_compensation', NULL),
(3787, '2012-01-06 14:34:31', 'trucntt', 'act_add_compensation_detail', NULL),
(3788, '2012-01-06 14:34:44', 'trucntt', 'act_add_compensation', NULL),
(3789, '2012-01-06 14:34:51', 'trucntt', 'act_add_compensation_detail', NULL),
(3790, '2012-01-06 14:35:19', 'trucntt', 'act_add_compensation', NULL),
(3791, '2012-01-06 14:35:27', 'trucntt', 'act_add_compensation_detail', NULL),
(3792, '2012-01-06 14:35:39', 'trucntt', 'act_add_compensation', NULL),
(3793, '2012-01-06 14:35:45', 'trucntt', 'act_add_compensation_detail', NULL),
(3794, '2012-01-06 14:35:57', 'trucntt', 'act_add_compensation', NULL),
(3795, '2012-01-06 14:36:03', 'trucntt', 'act_add_compensation_detail', NULL),
(3796, '2012-01-06 14:36:16', 'trucntt', 'act_add_compensation', NULL),
(3797, '2012-01-06 14:36:22', 'trucntt', 'act_add_compensation_detail', NULL),
(3798, '2012-01-06 14:36:34', 'trucntt', 'act_add_compensation', NULL),
(3799, '2012-01-06 14:36:40', 'trucntt', 'act_add_compensation_detail', NULL),
(3800, '2012-01-06 14:36:52', 'trucntt', 'act_add_compensation', NULL),
(3801, '2012-01-06 14:36:58', 'trucntt', 'act_add_compensation_detail', NULL),
(3802, '2012-01-06 14:37:11', 'trucntt', 'act_add_compensation', NULL),
(3803, '2012-01-06 14:37:17', 'trucntt', 'act_add_compensation_detail', NULL),
(3804, '2012-01-06 14:37:31', 'trucntt', 'act_add_compensation', NULL),
(3805, '2012-01-06 14:37:37', 'trucntt', 'act_add_compensation_detail', NULL),
(3806, '2012-01-06 14:38:54', 'trucntt', 'act_add_compensation', NULL),
(3807, '2012-01-06 14:39:02', 'trucntt', 'act_add_compensation_detail', NULL),
(3808, '2012-01-06 14:39:15', 'trucntt', 'act_add_compensation', NULL),
(3809, '2012-01-06 14:39:25', 'trucntt', 'act_add_compensation_detail', NULL),
(3810, '2012-01-06 15:05:58', 'trucntt', 'act_add_compensation', NULL),
(3811, '2012-01-06 15:06:08', 'trucntt', 'act_add_compensation_detail', NULL),
(3812, '2012-01-06 15:06:23', 'trucntt', 'act_add_compensation', NULL),
(3813, '2012-01-06 15:06:31', 'trucntt', 'act_add_compensation_detail', NULL),
(3814, '2012-01-06 15:06:47', 'trucntt', 'act_add_compensation', NULL),
(3815, '2012-01-06 15:17:45', 'trucntt', 'act_add_compensation_detail', NULL),
(3816, '2012-01-06 15:24:14', 'trucntt', 'act_add_compensation', NULL),
(3817, '2012-01-06 15:24:33', 'trucntt', 'act_add_compensation_detail', NULL),
(3818, '2012-01-06 15:24:58', 'trucntt', 'act_add_compensation', NULL),
(3819, '2012-01-06 15:25:06', 'trucntt', 'act_add_compensation_detail', NULL),
(3820, '2012-01-06 15:31:27', 'trucntt', 'act_add_compensation', NULL),
(3821, '2012-01-06 15:31:36', 'trucntt', 'act_add_compensation_detail', NULL),
(3822, '2012-01-06 15:31:50', 'trucntt', 'act_add_compensation', NULL),
(3823, '2012-01-06 15:31:56', 'trucntt', 'act_add_compensation_detail', NULL),
(3824, '2012-01-06 15:32:09', 'trucntt', 'act_add_compensation', NULL),
(3825, '2012-01-06 15:32:16', 'trucntt', 'act_add_compensation_detail', NULL),
(3826, '2012-01-06 15:32:29', 'trucntt', 'act_add_compensation', NULL),
(3827, '2012-01-06 15:32:38', 'trucntt', 'act_add_compensation_detail', NULL),
(3828, '2012-01-06 15:32:52', 'trucntt', 'act_add_compensation', NULL),
(3829, '2012-01-06 15:32:59', 'trucntt', 'act_add_compensation_detail', NULL),
(3830, '2012-01-06 15:33:17', 'trucntt', 'act_add_compensation', NULL),
(3831, '2012-01-06 15:33:23', 'trucntt', 'act_add_compensation_detail', NULL),
(3832, '2012-01-06 15:33:56', 'trucntt', 'act_add_compensation', NULL),
(3833, '2012-01-06 15:34:03', 'trucntt', 'act_add_compensation_detail', NULL),
(3834, '2012-01-06 15:34:21', 'trucntt', 'act_add_compensation', NULL),
(3835, '2012-01-06 15:34:28', 'trucntt', 'act_add_compensation_detail', NULL),
(3836, '2012-01-06 15:34:40', 'trucntt', 'act_add_compensation', NULL),
(3837, '2012-01-06 15:34:47', 'trucntt', 'act_add_compensation_detail', NULL),
(3838, '2012-01-06 15:35:02', 'trucntt', 'act_add_compensation', NULL),
(3839, '2012-01-06 15:35:09', 'trucntt', 'act_add_compensation_detail', NULL),
(3840, '2012-01-06 15:35:24', 'trucntt', 'act_add_compensation', NULL),
(3841, '2012-01-06 15:35:34', 'trucntt', 'act_add_compensation_detail', NULL),
(3842, '2012-01-06 15:35:52', 'trucntt', 'act_add_compensation', NULL),
(3843, '2012-01-06 15:35:59', 'trucntt', 'act_add_compensation_detail', NULL),
(3844, '2012-01-06 15:36:11', 'trucntt', 'act_add_compensation', NULL),
(3845, '2012-01-06 15:36:18', 'trucntt', 'act_add_compensation_detail', NULL),
(3846, '2012-01-06 15:36:32', 'trucntt', 'act_add_compensation', NULL),
(3847, '2012-01-06 15:36:39', 'trucntt', 'act_add_compensation_detail', NULL),
(3848, '2012-01-06 15:37:23', 'trucntt', 'act_add_compensation', NULL),
(3849, '2012-01-06 15:37:31', 'trucntt', 'act_add_compensation_detail', NULL),
(3850, '2012-01-06 15:37:44', 'trucntt', 'act_add_compensation', NULL),
(3851, '2012-01-06 15:37:51', 'trucntt', 'act_add_compensation_detail', NULL),
(3852, '2012-01-06 15:38:07', 'trucntt', 'act_add_compensation', NULL),
(3853, '2012-01-06 15:38:14', 'trucntt', 'act_add_compensation_detail', NULL),
(3854, '2012-01-06 15:38:27', 'trucntt', 'act_add_compensation', NULL),
(3855, '2012-01-06 15:38:35', 'trucntt', 'act_add_compensation_detail', NULL),
(3856, '2012-01-06 15:38:48', 'trucntt', 'act_add_compensation', NULL),
(3857, '2012-01-06 15:38:56', 'trucntt', 'act_add_compensation_detail', NULL),
(3858, '2012-01-06 15:39:10', 'trucntt', 'act_add_compensation', NULL),
(3859, '2012-01-06 15:39:19', 'trucntt', 'act_add_compensation_detail', NULL),
(3860, '2012-01-06 15:41:25', 'trucntt', 'act_add_compensation', NULL),
(3861, '2012-01-06 15:41:33', 'trucntt', 'act_add_compensation_detail', NULL),
(3862, '2012-01-06 15:41:55', 'trucntt', 'act_add_compensation', NULL),
(3863, '2012-01-06 15:42:02', 'trucntt', 'act_add_compensation_detail', NULL),
(3864, '2012-01-06 15:42:15', 'trucntt', 'act_add_compensation', NULL),
(3865, '2012-01-06 15:42:22', 'trucntt', 'act_add_compensation_detail', NULL),
(3866, '2012-01-06 15:42:40', 'trucntt', 'act_add_compensation', NULL),
(3867, '2012-01-06 15:42:47', 'trucntt', 'act_add_compensation_detail', NULL),
(3868, '2012-01-06 15:43:00', 'trucntt', 'act_add_compensation', NULL),
(3869, '2012-01-06 15:43:09', 'trucntt', 'act_add_compensation_detail', NULL),
(3870, '2012-01-06 15:43:23', 'trucntt', 'act_add_compensation', NULL),
(3871, '2012-01-06 15:43:30', 'trucntt', 'act_add_compensation_detail', NULL),
(3872, '2012-01-06 15:43:44', 'trucntt', 'act_add_compensation', NULL),
(3873, '2012-01-06 15:43:50', 'trucntt', 'act_add_compensation_detail', NULL),
(3874, '2012-01-06 15:44:04', 'trucntt', 'act_add_compensation', NULL),
(3875, '2012-01-06 15:44:11', 'trucntt', 'act_add_compensation_detail', NULL),
(3876, '2012-01-06 15:46:27', 'trucntt', 'act_add_compensation', NULL),
(3877, '2012-01-06 15:46:34', 'trucntt', 'act_add_compensation_detail', NULL),
(3878, '2012-01-06 15:46:48', 'trucntt', 'act_add_compensation', NULL),
(3879, '2012-01-06 15:46:55', 'trucntt', 'act_add_compensation_detail', NULL),
(3880, '2012-01-06 15:47:08', 'trucntt', 'act_add_compensation', NULL),
(3881, '2012-01-06 15:47:14', 'trucntt', 'act_add_compensation_detail', NULL),
(3882, '2012-01-06 15:47:29', 'trucntt', 'act_add_compensation', NULL),
(3883, '2012-01-06 15:47:36', 'trucntt', 'act_add_compensation_detail', NULL),
(3884, '2012-01-06 15:47:50', 'trucntt', 'act_add_compensation', NULL),
(3885, '2012-01-06 15:47:59', 'trucntt', 'act_add_compensation_detail', NULL),
(3886, '2012-01-06 15:48:12', 'trucntt', 'act_add_compensation', NULL),
(3887, '2012-01-06 15:48:18', 'trucntt', 'act_add_compensation_detail', NULL),
(3888, '2012-01-06 15:48:32', 'trucntt', 'act_add_compensation', NULL),
(3889, '2012-01-06 15:48:39', 'trucntt', 'act_add_compensation_detail', NULL),
(3890, '2012-01-06 15:48:56', 'trucntt', 'act_add_compensation', NULL),
(3891, '2012-01-06 15:49:03', 'trucntt', 'act_add_compensation_detail', NULL),
(3892, '2012-01-06 15:49:17', 'trucntt', 'act_add_compensation', NULL),
(3893, '2012-01-06 15:49:24', 'trucntt', 'act_add_compensation_detail', NULL),
(3894, '2012-01-06 15:49:52', 'trucntt', 'act_add_compensation', NULL),
(3895, '2012-01-06 15:50:01', 'trucntt', 'act_add_compensation_detail', NULL),
(3896, '2012-01-06 15:50:15', 'trucntt', 'act_add_compensation', NULL),
(3897, '2012-01-06 15:50:24', 'trucntt', 'act_add_compensation_detail', NULL),
(3898, '2012-01-06 15:50:36', 'trucntt', 'act_add_compensation', NULL),
(3899, '2012-01-06 15:50:44', 'trucntt', 'act_add_compensation_detail', NULL),
(3900, '2012-01-06 15:50:59', 'trucntt', 'act_add_compensation', NULL),
(3901, '2012-01-06 15:51:09', 'trucntt', 'act_add_compensation_detail', NULL),
(3902, '2012-01-06 15:51:24', 'trucntt', 'act_add_compensation', NULL),
(3903, '2012-01-06 15:51:31', 'trucntt', 'act_add_compensation_detail', NULL),
(3904, '2012-01-06 15:51:44', 'trucntt', 'act_add_compensation', NULL),
(3905, '2012-01-06 15:51:51', 'trucntt', 'act_add_compensation_detail', NULL),
(3906, '2012-01-06 15:56:59', 'trucntt', 'act_add_compensation', NULL),
(3907, '2012-01-06 15:57:08', 'trucntt', 'act_add_compensation_detail', NULL),
(3908, '2012-01-06 15:57:43', 'trucntt', 'act_add_compensation', NULL),
(3909, '2012-01-06 15:59:17', 'trucntt', 'act_edit_compensation', NULL),
(3910, '2012-01-06 15:59:34', 'trucntt', 'act_add_compensation_detail', NULL),
(3911, '2012-01-06 15:59:41', 'trucntt', 'act_add_compensation_detail', NULL),
(3912, '2012-01-06 15:59:54', 'trucntt', 'act_add_compensation_detail', NULL),
(3913, '2012-01-06 16:00:33', 'trucntt', 'act_edit_compensation', NULL),
(3914, '2012-01-06 16:00:51', 'trucntt', 'act_add_compensation_detail', NULL),
(3915, '2012-01-06 16:00:58', 'trucntt', 'act_add_compensation_detail', NULL),
(3916, '2012-01-06 16:01:13', 'trucntt', 'act_add_compensation_detail', NULL),
(3917, '2012-01-06 16:03:18', 'trucntt', 'act_add_compensation', NULL),
(3918, '2012-01-06 16:03:35', 'trucntt', 'act_add_compensation_detail', NULL),
(3919, '2012-01-06 16:05:12', 'trucntt', 'act_add_compensation', NULL),
(3920, '2012-01-06 16:05:27', 'trucntt', 'act_add_compensation_detail', NULL),
(3921, '2012-01-06 16:07:04', 'trucntt', 'act_add_compensation', NULL),
(3922, '2012-01-06 16:07:14', 'trucntt', 'act_add_compensation_detail', NULL),
(3923, '2012-01-06 16:08:19', 'trucntt', 'act_add_compensation', NULL),
(3924, '2012-01-06 16:08:36', 'trucntt', 'act_add_compensation_detail', NULL),
(3925, '2012-01-06 16:08:43', 'trucntt', 'act_add_compensation_detail', NULL),
(3926, '2012-01-06 16:09:10', 'trucntt', 'act_add_compensation', NULL),
(3927, '2012-01-06 16:09:23', 'trucntt', 'act_add_compensation_detail', NULL),
(3928, '2012-01-06 16:10:13', 'trucntt', 'act_add_compensation', NULL),
(3929, '2012-01-06 16:10:25', 'trucntt', 'act_add_compensation_detail', NULL),
(3930, '2012-01-06 16:13:49', 'trucntt', 'act_add_compensation', NULL),
(3931, '2012-01-06 16:14:03', 'trucntt', 'act_add_compensation_detail', NULL),
(3932, '2012-01-06 16:14:11', 'trucntt', 'act_add_compensation_detail', NULL),
(3933, '2012-01-06 16:16:07', 'trucntt', 'act_add_compensation', NULL),
(3934, '2012-01-06 16:16:17', 'trucntt', 'act_add_compensation_detail', NULL),
(3935, '2012-01-06 16:16:41', 'trucntt', 'act_add_compensation', NULL),
(3936, '2012-01-06 16:16:50', 'trucntt', 'act_add_compensation_detail', NULL),
(3937, '2012-01-06 16:17:27', 'trucntt', 'act_add_compensation', NULL),
(3938, '2012-01-06 16:17:28', 'admin', 'act_login', NULL),
(3939, '2012-01-06 16:17:37', 'trucntt', 'act_add_compensation_detail', NULL),
(3940, '2012-01-06 16:23:32', 'trucntt', 'act_add_compensation', NULL),
(3941, '2012-01-06 16:23:41', 'trucntt', 'act_add_compensation_detail', NULL),
(3942, '2012-01-06 16:24:12', 'trucntt', 'act_add_compensation', NULL),
(3943, '2012-01-06 16:24:24', 'trucntt', 'act_add_compensation_detail', NULL),
(3944, '2012-01-06 16:25:02', 'trucntt', 'act_add_compensation', NULL),
(3945, '2012-01-06 16:25:17', 'trucntt', 'act_add_compensation_detail', NULL),
(3946, '2012-01-06 16:25:42', 'trucntt', 'act_add_compensation', NULL),
(3947, '2012-01-06 16:26:15', 'trucntt', 'act_del_compensation', NULL),
(3948, '2012-01-06 16:29:57', 'trucntt', 'act_add_compensation', NULL),
(3949, '2012-01-06 16:30:08', 'trucntt', 'act_add_compensation_detail', NULL),
(3950, '2012-01-06 16:30:15', 'trucntt', 'act_add_compensation_detail', NULL),
(3951, '2012-01-06 16:30:20', 'trucntt', 'act_add_compensation_detail', NULL),
(3952, '2012-01-06 16:30:48', 'trucntt', 'act_add_compensation', NULL),
(3953, '2012-01-06 16:30:59', 'trucntt', 'act_add_compensation_detail', NULL),
(3954, '2012-01-06 16:33:34', 'trucntt', 'act_add_compensation', NULL),
(3955, '2012-01-06 16:33:46', 'trucntt', 'act_add_compensation_detail', NULL),
(3956, '2012-01-06 16:36:43', 'trucntt', 'act_add_compensation', NULL),
(3957, '2012-01-06 16:36:56', 'trucntt', 'act_add_compensation_detail', NULL),
(3958, '2012-01-06 16:37:05', 'trucntt', 'act_add_compensation_detail', NULL),
(3959, '2012-01-06 16:37:13', 'trucntt', 'act_add_compensation_detail', NULL),
(3960, '2012-01-06 16:37:21', 'trucntt', 'act_add_compensation_detail', NULL),
(3961, '2012-01-06 16:37:31', 'trucntt', 'act_add_compensation_detail', NULL),
(3962, '2012-01-06 16:37:38', 'trucntt', 'act_add_compensation_detail', NULL),
(3963, '2012-01-06 16:58:07', 'trucntt', 'act_add_compensation', NULL),
(3964, '2012-01-06 16:58:22', 'trucntt', 'act_add_compensation_detail', NULL),
(3965, '2012-01-06 17:06:07', 'trucntt', 'act_add_compensation', NULL),
(3966, '2012-01-06 17:06:29', 'trucntt', 'act_add_compensation_detail', NULL),
(3967, '2012-01-06 17:09:38', 'trucntt', 'act_add_compensation', NULL),
(3968, '2012-01-06 17:09:46', 'trucntt', 'act_add_compensation_detail', NULL),
(3969, '2012-01-06 17:10:40', 'trucntt', 'act_add_compensation', NULL),
(3970, '2012-01-06 17:10:49', 'trucntt', 'act_add_compensation_detail', NULL),
(3971, '2012-01-06 17:11:14', 'trucntt', 'act_add_compensation', NULL),
(3972, '2012-01-06 17:11:31', 'trucntt', 'act_add_compensation_detail', NULL),
(3973, '2012-01-06 17:13:16', 'trucntt', 'act_add_compensation', NULL),
(3974, '2012-01-06 17:13:28', 'trucntt', 'act_add_compensation_detail', NULL),
(3975, '2012-01-06 17:13:35', 'trucntt', 'act_add_compensation_detail', NULL),
(3976, '2012-01-06 17:13:41', 'trucntt', 'act_add_compensation_detail', NULL),
(3977, '2012-01-06 17:13:47', 'trucntt', 'act_add_compensation_detail', NULL),
(3978, '2012-01-06 17:13:54', 'trucntt', 'act_add_compensation_detail', NULL),
(3979, '2012-01-06 17:14:04', 'trucntt', 'act_add_compensation_detail', NULL),
(3980, '2012-01-06 17:14:10', 'trucntt', 'act_add_compensation_detail', NULL),
(3981, '2012-01-06 17:14:17', 'trucntt', 'act_add_compensation_detail', NULL),
(3982, '2012-01-06 17:14:23', 'trucntt', 'act_add_compensation_detail', NULL),
(3983, '2012-01-06 17:14:30', 'trucntt', 'act_add_compensation_detail', NULL),
(3984, '2012-01-06 17:14:38', 'trucntt', 'act_add_compensation_detail', NULL),
(3985, '2012-01-06 17:14:45', 'trucntt', 'act_add_compensation_detail', NULL),
(3986, '2012-01-06 17:14:52', 'trucntt', 'act_add_compensation_detail', NULL),
(3987, '2012-01-06 17:15:30', 'trucntt', 'act_add_compensation', NULL),
(3988, '2012-01-06 17:15:58', 'trucntt', 'act_add_compensation_detail', NULL),
(3989, '2012-01-06 17:16:04', 'trucntt', 'act_add_compensation_detail', NULL),
(3990, '2012-01-06 17:16:22', 'trucntt', 'act_add_compensation_detail', NULL),
(3991, '2012-01-06 17:16:28', 'trucntt', 'act_add_compensation_detail', NULL),
(3992, '2012-01-06 17:16:34', 'trucntt', 'act_add_compensation_detail', NULL),
(3993, '2012-01-06 17:16:41', 'trucntt', 'act_add_compensation_detail', NULL),
(3994, '2012-01-06 17:16:48', 'trucntt', 'act_add_compensation_detail', NULL),
(3995, '2012-01-06 17:16:55', 'trucntt', 'act_add_compensation_detail', NULL),
(3996, '2012-01-06 17:17:03', 'trucntt', 'act_add_compensation_detail', NULL),
(3997, '2012-01-06 17:17:11', 'trucntt', 'act_add_compensation_detail', NULL),
(3998, '2012-01-06 17:17:18', 'trucntt', 'act_add_compensation_detail', NULL),
(3999, '2012-01-06 17:17:26', 'trucntt', 'act_add_compensation_detail', NULL),
(4000, '2012-01-09 09:23:37', 'quyenlb', 'act_login', NULL),
(4001, '2012-01-09 09:44:36', 'quyenlb', 'act_add_reason_detail', NULL),
(4002, '2012-01-09 09:44:45', 'quyenlb', 'act_edit_reason_detail', NULL),
(4003, '2012-01-09 09:53:44', 'quyenlb', 'act_del_compensation', NULL),
(4004, '2012-01-09 10:01:19', 'quyenlb', 'act_deny_compensation', NULL),
(4005, '2012-01-09 10:01:41', 'quyenlb', 'act_deny_compensation', NULL),
(4006, '2012-01-09 10:01:46', 'quyenlb', 'act_deny_compensation', NULL),
(4007, '2012-01-09 10:02:01', 'quyenlb', 'act_deny_compensation', NULL),
(4008, '2012-01-09 10:02:29', 'quyenlb', 'act_exec_compensation', NULL),
(4009, '2012-01-09 10:05:38', 'quyenlb', 'act_deny_compensation', NULL),
(4010, '2012-01-09 10:05:43', 'quyenlb', 'act_exec_compensation', NULL),
(4011, '2012-01-09 10:15:35', 'trucntt', 'act_login', NULL),
(4012, '2012-01-09 10:16:01', 'trucntt', 'act_del_compensation', NULL),
(4013, '2012-01-09 10:16:04', 'trucntt', 'act_del_compensation', NULL),
(4014, '2012-01-09 10:16:09', 'trucntt', 'act_del_compensation', NULL),
(4015, '2012-01-09 10:16:17', 'trucntt', 'act_del_compensation', NULL),
(4016, '2012-01-09 10:16:20', 'trucntt', 'act_del_compensation', NULL),
(4017, '2012-01-09 10:16:23', 'trucntt', 'act_del_compensation', NULL),
(4018, '2012-01-09 10:16:27', 'trucntt', 'act_del_compensation', NULL),
(4019, '2012-01-09 10:16:30', 'trucntt', 'act_del_compensation', NULL),
(4020, '2012-01-09 10:16:34', 'trucntt', 'act_del_compensation', NULL),
(4021, '2012-01-09 10:17:20', 'trucntt', 'act_add_compensation', NULL),
(4022, '2012-01-09 10:17:29', 'trucntt', 'act_add_compensation_detail', NULL),
(4023, '2012-01-09 10:17:44', 'trucntt', 'act_add_compensation', NULL),
(4024, '2012-01-09 10:17:55', 'trucntt', 'act_add_compensation_detail', NULL),
(4025, '2012-01-09 10:20:03', 'admin', 'act_login', NULL),
(4026, '2012-01-09 10:43:12', 'trucntt', 'act_add_compensation', NULL),
(4027, '2012-01-09 10:43:33', 'trucntt', 'act_add_compensation_detail', NULL),
(4028, '2012-01-09 10:45:23', 'trucntt', 'act_edit_compensation', NULL),
(4029, '2012-01-09 10:48:23', 'trucntt', 'act_add_compensation_detail', NULL),
(4030, '2012-01-09 10:48:29', 'trucntt', 'act_add_compensation_detail', NULL),
(4031, '2012-01-09 10:48:37', 'trucntt', 'act_add_compensation_detail', NULL),
(4032, '2012-01-09 10:48:46', 'trucntt', 'act_add_compensation_detail', NULL),
(4033, '2012-01-09 10:48:54', 'trucntt', 'act_add_compensation_detail', NULL),
(4034, '2012-01-09 10:49:09', 'trucntt', 'act_add_compensation_detail', NULL),
(4035, '2012-01-09 10:49:18', 'trucntt', 'act_add_compensation_detail', NULL),
(4036, '2012-01-09 10:49:27', 'trucntt', 'act_add_compensation_detail', NULL),
(4037, '2012-01-09 10:49:37', 'trucntt', 'act_add_compensation_detail', NULL),
(4038, '2012-01-09 10:49:45', 'trucntt', 'act_add_compensation_detail', NULL),
(4039, '2012-01-09 10:49:52', 'trucntt', 'act_add_compensation_detail', NULL),
(4040, '2012-01-09 10:50:29', 'trucntt', 'act_add_compensation_detail', NULL),
(4041, '2012-01-09 10:50:34', 'trucntt', 'act_add_compensation_detail', NULL),
(4042, '2012-01-09 10:51:04', 'trucntt', 'act_add_compensation_detail', NULL),
(4043, '2012-01-09 10:51:44', 'trucntt', 'act_add_compensation_detail', NULL),
(4044, '2012-01-09 10:51:56', 'trucntt', 'act_add_compensation_detail', NULL),
(4045, '2012-01-09 10:54:17', 'trucntt', 'act_edit_compensation_detail', NULL),
(4046, '2012-01-09 10:54:27', 'trucntt', 'act_add_compensation_detail', NULL),
(4047, '2012-01-09 10:54:46', 'trucntt', 'act_add_compensation_detail', NULL),
(4048, '2012-01-09 10:54:55', 'trucntt', 'act_add_compensation_detail', NULL),
(4049, '2012-01-09 10:55:09', 'trucntt', 'act_add_compensation_detail', NULL),
(4050, '2012-01-09 10:56:02', 'trucntt', 'act_add_compensation_detail', NULL),
(4051, '2012-01-09 10:56:10', 'trucntt', 'act_add_compensation_detail', NULL),
(4052, '2012-01-09 10:56:16', 'trucntt', 'act_add_compensation_detail', NULL),
(4053, '2012-01-09 10:56:33', 'trucntt', 'act_add_compensation_detail', NULL),
(4054, '2012-01-09 10:56:42', 'trucntt', 'act_add_compensation_detail', NULL),
(4055, '2012-01-09 10:56:57', 'trucntt', 'act_add_compensation_detail', NULL),
(4056, '2012-01-09 10:57:06', 'trucntt', 'act_add_compensation_detail', NULL),
(4057, '2012-01-09 10:57:12', 'trucntt', 'act_add_compensation_detail', NULL),
(4058, '2012-01-09 10:57:32', 'trucntt', 'act_add_compensation_detail', NULL),
(4059, '2012-01-09 11:00:30', 'trucntt', 'act_add_compensation', NULL),
(4060, '2012-01-09 11:00:46', 'trucntt', 'act_add_compensation_detail', NULL),
(4061, '2012-01-09 11:01:16', 'trucntt', 'act_add_compensation', NULL),
(4062, '2012-01-09 11:01:39', 'trucntt', 'act_add_compensation_detail', NULL),
(4063, '2012-01-09 11:01:48', 'trucntt', 'act_add_compensation_detail', NULL),
(4064, '2012-01-09 11:01:58', 'trucntt', 'act_add_compensation_detail', NULL),
(4065, '2012-01-09 11:02:05', 'trucntt', 'act_add_compensation_detail', NULL),
(4066, '2012-01-09 11:02:18', 'trucntt', 'act_add_compensation_detail', NULL),
(4067, '2012-01-09 11:02:26', 'trucntt', 'act_add_compensation_detail', NULL),
(4068, '2012-01-09 11:02:35', 'trucntt', 'act_add_compensation_detail', NULL),
(4069, '2012-01-09 11:03:13', 'trucntt', 'act_add_compensation', NULL),
(4070, '2012-01-09 11:03:26', 'trucntt', 'act_add_compensation_detail', NULL),
(4071, '2012-01-09 11:03:34', 'trucntt', 'act_add_compensation_detail', NULL),
(4072, '2012-01-09 11:03:49', 'trucntt', 'act_add_compensation_detail', NULL),
(4073, '2012-01-09 11:03:56', 'trucntt', 'act_add_compensation_detail', NULL),
(4074, '2012-01-09 11:04:02', 'trucntt', 'act_add_compensation_detail', NULL),
(4075, '2012-01-09 11:04:09', 'trucntt', 'act_add_compensation_detail', NULL),
(4076, '2012-01-09 11:04:17', 'trucntt', 'act_add_compensation_detail', NULL),
(4077, '2012-01-09 11:04:35', 'trucntt', 'act_add_compensation_detail', NULL),
(4078, '2012-01-09 11:04:44', 'trucntt', 'act_add_compensation_detail', NULL),
(4079, '2012-01-09 11:04:51', 'trucntt', 'act_add_compensation_detail', NULL),
(4080, '2012-01-09 11:05:00', 'trucntt', 'act_add_compensation_detail', NULL),
(4081, '2012-01-09 11:05:12', 'trucntt', 'act_add_compensation_detail', NULL),
(4082, '2012-01-09 11:05:18', 'trucntt', 'act_add_compensation_detail', NULL),
(4083, '2012-01-09 11:06:44', 'trucntt', 'act_add_compensation', NULL),
(4084, '2012-01-09 11:06:56', 'trucntt', 'act_add_compensation_detail', NULL),
(4085, '2012-01-09 11:07:03', 'trucntt', 'act_add_compensation_detail', NULL),
(4086, '2012-01-09 11:07:11', 'trucntt', 'act_add_compensation_detail', NULL),
(4087, '2012-01-09 11:07:17', 'trucntt', 'act_add_compensation_detail', NULL),
(4088, '2012-01-09 11:08:25', 'trucntt', 'act_add_compensation', NULL),
(4089, '2012-01-09 11:08:36', 'trucntt', 'act_add_compensation_detail', NULL),
(4090, '2012-01-09 11:08:43', 'trucntt', 'act_add_compensation_detail', NULL),
(4091, '2012-01-09 11:08:49', 'trucntt', 'act_add_compensation_detail', NULL),
(4092, '2012-01-09 11:09:21', 'trucntt', 'act_add_compensation', NULL),
(4093, '2012-01-09 11:10:24', 'trucntt', 'act_edit_compensation', NULL),
(4094, '2012-01-09 11:10:35', 'trucntt', 'act_add_compensation_detail', NULL),
(4095, '2012-01-09 11:10:42', 'trucntt', 'act_add_compensation_detail', NULL),
(4096, '2012-01-09 11:10:48', 'trucntt', 'act_add_compensation_detail', NULL),
(4097, '2012-01-09 11:10:55', 'trucntt', 'act_add_compensation_detail', NULL),
(4098, '2012-01-09 11:11:03', 'trucntt', 'act_add_compensation_detail', NULL),
(4099, '2012-01-09 11:11:11', 'trucntt', 'act_add_compensation_detail', NULL),
(4100, '2012-01-09 11:11:17', 'trucntt', 'act_add_compensation_detail', NULL),
(4101, '2012-01-09 11:11:35', 'trucntt', 'act_add_compensation_detail', NULL),
(4102, '2012-01-09 11:11:42', 'trucntt', 'act_add_compensation_detail', NULL),
(4103, '2012-01-09 11:12:04', 'trucntt', 'act_edit_compensation', NULL),
(4104, '2012-01-09 11:12:15', 'trucntt', 'act_edit_compensation_detail', NULL),
(4105, '2012-01-09 11:12:25', 'trucntt', 'act_edit_compensation_detail', NULL),
(4106, '2012-01-09 11:12:57', 'trucntt', 'act_add_compensation', NULL),
(4107, '2012-01-09 11:13:04', 'trucntt', 'act_add_compensation_detail', NULL),
(4108, '2012-01-09 11:13:30', 'trucntt', 'act_add_compensation', NULL),
(4109, '2012-01-09 11:13:39', 'trucntt', 'act_add_compensation_detail', NULL),
(4110, '2012-01-09 11:15:19', 'trucntt', 'act_add_compensation', NULL),
(4111, '2012-01-09 11:15:32', 'trucntt', 'act_add_compensation_detail', NULL),
(4112, '2012-01-09 11:15:38', 'trucntt', 'act_add_compensation_detail', NULL),
(4113, '2012-01-09 11:15:45', 'trucntt', 'act_add_compensation_detail', NULL),
(4114, '2012-01-09 11:15:54', 'trucntt', 'act_add_compensation_detail', NULL),
(4115, '2012-01-09 11:16:03', 'trucntt', 'act_add_compensation_detail', NULL),
(4116, '2012-01-09 11:16:10', 'trucntt', 'act_add_compensation_detail', NULL),
(4117, '2012-01-09 11:16:16', 'trucntt', 'act_add_compensation_detail', NULL),
(4118, '2012-01-09 11:16:23', 'trucntt', 'act_add_compensation_detail', NULL),
(4119, '2012-01-09 11:16:34', 'trucntt', 'act_add_compensation_detail', NULL),
(4120, '2012-01-09 11:16:40', 'trucntt', 'act_add_compensation_detail', NULL),
(4121, '2012-01-09 11:16:50', 'trucntt', 'act_edit_compensation', NULL),
(4122, '2012-01-09 11:16:59', 'trucntt', 'act_edit_compensation_detail', NULL),
(4123, '2012-01-09 11:17:30', 'trucntt', 'act_add_compensation', NULL),
(4124, '2012-01-09 11:17:52', 'trucntt', 'act_add_compensation_detail', NULL),
(4125, '2012-01-09 11:17:59', 'trucntt', 'act_add_compensation_detail', NULL),
(4126, '2012-01-09 11:18:12', 'trucntt', 'act_add_compensation_detail', NULL),
(4127, '2012-01-09 11:18:20', 'trucntt', 'act_add_compensation_detail', NULL),
(4128, '2012-01-09 11:18:31', 'trucntt', 'act_add_compensation_detail', NULL),
(4129, '2012-01-09 11:18:39', 'trucntt', 'act_add_compensation_detail', NULL),
(4130, '2012-01-09 11:18:55', 'trucntt', 'act_add_compensation_detail', NULL),
(4131, '2012-01-09 11:20:40', 'trucntt', 'act_add_compensation', NULL),
(4132, '2012-01-09 11:20:52', 'trucntt', 'act_add_compensation_detail', NULL),
(4133, '2012-01-09 11:21:04', 'trucntt', 'act_add_compensation_detail', NULL),
(4134, '2012-01-09 11:21:10', 'trucntt', 'act_add_compensation_detail', NULL),
(4135, '2012-01-09 11:21:18', 'trucntt', 'act_add_compensation_detail', NULL),
(4136, '2012-01-09 11:21:24', 'trucntt', 'act_add_compensation_detail', NULL),
(4137, '2012-01-09 11:21:30', 'trucntt', 'act_add_compensation_detail', NULL),
(4138, '2012-01-09 11:21:37', 'trucntt', 'act_add_compensation_detail', NULL);
INSERT INTO `log` (`id`, `action_date`, `user`, `action`, `note`) VALUES
(4139, '2012-01-09 11:21:42', 'trucntt', 'act_add_compensation_detail', NULL),
(4140, '2012-01-09 11:21:51', 'trucntt', 'act_add_compensation_detail', NULL),
(4141, '2012-01-09 11:22:03', 'trucntt', 'act_add_compensation_detail', NULL),
(4142, '2012-01-09 11:22:48', 'trucntt', 'act_add_compensation', NULL),
(4143, '2012-01-09 11:22:56', 'trucntt', 'act_add_compensation_detail', NULL),
(4144, '2012-01-09 11:23:02', 'trucntt', 'act_add_compensation_detail', NULL),
(4145, '2012-01-09 11:23:44', 'trucntt', 'act_add_compensation', NULL),
(4146, '2012-01-09 11:23:53', 'trucntt', 'act_add_compensation_detail', NULL),
(4147, '2012-01-09 11:24:38', 'trucntt', 'act_add_compensation', NULL),
(4148, '2012-01-09 11:24:49', 'trucntt', 'act_add_compensation_detail', NULL),
(4149, '2012-01-09 11:25:23', 'trucntt', 'act_add_compensation', NULL),
(4150, '2012-01-09 11:26:32', 'trucntt', 'act_add_compensation_detail', NULL),
(4151, '2012-01-09 11:26:39', 'trucntt', 'act_add_compensation_detail', NULL),
(4152, '2012-01-09 11:26:45', 'trucntt', 'act_add_compensation_detail', NULL),
(4153, '2012-01-09 11:26:53', 'trucntt', 'act_add_compensation_detail', NULL),
(4154, '2012-01-09 11:27:46', 'trucntt', 'act_add_compensation', NULL),
(4155, '2012-01-09 11:27:55', 'trucntt', 'act_add_compensation_detail', NULL),
(4156, '2012-01-09 11:29:15', 'trucntt', 'act_add_compensation', NULL),
(4157, '2012-01-09 11:29:28', 'trucntt', 'act_add_compensation_detail', NULL),
(4158, '2012-01-09 11:29:35', 'trucntt', 'act_add_compensation_detail', NULL),
(4159, '2012-01-09 11:29:43', 'trucntt', 'act_add_compensation_detail', NULL),
(4160, '2012-01-09 11:29:50', 'trucntt', 'act_add_compensation_detail', NULL),
(4161, '2012-01-09 11:29:58', 'trucntt', 'act_add_compensation_detail', NULL),
(4162, '2012-01-09 11:30:05', 'trucntt', 'act_add_compensation_detail', NULL),
(4163, '2012-01-09 11:30:10', 'trucntt', 'act_add_compensation_detail', NULL),
(4164, '2012-01-09 11:30:18', 'trucntt', 'act_add_compensation_detail', NULL),
(4165, '2012-01-09 11:30:24', 'trucntt', 'act_add_compensation_detail', NULL),
(4166, '2012-01-09 11:31:37', 'trucntt', 'act_add_compensation', NULL),
(4167, '2012-01-09 11:31:56', 'trucntt', 'act_add_compensation_detail', NULL),
(4168, '2012-01-09 11:32:03', 'trucntt', 'act_add_compensation_detail', NULL),
(4169, '2012-01-09 11:32:10', 'trucntt', 'act_add_compensation_detail', NULL),
(4170, '2012-01-09 11:32:18', 'trucntt', 'act_add_compensation_detail', NULL),
(4171, '2012-01-09 11:32:24', 'trucntt', 'act_add_compensation_detail', NULL),
(4172, '2012-01-09 11:32:29', 'trucntt', 'act_add_compensation_detail', NULL),
(4173, '2012-01-09 11:32:38', 'trucntt', 'act_add_compensation_detail', NULL),
(4174, '2012-01-09 11:32:47', 'trucntt', 'act_add_compensation_detail', NULL),
(4175, '2012-01-09 11:32:55', 'trucntt', 'act_add_compensation_detail', NULL),
(4176, '2012-01-09 11:33:03', 'trucntt', 'act_add_compensation_detail', NULL),
(4177, '2012-01-09 11:33:26', 'trucntt', 'act_edit_compensation', NULL),
(4178, '2012-01-09 11:33:39', 'trucntt', 'act_edit_compensation_detail', NULL),
(4179, '2012-01-09 11:34:34', 'trucntt', 'act_add_compensation', NULL),
(4180, '2012-01-09 11:34:45', 'trucntt', 'act_add_compensation_detail', NULL),
(4181, '2012-01-09 11:34:52', 'trucntt', 'act_add_compensation_detail', NULL),
(4182, '2012-01-09 11:35:01', 'trucntt', 'act_add_compensation_detail', NULL),
(4183, '2012-01-09 11:35:07', 'trucntt', 'act_add_compensation_detail', NULL),
(4184, '2012-01-09 11:35:12', 'trucntt', 'act_add_compensation_detail', NULL),
(4185, '2012-01-09 11:35:45', 'trucntt', 'act_add_compensation', NULL),
(4186, '2012-01-09 11:36:00', 'trucntt', 'act_add_compensation_detail', NULL),
(4187, '2012-01-09 11:36:29', 'trucntt', 'act_add_compensation', NULL),
(4188, '2012-01-09 11:36:39', 'trucntt', 'act_add_compensation_detail', NULL),
(4189, '2012-01-09 11:37:02', 'trucntt', 'act_add_compensation', NULL),
(4190, '2012-01-09 11:37:23', 'trucntt', 'act_add_compensation_detail', NULL),
(4191, '2012-01-09 11:37:34', 'trucntt', 'act_add_compensation_detail', NULL),
(4192, '2012-01-09 11:37:40', 'trucntt', 'act_add_compensation_detail', NULL),
(4193, '2012-01-09 11:37:59', 'trucntt', 'act_add_compensation_detail', NULL),
(4194, '2012-01-09 11:38:05', 'trucntt', 'act_add_compensation_detail', NULL),
(4195, '2012-01-09 11:38:18', 'trucntt', 'act_edit_compensation_detail', NULL),
(4196, '2012-01-09 11:40:08', 'trucntt', 'act_add_compensation', NULL),
(4197, '2012-01-09 11:40:20', 'trucntt', 'act_add_compensation_detail', NULL),
(4198, '2012-01-09 11:40:24', 'trucntt', 'act_add_compensation_detail', NULL),
(4199, '2012-01-09 11:40:31', 'trucntt', 'act_add_compensation_detail', NULL),
(4200, '2012-01-09 11:40:43', 'trucntt', 'act_add_compensation_detail', NULL),
(4201, '2012-01-09 11:40:49', 'trucntt', 'act_add_compensation_detail', NULL),
(4202, '2012-01-09 11:40:56', 'trucntt', 'act_add_compensation_detail', NULL),
(4203, '2012-01-09 11:41:03', 'trucntt', 'act_add_compensation_detail', NULL),
(4204, '2012-01-09 11:41:09', 'trucntt', 'act_add_compensation_detail', NULL),
(4205, '2012-01-09 11:41:19', 'trucntt', 'act_add_compensation_detail', NULL),
(4206, '2012-01-09 11:41:26', 'trucntt', 'act_add_compensation_detail', NULL),
(4207, '2012-01-09 11:41:30', 'trucntt', 'act_add_compensation_detail', NULL),
(4208, '2012-01-09 11:41:48', 'trucntt', 'act_edit_compensation', NULL),
(4209, '2012-01-09 11:42:19', 'trucntt', 'act_edit_compensation_detail', NULL),
(4210, '2012-01-09 11:42:59', 'trucntt', 'act_add_compensation', NULL),
(4211, '2012-01-09 11:43:16', 'trucntt', 'act_add_compensation_detail', NULL),
(4212, '2012-01-09 11:44:15', 'trucntt', 'act_add_compensation', NULL),
(4213, '2012-01-09 11:44:25', 'trucntt', 'act_add_compensation_detail', NULL),
(4214, '2012-01-09 11:44:36', 'trucntt', 'act_add_compensation_detail', NULL),
(4215, '2012-01-09 11:44:43', 'trucntt', 'act_add_compensation_detail', NULL),
(4216, '2012-01-09 11:44:50', 'trucntt', 'act_add_compensation_detail', NULL),
(4217, '2012-01-09 11:44:57', 'trucntt', 'act_add_compensation_detail', NULL),
(4218, '2012-01-09 11:45:04', 'trucntt', 'act_add_compensation_detail', NULL),
(4219, '2012-01-09 11:45:12', 'trucntt', 'act_add_compensation_detail', NULL),
(4220, '2012-01-09 11:45:18', 'trucntt', 'act_add_compensation_detail', NULL),
(4221, '2012-01-09 11:45:24', 'trucntt', 'act_add_compensation_detail', NULL),
(4222, '2012-01-09 11:45:36', 'trucntt', 'act_add_compensation_detail', NULL),
(4223, '2012-01-09 11:45:40', 'trucntt', 'act_add_compensation_detail', NULL),
(4224, '2012-01-09 11:48:16', 'admin', 'act_login', NULL),
(4225, '2012-01-09 11:50:30', 'trucntt', 'act_add_compensation', NULL),
(4226, '2012-01-09 11:50:43', 'trucntt', 'act_add_compensation_detail', NULL),
(4227, '2012-01-09 11:50:51', 'trucntt', 'act_add_compensation_detail', NULL),
(4228, '2012-01-09 11:50:58', 'trucntt', 'act_add_compensation_detail', NULL),
(4229, '2012-01-09 11:51:10', 'trucntt', 'act_add_compensation_detail', NULL),
(4230, '2012-01-09 11:51:15', 'trucntt', 'act_add_compensation_detail', NULL),
(4231, '2012-01-09 11:51:23', 'trucntt', 'act_add_compensation_detail', NULL),
(4232, '2012-01-09 11:51:37', 'trucntt', 'act_add_compensation_detail', NULL),
(4233, '2012-01-09 11:51:48', 'trucntt', 'act_add_compensation_detail', NULL),
(4234, '2012-01-09 11:51:56', 'trucntt', 'act_add_compensation_detail', NULL),
(4235, '2012-01-09 11:52:08', 'trucntt', 'act_add_compensation_detail', NULL),
(4236, '2012-01-09 11:52:29', 'trucntt', 'act_add_compensation_detail', NULL),
(4237, '2012-01-09 11:52:37', 'trucntt', 'act_add_compensation_detail', NULL),
(4238, '2012-01-09 11:52:47', 'trucntt', 'act_add_compensation_detail', NULL),
(4239, '2012-01-09 11:52:54', 'trucntt', 'act_add_compensation_detail', NULL),
(4240, '2012-01-09 11:53:03', 'trucntt', 'act_add_compensation_detail', NULL),
(4241, '2012-01-09 11:53:13', 'trucntt', 'act_add_compensation_detail', NULL),
(4242, '2012-01-09 11:53:21', 'trucntt', 'act_add_compensation_detail', NULL),
(4243, '2012-01-09 11:53:30', 'trucntt', 'act_add_compensation_detail', NULL),
(4244, '2012-01-09 11:53:48', 'trucntt', 'act_add_compensation_detail', NULL),
(4245, '2012-01-09 11:54:00', 'trucntt', 'act_add_compensation_detail', NULL),
(4246, '2012-01-09 11:54:06', 'trucntt', 'act_add_compensation_detail', NULL),
(4247, '2012-01-09 11:54:23', 'trucntt', 'act_add_compensation_detail', NULL),
(4248, '2012-01-09 11:54:28', 'trucntt', 'act_add_compensation_detail', NULL),
(4249, '2012-01-09 11:54:34', 'trucntt', 'act_add_compensation_detail', NULL),
(4250, '2012-01-09 11:54:39', 'trucntt', 'act_add_compensation_detail', NULL),
(4251, '2012-01-09 11:54:45', 'trucntt', 'act_add_compensation_detail', NULL),
(4252, '2012-01-09 11:54:51', 'trucntt', 'act_add_compensation_detail', NULL),
(4253, '2012-01-09 11:55:05', 'trucntt', 'act_add_compensation_detail', NULL),
(4254, '2012-01-09 11:55:05', 'quyenlb', 'act_login', NULL),
(4255, '2012-01-09 11:55:13', 'trucntt', 'act_add_compensation_detail', NULL),
(4256, '2012-01-09 11:55:20', 'trucntt', 'act_add_compensation_detail', NULL),
(4257, '2012-01-09 11:55:29', 'trucntt', 'act_add_compensation_detail', NULL),
(4258, '2012-01-09 11:55:38', 'trucntt', 'act_add_compensation_detail', NULL),
(4259, '2012-01-09 11:55:46', 'trucntt', 'act_add_compensation_detail', NULL),
(4260, '2012-01-09 11:56:00', 'trucntt', 'act_add_compensation_detail', NULL),
(4261, '2012-01-09 11:56:06', 'trucntt', 'act_add_compensation_detail', NULL),
(4262, '2012-01-09 11:56:12', 'trucntt', 'act_add_compensation_detail', NULL),
(4263, '2012-01-09 11:56:18', 'trucntt', 'act_add_compensation_detail', NULL),
(4264, '2012-01-09 11:56:26', 'trucntt', 'act_add_compensation_detail', NULL),
(4265, '2012-01-09 11:56:33', 'trucntt', 'act_add_compensation_detail', NULL),
(4266, '2012-01-09 11:56:40', 'trucntt', 'act_add_compensation_detail', NULL),
(4267, '2012-01-09 11:56:47', 'trucntt', 'act_add_compensation_detail', NULL),
(4268, '2012-01-09 11:56:54', 'trucntt', 'act_add_compensation_detail', NULL),
(4269, '2012-01-09 11:57:02', 'trucntt', 'act_add_compensation_detail', NULL),
(4270, '2012-01-09 13:05:06', 'quyenlb', 'act_deny_compensation', NULL),
(4271, '2012-01-09 13:05:13', 'quyenlb', 'act_exec_compensation', NULL),
(4272, '2012-01-09 14:46:16', 'quyenlb', 'act_add_reason_detail', NULL),
(4273, '2012-01-09 14:46:32', 'quyenlb', 'act_edit_compensation', NULL),
(4274, '2012-01-09 14:46:47', 'quyenlb', 'act_deny_compensation', NULL),
(4275, '2012-01-09 14:46:49', 'quyenlb', 'act_deny_compensation', NULL),
(4276, '2012-01-09 14:46:50', 'quyenlb', 'act_deny_compensation', NULL),
(4277, '2012-01-09 14:46:53', 'quyenlb', 'act_deny_compensation', NULL),
(4278, '2012-01-09 14:46:55', 'quyenlb', 'act_deny_compensation', NULL),
(4279, '2012-01-09 14:46:57', 'quyenlb', 'act_deny_compensation', NULL),
(4280, '2012-01-09 14:47:00', 'quyenlb', 'act_deny_compensation', NULL),
(4281, '2012-01-09 14:47:04', 'quyenlb', 'act_deny_compensation', NULL),
(4282, '2012-01-09 14:47:14', 'quyenlb', 'act_exec_compensation', NULL),
(4283, '2012-01-10 09:44:58', 'quyenlb', 'act_login', NULL),
(4284, '2012-01-10 11:32:44', 'trucntt', 'act_login', NULL),
(4285, '2012-01-10 11:33:06', 'trucntt', 'act_add_compensation', NULL),
(4286, '2012-01-10 11:33:14', 'trucntt', 'act_add_compensation_detail', NULL),
(4287, '2012-01-10 11:33:53', 'trucntt', 'act_add_compensation', NULL),
(4288, '2012-01-10 11:34:01', 'trucntt', 'act_add_compensation_detail', NULL),
(4289, '2012-01-10 11:34:54', 'trucntt', 'act_add_compensation', NULL),
(4290, '2012-01-10 11:35:02', 'trucntt', 'act_add_compensation_detail', NULL),
(4291, '2012-01-10 11:35:10', 'trucntt', 'act_add_compensation_detail', NULL),
(4292, '2012-01-10 11:39:43', 'quyenlb', 'act_login', NULL),
(4293, '2012-01-10 13:41:46', 'trucntt', 'act_add_compensation', NULL),
(4294, '2012-01-10 13:41:59', 'trucntt', 'act_add_compensation_detail', NULL),
(4295, '2012-01-10 13:42:21', 'trucntt', 'act_add_compensation', NULL),
(4296, '2012-01-10 13:42:35', 'trucntt', 'act_add_compensation_detail', NULL),
(4297, '2012-01-10 13:46:45', 'trucntt', 'act_add_compensation', NULL),
(4298, '2012-01-10 13:47:00', 'trucntt', 'act_add_compensation_detail', NULL),
(4299, '2012-01-10 13:47:23', 'trucntt', 'act_add_compensation', NULL),
(4300, '2012-01-10 13:47:38', 'trucntt', 'act_add_compensation_detail', NULL),
(4301, '2012-01-10 13:52:50', 'trucntt', 'act_add_compensation', NULL),
(4302, '2012-01-10 13:53:12', 'trucntt', 'act_add_compensation_detail', NULL),
(4303, '2012-01-10 13:53:48', 'trucntt', 'act_add_compensation', NULL),
(4304, '2012-01-10 13:54:35', 'trucntt', 'act_add_compensation_detail', NULL),
(4305, '2012-01-10 13:55:09', 'trucntt', 'act_add_compensation', NULL),
(4306, '2012-01-10 13:55:22', 'trucntt', 'act_add_compensation_detail', NULL),
(4307, '2012-01-10 13:56:28', 'trucntt', 'act_add_compensation', NULL),
(4308, '2012-01-10 13:56:43', 'trucntt', 'act_add_compensation_detail', NULL),
(4309, '2012-01-10 13:59:24', 'trucntt', 'act_add_compensation', NULL),
(4310, '2012-01-10 13:59:40', 'trucntt', 'act_add_compensation_detail', NULL),
(4311, '2012-01-10 14:00:05', 'trucntt', 'act_add_compensation', NULL),
(4312, '2012-01-10 14:00:16', 'trucntt', 'act_add_compensation_detail', NULL),
(4313, '2012-01-10 14:00:37', 'trucntt', 'act_add_compensation', NULL),
(4314, '2012-01-10 14:00:50', 'trucntt', 'act_add_compensation_detail', NULL),
(4315, '2012-01-10 14:02:25', 'trucntt', 'act_add_compensation', NULL),
(4316, '2012-01-10 14:02:38', 'trucntt', 'act_add_compensation_detail', NULL),
(4317, '2012-01-10 14:03:36', 'trucntt', 'act_add_compensation', NULL),
(4318, '2012-01-10 14:03:49', 'trucntt', 'act_add_compensation_detail', NULL),
(4319, '2012-01-10 14:04:08', 'trucntt', 'act_add_compensation', NULL),
(4320, '2012-01-10 14:04:25', 'trucntt', 'act_add_compensation_detail', NULL),
(4321, '2012-01-10 14:05:05', 'trucntt', 'act_add_compensation', NULL),
(4322, '2012-01-10 14:05:33', 'trucntt', 'act_add_compensation_detail', NULL),
(4323, '2012-01-10 14:06:21', 'trucntt', 'act_add_compensation', NULL),
(4324, '2012-01-10 14:06:42', 'trucntt', 'act_add_compensation_detail', NULL),
(4325, '2012-01-10 14:08:27', 'trucntt', 'act_add_compensation', NULL),
(4326, '2012-01-10 14:08:42', 'trucntt', 'act_add_compensation_detail', NULL),
(4327, '2012-01-10 14:08:48', 'trucntt', 'act_add_compensation_detail', NULL),
(4328, '2012-01-10 14:08:56', 'trucntt', 'act_add_compensation_detail', NULL),
(4329, '2012-01-10 14:09:02', 'trucntt', 'act_add_compensation_detail', NULL),
(4330, '2012-01-10 14:09:10', 'trucntt', 'act_add_compensation_detail', NULL),
(4331, '2012-01-10 14:09:16', 'trucntt', 'act_add_compensation_detail', NULL),
(4332, '2012-01-10 14:09:24', 'trucntt', 'act_add_compensation_detail', NULL),
(4333, '2012-01-10 14:09:29', 'trucntt', 'act_add_compensation_detail', NULL),
(4334, '2012-01-10 14:10:58', 'trucntt', 'act_add_compensation', NULL),
(4335, '2012-01-10 14:11:08', 'trucntt', 'act_add_compensation_detail', NULL),
(4336, '2012-01-10 14:11:51', 'trucntt', 'act_add_compensation', NULL),
(4337, '2012-01-10 14:12:03', 'trucntt', 'act_add_compensation_detail', NULL),
(4338, '2012-01-10 14:12:26', 'trucntt', 'act_add_compensation', NULL),
(4339, '2012-01-10 14:12:39', 'trucntt', 'act_add_compensation_detail', NULL),
(4340, '2012-01-10 14:13:10', 'trucntt', 'act_add_compensation', NULL),
(4341, '2012-01-10 14:13:23', 'trucntt', 'act_add_compensation_detail', NULL),
(4342, '2012-01-10 14:15:02', 'trucntt', 'act_add_compensation', NULL),
(4343, '2012-01-10 14:15:16', 'trucntt', 'act_add_compensation_detail', NULL),
(4344, '2012-01-10 14:16:10', 'trucntt', 'act_add_compensation', NULL),
(4345, '2012-01-10 14:16:20', 'trucntt', 'act_add_compensation_detail', NULL),
(4346, '2012-01-10 14:16:42', 'trucntt', 'act_edit_compensation_detail', NULL),
(4347, '2012-01-10 14:17:09', 'trucntt', 'act_add_compensation', NULL),
(4348, '2012-01-10 14:17:22', 'trucntt', 'act_add_compensation_detail', NULL),
(4349, '2012-01-10 14:17:32', 'trucntt', 'act_add_compensation_detail', NULL),
(4350, '2012-01-10 14:17:41', 'trucntt', 'act_add_compensation_detail', NULL),
(4351, '2012-01-10 14:17:50', 'trucntt', 'act_add_compensation_detail', NULL),
(4352, '2012-01-10 14:18:04', 'trucntt', 'act_add_compensation_detail', NULL),
(4353, '2012-01-10 14:18:19', 'trucntt', 'act_add_compensation_detail', NULL),
(4354, '2012-01-10 14:18:29', 'trucntt', 'act_add_compensation_detail', NULL),
(4355, '2012-01-10 14:18:39', 'trucntt', 'act_add_compensation_detail', NULL),
(4356, '2012-01-10 14:18:47', 'trucntt', 'act_add_compensation_detail', NULL),
(4357, '2012-01-10 14:20:43', 'trucntt', 'act_add_compensation', NULL),
(4358, '2012-01-10 14:20:58', 'trucntt', 'act_add_compensation_detail', NULL),
(4359, '2012-01-10 14:23:21', 'trucntt', 'act_add_compensation', NULL),
(4360, '2012-01-10 14:23:34', 'trucntt', 'act_add_compensation_detail', NULL),
(4361, '2012-01-10 14:34:47', 'trucntt', 'act_add_compensation', NULL),
(4362, '2012-01-10 14:34:58', 'trucntt', 'act_add_compensation_detail', NULL),
(4363, '2012-01-10 14:35:05', 'trucntt', 'act_add_compensation_detail', NULL),
(4364, '2012-01-10 14:35:11', 'trucntt', 'act_add_compensation_detail', NULL),
(4365, '2012-01-10 14:35:18', 'trucntt', 'act_add_compensation_detail', NULL),
(4366, '2012-01-10 14:35:25', 'trucntt', 'act_add_compensation_detail', NULL),
(4367, '2012-01-10 14:35:33', 'trucntt', 'act_add_compensation_detail', NULL),
(4368, '2012-01-10 14:35:39', 'trucntt', 'act_add_compensation_detail', NULL),
(4369, '2012-01-10 14:35:47', 'trucntt', 'act_add_compensation_detail', NULL),
(4370, '2012-01-10 14:35:54', 'trucntt', 'act_add_compensation_detail', NULL),
(4371, '2012-01-10 14:36:33', 'trucntt', 'act_add_compensation', NULL),
(4372, '2012-01-10 14:36:47', 'trucntt', 'act_add_compensation_detail', NULL),
(4373, '2012-01-10 14:36:51', 'trucntt', 'act_add_compensation_detail', NULL),
(4374, '2012-01-10 14:37:25', 'trucntt', 'act_add_compensation', NULL),
(4375, '2012-01-10 14:39:15', 'trucntt', 'act_add_compensation_detail', NULL),
(4376, '2012-01-10 14:39:21', 'trucntt', 'act_add_compensation_detail', NULL),
(4377, '2012-01-10 14:39:28', 'trucntt', 'act_add_compensation_detail', NULL),
(4378, '2012-01-10 14:39:34', 'trucntt', 'act_add_compensation_detail', NULL),
(4379, '2012-01-10 14:39:44', 'trucntt', 'act_add_compensation_detail', NULL),
(4380, '2012-01-10 14:39:54', 'trucntt', 'act_add_compensation_detail', NULL),
(4381, '2012-01-10 14:40:01', 'trucntt', 'act_add_compensation_detail', NULL),
(4382, '2012-01-10 14:40:09', 'trucntt', 'act_add_compensation_detail', NULL),
(4383, '2012-01-10 14:40:16', 'trucntt', 'act_add_compensation_detail', NULL),
(4384, '2012-01-10 14:40:24', 'trucntt', 'act_add_compensation_detail', NULL),
(4385, '2012-01-10 14:40:33', 'trucntt', 'act_add_compensation_detail', NULL),
(4386, '2012-01-10 14:40:41', 'trucntt', 'act_add_compensation_detail', NULL),
(4387, '2012-01-10 14:40:48', 'trucntt', 'act_add_compensation_detail', NULL),
(4388, '2012-01-10 14:42:30', 'trucntt', 'act_add_compensation', NULL),
(4389, '2012-01-10 14:42:45', 'trucntt', 'act_add_compensation_detail', NULL),
(4390, '2012-01-10 14:43:06', 'trucntt', 'act_add_compensation', NULL),
(4391, '2012-01-10 14:43:22', 'trucntt', 'act_add_compensation_detail', NULL),
(4392, '2012-01-10 14:45:39', 'trucntt', 'act_add_compensation', NULL),
(4393, '2012-01-10 14:45:52', 'trucntt', 'act_add_compensation_detail', NULL),
(4394, '2012-01-10 14:47:05', 'trucntt', 'act_add_compensation', NULL),
(4395, '2012-01-10 14:47:17', 'trucntt', 'act_add_compensation_detail', NULL),
(4396, '2012-01-10 14:47:22', 'trucntt', 'act_add_compensation_detail', NULL),
(4397, '2012-01-10 14:47:51', 'trucntt', 'act_add_compensation', NULL),
(4398, '2012-01-10 14:48:07', 'trucntt', 'act_add_compensation_detail', NULL),
(4399, '2012-01-10 14:50:21', 'trucntt', 'act_add_compensation', NULL),
(4400, '2012-01-10 14:50:36', 'trucntt', 'act_add_compensation_detail', NULL),
(4401, '2012-01-10 14:51:43', 'trucntt', 'act_add_compensation', NULL),
(4402, '2012-01-10 14:51:56', 'trucntt', 'act_add_compensation_detail', NULL),
(4403, '2012-01-10 14:52:34', 'trucntt', 'act_add_compensation', NULL),
(4404, '2012-01-10 14:52:47', 'trucntt', 'act_add_compensation_detail', NULL),
(4405, '2012-01-10 14:55:12', 'trucntt', 'act_add_compensation', NULL),
(4406, '2012-01-10 14:55:22', 'trucntt', 'act_add_compensation_detail', NULL),
(4407, '2012-01-10 14:56:03', 'trucntt', 'act_add_compensation', NULL),
(4408, '2012-01-10 14:56:15', 'trucntt', 'act_add_compensation_detail', NULL),
(4409, '2012-01-10 14:56:24', 'trucntt', 'act_add_compensation_detail', NULL),
(4410, '2012-01-10 14:56:34', 'trucntt', 'act_add_compensation_detail', NULL),
(4411, '2012-01-10 14:56:45', 'trucntt', 'act_add_compensation_detail', NULL),
(4412, '2012-01-10 14:58:42', 'trucntt', 'act_add_compensation', NULL),
(4413, '2012-01-10 14:58:55', 'trucntt', 'act_add_compensation_detail', NULL),
(4414, '2012-01-10 15:09:45', 'trucntt', 'act_add_compensation', NULL),
(4415, '2012-01-10 15:09:54', 'trucntt', 'act_add_compensation_detail', NULL),
(4416, '2012-01-10 15:19:44', 'trucntt', 'act_add_compensation', NULL),
(4417, '2012-01-10 15:19:59', 'trucntt', 'act_add_compensation_detail', NULL),
(4418, '2012-01-10 15:34:13', 'trucntt', 'act_add_compensation', NULL),
(4419, '2012-01-10 15:34:25', 'trucntt', 'act_add_compensation_detail', NULL),
(4420, '2012-01-10 15:43:45', 'trucntt', 'act_add_compensation', NULL),
(4421, '2012-01-10 15:43:58', 'trucntt', 'act_add_compensation_detail', NULL),
(4422, '2012-01-10 15:55:05', 'trucntt', 'act_add_compensation', NULL),
(4423, '2012-01-10 15:55:16', 'trucntt', 'act_add_compensation_detail', NULL),
(4424, '2012-01-10 16:00:09', 'admin', 'act_login', NULL),
(4425, '2012-01-10 16:13:22', 'trucntt', 'act_add_compensation', NULL),
(4426, '2012-01-10 16:13:33', 'trucntt', 'act_add_compensation_detail', NULL),
(4427, '2012-01-10 16:24:22', 'trucntt', 'act_add_compensation', NULL),
(4428, '2012-01-10 16:24:39', 'trucntt', 'act_add_compensation_detail', NULL),
(4429, '2012-01-10 16:25:02', 'dinhlhn', 'act_login', NULL),
(4430, '2012-01-10 16:43:12', 'trucntt', 'act_add_compensation', NULL),
(4431, '2012-01-10 16:43:23', 'trucntt', 'act_add_compensation_detail', NULL),
(4432, '2012-01-10 17:05:08', 'quyenlb', 'act_login', NULL),
(4433, '2012-01-10 17:09:42', 'quyenlb', 'act_deny_compensation', NULL),
(4434, '2012-01-10 17:10:02', 'quyenlb', 'act_deny_compensation', NULL),
(4435, '2012-01-10 17:10:08', 'quyenlb', 'act_deny_compensation', NULL),
(4436, '2012-01-10 17:10:35', 'trucntt', 'act_add_compensation', NULL),
(4437, '2012-01-10 17:10:48', 'trucntt', 'act_add_compensation_detail', NULL),
(4438, '2012-01-10 17:11:11', 'quyenlb', 'act_deny_compensation', NULL),
(4439, '2012-01-10 17:11:33', 'quyenlb', 'act_exec_compensation', NULL),
(4440, '2012-01-11 09:19:45', 'admin', 'act_login', NULL),
(4441, '2012-01-12 09:45:14', 'admin', 'act_login', NULL),
(4442, '2012-01-12 09:53:07', 'trucntt', 'act_login', NULL),
(4443, '2012-01-12 09:53:45', 'trucntt', 'act_add_compensation', NULL),
(4444, '2012-01-12 09:53:53', 'trucntt', 'act_add_compensation_detail', NULL),
(4445, '2012-01-12 09:53:59', 'trucntt', 'act_add_compensation_detail', NULL),
(4446, '2012-01-12 09:54:28', 'trucntt', 'act_add_compensation', NULL),
(4447, '2012-01-12 09:54:59', 'trucntt', 'act_add_compensation_detail', NULL),
(4448, '2012-01-12 10:15:10', 'trucntt', 'act_add_compensation', NULL),
(4449, '2012-01-12 10:15:31', 'trucntt', 'act_add_compensation_detail', NULL),
(4450, '2012-01-12 10:18:25', 'trucntt', 'act_add_compensation', NULL),
(4451, '2012-01-12 10:18:40', 'trucntt', 'act_add_compensation_detail', NULL),
(4452, '2012-01-12 10:19:03', 'trucntt', 'act_add_compensation', NULL),
(4453, '2012-01-12 10:19:15', 'trucntt', 'act_add_compensation_detail', NULL),
(4454, '2012-01-12 10:20:48', 'trucntt', 'act_add_compensation', NULL),
(4455, '2012-01-12 10:20:55', 'trucntt', 'act_add_compensation_detail', NULL),
(4456, '2012-01-12 10:23:03', 'trucntt', 'act_add_compensation', NULL),
(4457, '2012-01-12 10:23:12', 'trucntt', 'act_add_compensation_detail', NULL),
(4458, '2012-01-12 10:25:01', 'trucntt', 'act_add_compensation', NULL),
(4459, '2012-01-12 10:25:15', 'trucntt', 'act_add_compensation_detail', NULL),
(4460, '2012-01-12 10:25:23', 'trucntt', 'act_add_compensation_detail', NULL),
(4461, '2012-01-12 10:25:43', 'trucntt', 'act_add_compensation', NULL),
(4462, '2012-01-12 10:25:58', 'trucntt', 'act_add_compensation_detail', NULL),
(4463, '2012-01-12 10:26:21', 'trucntt', 'act_add_compensation', NULL),
(4464, '2012-01-12 10:26:35', 'trucntt', 'act_add_compensation_detail', NULL),
(4465, '2012-01-12 10:26:55', 'trucntt', 'act_add_compensation', NULL),
(4466, '2012-01-12 10:27:07', 'trucntt', 'act_add_compensation_detail', NULL),
(4467, '2012-01-12 10:28:30', 'trucntt', 'act_add_compensation', NULL),
(4468, '2012-01-12 10:28:47', 'trucntt', 'act_add_compensation_detail', NULL),
(4469, '2012-01-12 10:33:00', 'trucntt', 'act_add_compensation', NULL),
(4470, '2012-01-12 10:33:11', 'trucntt', 'act_add_compensation_detail', NULL),
(4471, '2012-01-12 10:33:36', 'trucntt', 'act_add_compensation', NULL),
(4472, '2012-01-12 10:34:45', 'trucntt', 'act_add_compensation_detail', NULL),
(4473, '2012-01-12 10:59:15', 'trucntt', 'act_add_compensation', NULL),
(4474, '2012-01-12 10:59:24', 'trucntt', 'act_add_compensation_detail', NULL),
(4475, '2012-01-12 10:59:45', 'trucntt', 'act_add_compensation', NULL),
(4476, '2012-01-12 10:59:58', 'trucntt', 'act_add_compensation_detail', NULL),
(4477, '2012-01-12 11:00:38', 'trucntt', 'act_add_compensation', NULL),
(4478, '2012-01-12 11:00:49', 'trucntt', 'act_add_compensation_detail', NULL),
(4479, '2012-01-12 11:00:56', 'trucntt', 'act_add_compensation_detail', NULL),
(4480, '2012-01-12 11:01:05', 'trucntt', 'act_add_compensation_detail', NULL),
(4481, '2012-01-12 11:01:12', 'trucntt', 'act_add_compensation_detail', NULL),
(4482, '2012-01-12 11:01:21', 'trucntt', 'act_add_compensation_detail', NULL),
(4483, '2012-01-12 11:01:28', 'trucntt', 'act_add_compensation_detail', NULL),
(4484, '2012-01-12 11:01:34', 'trucntt', 'act_add_compensation_detail', NULL),
(4485, '2012-01-12 11:01:41', 'trucntt', 'act_add_compensation_detail', NULL),
(4486, '2012-01-12 11:01:51', 'trucntt', 'act_add_compensation_detail', NULL),
(4487, '2012-01-12 11:01:59', 'trucntt', 'act_add_compensation_detail', NULL),
(4488, '2012-01-12 11:02:21', 'trucntt', 'act_edit_compensation_detail', NULL),
(4489, '2012-01-12 11:38:59', 'trucntt', 'act_add_compensation', NULL),
(4490, '2012-01-12 11:39:14', 'trucntt', 'act_add_compensation_detail', NULL),
(4491, '2012-01-12 11:39:32', 'trucntt', 'act_add_compensation', NULL),
(4492, '2012-01-12 11:39:46', 'trucntt', 'act_add_compensation_detail', NULL),
(4493, '2012-01-12 11:40:04', 'trucntt', 'act_add_compensation', NULL),
(4494, '2012-01-12 11:40:17', 'trucntt', 'act_add_compensation_detail', NULL),
(4495, '2012-01-12 11:43:06', 'trucntt', 'act_add_compensation', NULL),
(4496, '2012-01-12 11:43:22', 'trucntt', 'act_add_compensation_detail', NULL),
(4497, '2012-01-12 11:43:40', 'trucntt', 'act_add_compensation', NULL),
(4498, '2012-01-12 11:43:56', 'trucntt', 'act_add_compensation_detail', NULL),
(4499, '2012-01-12 11:44:15', 'trucntt', 'act_add_compensation', NULL),
(4500, '2012-01-12 11:44:30', 'trucntt', 'act_add_compensation_detail', NULL),
(4501, '2012-01-12 11:46:06', 'trucntt', 'act_add_compensation', NULL),
(4502, '2012-01-12 11:46:17', 'trucntt', 'act_add_compensation_detail', NULL),
(4503, '2012-01-12 11:46:37', 'trucntt', 'act_add_compensation', NULL),
(4504, '2012-01-12 11:46:50', 'trucntt', 'act_add_compensation_detail', NULL),
(4505, '2012-01-12 11:47:04', 'trucntt', 'act_add_compensation_detail', NULL),
(4506, '2012-01-12 11:47:11', 'trucntt', 'act_add_compensation_detail', NULL),
(4507, '2012-01-12 11:47:20', 'trucntt', 'act_add_compensation_detail', NULL),
(4508, '2012-01-12 11:47:29', 'trucntt', 'act_add_compensation_detail', NULL),
(4509, '2012-01-12 11:47:36', 'trucntt', 'act_add_compensation_detail', NULL),
(4510, '2012-01-12 11:47:43', 'trucntt', 'act_add_compensation_detail', NULL),
(4511, '2012-01-12 11:48:48', 'trucntt', 'act_add_compensation', NULL),
(4512, '2012-01-12 11:48:59', 'trucntt', 'act_add_compensation_detail', NULL),
(4513, '2012-01-12 11:49:21', 'trucntt', 'act_add_compensation', NULL),
(4514, '2012-01-12 11:49:34', 'trucntt', 'act_add_compensation_detail', NULL),
(4515, '2012-01-12 11:51:01', 'trucntt', 'act_add_compensation', NULL),
(4516, '2012-01-12 11:51:14', 'trucntt', 'act_add_compensation_detail', NULL),
(4517, '2012-01-12 11:51:59', 'trucntt', 'act_add_compensation', NULL),
(4518, '2012-01-12 11:52:10', 'trucntt', 'act_add_compensation_detail', NULL),
(4519, '2012-01-12 11:52:59', 'trucntt', 'act_add_compensation', NULL),
(4520, '2012-01-12 11:53:10', 'trucntt', 'act_add_compensation_detail', NULL),
(4521, '2012-01-12 11:53:17', 'trucntt', 'act_add_compensation_detail', NULL),
(4522, '2012-01-12 11:53:29', 'trucntt', 'act_add_compensation_detail', NULL),
(4523, '2012-01-12 11:53:47', 'trucntt', 'act_add_compensation_detail', NULL),
(4524, '2012-01-12 11:53:52', 'trucntt', 'act_add_compensation_detail', NULL),
(4525, '2012-01-12 11:53:59', 'trucntt', 'act_add_compensation_detail', NULL),
(4526, '2012-01-12 11:54:06', 'trucntt', 'act_add_compensation_detail', NULL),
(4527, '2012-01-12 11:54:12', 'trucntt', 'act_add_compensation_detail', NULL),
(4528, '2012-01-12 11:54:18', 'trucntt', 'act_add_compensation_detail', NULL),
(4529, '2012-01-12 11:54:27', 'trucntt', 'act_add_compensation_detail', NULL),
(4530, '2012-01-12 11:54:32', 'trucntt', 'act_add_compensation_detail', NULL),
(4531, '2012-01-12 14:12:29', 'trucntt', 'act_add_compensation', NULL),
(4532, '2012-01-12 14:12:43', 'trucntt', 'act_add_compensation_detail', NULL),
(4533, '2012-01-12 14:13:05', 'trucntt', 'act_add_compensation', NULL),
(4534, '2012-01-12 14:13:18', 'trucntt', 'act_add_compensation_detail', NULL),
(4535, '2012-01-12 14:13:37', 'trucntt', 'act_add_compensation', NULL),
(4536, '2012-01-12 14:13:53', 'trucntt', 'act_add_compensation_detail', NULL),
(4537, '2012-01-12 14:15:39', 'trucntt', 'act_add_compensation', NULL),
(4538, '2012-01-12 14:15:52', 'trucntt', 'act_add_compensation_detail', NULL),
(4539, '2012-01-12 14:16:13', 'trucntt', 'act_add_compensation', NULL),
(4540, '2012-01-12 14:16:27', 'trucntt', 'act_add_compensation_detail', NULL),
(4541, '2012-01-12 14:16:49', 'trucntt', 'act_add_compensation', NULL),
(4542, '2012-01-12 14:17:01', 'trucntt', 'act_add_compensation_detail', NULL),
(4543, '2012-01-12 14:25:27', 'trucntt', 'act_add_compensation', NULL),
(4544, '2012-01-12 14:25:40', 'trucntt', 'act_add_compensation_detail', NULL),
(4545, '2012-01-12 14:25:48', 'trucntt', 'act_add_compensation_detail', NULL),
(4546, '2012-01-12 14:26:21', 'trucntt', 'act_add_compensation', NULL),
(4547, '2012-01-12 14:26:33', 'trucntt', 'act_add_compensation_detail', NULL),
(4548, '2012-01-12 15:07:33', 'trucntt', 'act_add_compensation', NULL),
(4549, '2012-01-12 15:07:42', 'trucntt', 'act_add_compensation_detail', NULL),
(4550, '2012-01-12 15:09:49', 'trucntt', 'act_add_compensation', NULL),
(4551, '2012-01-12 15:09:58', 'trucntt', 'act_add_compensation_detail', NULL),
(4552, '2012-01-12 15:11:13', 'trucntt', 'act_add_compensation', NULL),
(4553, '2012-01-12 15:11:24', 'trucntt', 'act_add_compensation_detail', NULL),
(4554, '2012-01-12 15:12:06', 'trucntt', 'act_add_compensation', NULL),
(4555, '2012-01-12 15:12:17', 'trucntt', 'act_add_compensation_detail', NULL),
(4556, '2012-01-12 15:14:31', 'trucntt', 'act_add_compensation', NULL),
(4557, '2012-01-12 15:14:40', 'trucntt', 'act_add_compensation_detail', NULL),
(4558, '2012-01-12 15:15:13', 'trucntt', 'act_add_compensation', NULL),
(4559, '2012-01-12 15:15:24', 'trucntt', 'act_add_compensation_detail', NULL),
(4560, '2012-01-12 15:15:31', 'trucntt', 'act_add_compensation_detail', NULL),
(4561, '2012-01-12 15:15:39', 'trucntt', 'act_add_compensation_detail', NULL),
(4562, '2012-01-12 15:15:52', 'trucntt', 'act_add_compensation_detail', NULL),
(4563, '2012-01-12 15:16:07', 'trucntt', 'act_add_compensation_detail', NULL),
(4564, '2012-01-12 15:16:16', 'trucntt', 'act_add_compensation_detail', NULL),
(4565, '2012-01-12 15:17:22', 'trucntt', 'act_add_compensation', NULL),
(4566, '2012-01-12 15:17:33', 'trucntt', 'act_add_compensation_detail', NULL),
(4567, '2012-01-12 15:17:41', 'trucntt', 'act_add_compensation_detail', NULL),
(4568, '2012-01-12 15:17:49', 'trucntt', 'act_add_compensation_detail', NULL),
(4569, '2012-01-12 15:17:58', 'trucntt', 'act_add_compensation_detail', NULL),
(4570, '2012-01-12 15:18:07', 'trucntt', 'act_edit_compensation_detail', NULL),
(4571, '2012-01-12 15:39:30', 'trucntt', 'act_add_compensation', NULL),
(4572, '2012-01-12 15:39:40', 'trucntt', 'act_add_compensation_detail', NULL),
(4573, '2012-01-12 15:39:47', 'trucntt', 'act_add_compensation_detail', NULL),
(4574, '2012-01-12 15:40:21', 'trucntt', 'act_add_compensation', NULL),
(4575, '2012-01-12 15:40:32', 'trucntt', 'act_add_compensation_detail', NULL),
(4576, '2012-01-12 15:40:55', 'trucntt', 'act_add_compensation', NULL),
(4577, '2012-01-12 15:41:03', 'trucntt', 'act_add_compensation_detail', NULL),
(4578, '2012-01-12 16:18:36', 'trucntt', 'act_add_compensation', NULL),
(4579, '2012-01-12 16:18:48', 'trucntt', 'act_add_compensation_detail', NULL),
(4580, '2012-01-12 16:18:55', 'trucntt', 'act_add_compensation_detail', NULL),
(4581, '2012-01-12 16:20:06', 'trucntt', 'act_add_compensation', NULL),
(4582, '2012-01-12 16:20:18', 'trucntt', 'act_add_compensation_detail', NULL),
(4583, '2012-01-12 16:21:17', 'trucntt', 'act_add_compensation', NULL),
(4584, '2012-01-12 16:21:31', 'trucntt', 'act_add_compensation_detail', NULL),
(4585, '2012-01-12 16:21:56', 'trucntt', 'act_add_compensation', NULL),
(4586, '2012-01-12 16:22:13', 'trucntt', 'act_add_compensation_detail', NULL),
(4587, '2012-01-12 16:51:55', 'quyenlb', 'act_login', NULL),
(4588, '2012-01-12 16:52:44', 'quyenlb', 'act_deny_compensation', NULL),
(4589, '2012-01-12 16:52:46', 'quyenlb', 'act_deny_compensation', NULL),
(4590, '2012-01-12 16:52:48', 'quyenlb', 'act_deny_compensation', NULL),
(4591, '2012-01-12 16:52:53', 'quyenlb', 'act_exec_compensation', NULL),
(4592, '2012-01-12 17:51:27', 'trucntt', 'act_add_compensation', NULL),
(4593, '2012-01-12 17:51:37', 'trucntt', 'act_add_compensation_detail', NULL),
(4594, '2012-01-12 17:51:51', 'quyenlb', 'act_deny_compensation', NULL),
(4595, '2012-01-12 17:51:54', 'quyenlb', 'act_exec_compensation', NULL),
(4596, '2012-01-13 16:19:22', 'trucntt', 'act_login', NULL),
(4597, '2012-01-13 16:19:38', 'trucntt', 'act_add_compensation', NULL),
(4598, '2012-01-13 16:19:49', 'trucntt', 'act_add_compensation_detail', NULL),
(4599, '2012-01-13 16:20:24', 'trucntt', 'act_add_compensation', NULL),
(4600, '2012-01-13 16:20:36', 'trucntt', 'act_add_compensation_detail', NULL),
(4601, '2012-01-13 16:21:05', 'trucntt', 'act_add_compensation', NULL),
(4602, '2012-01-13 16:21:13', 'trucntt', 'act_add_compensation_detail', NULL),
(4603, '2012-01-14 13:33:57', 'admin', 'act_login', NULL),
(4604, '2012-01-16 10:35:01', 'admin', 'act_login', NULL),
(4605, '2012-01-16 10:35:43', 'admin', 'act_adduser', NULL),
(4606, '2012-01-16 10:35:56', 'admin', 'act_add_group', NULL),
(4607, '2012-01-16 10:36:20', 'admin', 'act_privilege', NULL),
(4608, '2012-01-16 10:36:30', 'admin', 'act_edituser', NULL),
(4609, '2012-01-16 10:36:41', 'thinhnq', 'act_login', NULL),
(4610, '2012-01-16 16:08:12', 'trucntt', 'act_login', NULL),
(4611, '2012-01-16 16:08:47', 'trucntt', 'act_add_compensation', NULL),
(4612, '2012-01-16 16:09:05', 'trucntt', 'act_add_compensation_detail', NULL),
(4613, '2012-01-16 16:09:49', 'trucntt', 'act_add_compensation', NULL),
(4614, '2012-01-16 16:10:03', 'trucntt', 'act_add_compensation_detail', NULL),
(4615, '2012-01-16 16:10:30', 'trucntt', 'act_add_compensation', NULL),
(4616, '2012-01-16 16:10:41', 'trucntt', 'act_add_compensation_detail', NULL),
(4617, '2012-01-16 16:11:12', 'trucntt', 'act_add_compensation', NULL),
(4618, '2012-01-16 16:11:26', 'trucntt', 'act_add_compensation_detail', NULL),
(4619, '2012-01-16 16:11:58', 'trucntt', 'act_add_compensation', NULL),
(4620, '2012-01-16 16:12:17', 'trucntt', 'act_add_compensation_detail', NULL),
(4621, '2012-01-16 16:12:25', 'trucntt', 'act_add_compensation_detail', NULL),
(4622, '2012-01-16 16:12:51', 'trucntt', 'act_add_compensation', NULL),
(4623, '2012-01-16 16:13:00', 'trucntt', 'act_add_compensation_detail', NULL),
(4624, '2012-01-16 16:13:29', 'trucntt', 'act_add_compensation', NULL),
(4625, '2012-01-16 16:13:46', 'trucntt', 'act_add_compensation_detail', NULL),
(4626, '2012-01-16 16:14:16', 'trucntt', 'act_add_compensation', NULL),
(4627, '2012-01-16 16:14:27', 'trucntt', 'act_add_compensation_detail', NULL),
(4628, '2012-01-16 16:14:36', 'trucntt', 'act_add_compensation_detail', NULL),
(4629, '2012-01-16 16:14:43', 'trucntt', 'act_add_compensation_detail', NULL),
(4630, '2012-01-16 16:14:52', 'trucntt', 'act_add_compensation_detail', NULL),
(4631, '2012-01-16 16:15:00', 'trucntt', 'act_add_compensation_detail', NULL),
(4632, '2012-01-16 16:15:07', 'trucntt', 'act_add_compensation_detail', NULL),
(4633, '2012-01-16 16:15:15', 'trucntt', 'act_add_compensation_detail', NULL),
(4634, '2012-01-16 16:15:56', 'trucntt', 'act_add_compensation', NULL),
(4635, '2012-01-16 16:16:09', 'trucntt', 'act_add_compensation_detail', NULL),
(4636, '2012-01-16 16:16:16', 'trucntt', 'act_add_compensation_detail', NULL),
(4637, '2012-01-16 16:16:23', 'trucntt', 'act_add_compensation_detail', NULL),
(4638, '2012-01-16 16:16:46', 'trucntt', 'act_add_compensation', NULL),
(4639, '2012-01-16 16:16:59', 'trucntt', 'act_add_compensation_detail', NULL),
(4640, '2012-01-16 16:40:09', 'trucntt', 'act_add_compensation', NULL),
(4641, '2012-01-16 16:40:22', 'trucntt', 'act_add_compensation_detail', NULL),
(4642, '2012-01-16 16:49:34', 'trucntt', 'act_add_compensation', NULL),
(4643, '2012-01-16 16:49:47', 'trucntt', 'act_add_compensation_detail', NULL),
(4644, '2012-01-16 17:10:04', 'quyenlb', 'act_login', NULL),
(4645, '2012-01-16 17:10:36', 'quyenlb', 'act_deny_compensation', NULL),
(4646, '2012-01-16 17:10:40', 'quyenlb', 'act_exec_compensation', NULL),
(4647, '2012-01-17 12:01:38', 'trucntt', 'act_login', NULL),
(4648, '2012-01-17 12:04:00', 'trucntt', 'act_edit_notice', NULL),
(4649, '2012-01-17 12:05:43', 'trucntt', 'act_edit_notice', NULL),
(4650, '2012-01-17 13:41:29', 'admin', 'act_login', NULL),
(4651, '2012-01-17 14:48:06', 'dinhlhn', 'act_login', NULL),
(4652, '2012-01-18 15:39:27', 'admin', 'act_login', NULL),
(4653, '2012-01-19 11:36:04', 'trucntt', 'act_login', NULL),
(4654, '2012-01-19 11:37:45', 'trucntt', 'act_add_compensation', NULL),
(4655, '2012-01-19 11:38:08', 'trucntt', 'act_add_compensation_detail', NULL),
(4656, '2012-01-19 11:38:15', 'trucntt', 'act_add_compensation_detail', NULL),
(4657, '2012-01-19 11:38:28', 'trucntt', 'act_add_compensation_detail', NULL),
(4658, '2012-01-19 11:38:34', 'trucntt', 'act_add_compensation_detail', NULL),
(4659, '2012-01-19 11:38:41', 'trucntt', 'act_add_compensation_detail', NULL),
(4660, '2012-01-19 11:38:47', 'trucntt', 'act_add_compensation_detail', NULL),
(4661, '2012-01-19 11:38:55', 'trucntt', 'act_add_compensation_detail', NULL),
(4662, '2012-01-19 11:39:04', 'trucntt', 'act_add_compensation_detail', NULL),
(4663, '2012-01-19 11:39:12', 'trucntt', 'act_add_compensation_detail', NULL),
(4664, '2012-01-19 11:39:20', 'trucntt', 'act_add_compensation_detail', NULL),
(4665, '2012-01-19 11:39:28', 'trucntt', 'act_add_compensation_detail', NULL),
(4666, '2012-01-19 11:39:39', 'trucntt', 'act_add_compensation_detail', NULL),
(4667, '2012-01-19 11:40:59', 'trucntt', 'act_add_compensation', NULL),
(4668, '2012-01-19 11:41:12', 'trucntt', 'act_add_compensation_detail', NULL),
(4669, '2012-01-19 11:41:45', 'trucntt', 'act_add_compensation', NULL),
(4670, '2012-01-19 11:42:06', 'trucntt', 'act_add_compensation_detail', NULL),
(4671, '2012-01-19 11:42:16', 'trucntt', 'act_add_compensation_detail', NULL),
(4672, '2012-01-19 11:42:34', 'trucntt', 'act_add_compensation_detail', NULL),
(4673, '2012-01-19 11:42:47', 'trucntt', 'act_add_compensation_detail', NULL),
(4674, '2012-01-19 11:42:55', 'trucntt', 'act_add_compensation_detail', NULL),
(4675, '2012-01-19 11:43:18', 'trucntt', 'act_add_compensation', NULL),
(4676, '2012-01-19 11:43:44', 'trucntt', 'act_add_compensation_detail', NULL),
(4677, '2012-01-19 11:46:14', 'trucntt', 'act_add_compensation', NULL),
(4678, '2012-01-19 11:46:26', 'trucntt', 'act_add_compensation_detail', NULL),
(4679, '2012-01-19 11:46:31', 'trucntt', 'act_add_compensation_detail', NULL),
(4680, '2012-01-19 11:48:16', 'trucntt', 'act_add_compensation', NULL),
(4681, '2012-01-19 11:48:28', 'trucntt', 'act_add_compensation_detail', NULL),
(4682, '2012-01-19 11:56:23', 'quyenlb', 'act_login', NULL),
(4683, '2012-01-19 11:56:38', 'quyenlb', 'act_add_reason_detail', NULL),
(4684, '2012-01-19 11:57:06', 'quyenlb', 'act_add_reason_detail', NULL),
(4685, '2012-01-19 11:57:21', 'trucntt', 'act_add_compensation', NULL),
(4686, '2012-01-19 11:58:25', 'admin', 'act_login', NULL),
(4687, '2012-01-19 12:00:21', 'trucntt', 'act_add_compensation', NULL),
(4688, '2012-01-19 12:00:32', 'trucntt', 'act_add_compensation_detail', NULL),
(4689, '2012-01-19 12:00:54', 'trucntt', 'act_add_compensation', NULL),
(4690, '2012-01-19 12:01:04', 'trucntt', 'act_add_compensation_detail', NULL),
(4691, '2012-01-19 12:01:29', 'trucntt', 'act_add_compensation', NULL),
(4692, '2012-01-19 12:01:43', 'trucntt', 'act_add_compensation_detail', NULL),
(4693, '2012-01-19 12:01:51', 'trucntt', 'act_add_compensation_detail', NULL),
(4694, '2012-01-19 12:02:11', 'trucntt', 'act_add_compensation', NULL),
(4695, '2012-01-19 12:02:24', 'trucntt', 'act_add_compensation_detail', NULL),
(4696, '2012-01-19 12:03:09', 'trucntt', 'act_add_compensation', NULL),
(4697, '2012-01-19 12:03:29', 'trucntt', 'act_add_compensation_detail', NULL),
(4698, '2012-01-19 12:04:02', 'trucntt', 'act_add_compensation', NULL),
(4699, '2012-01-19 12:04:16', 'trucntt', 'act_add_compensation_detail', NULL),
(4700, '2012-01-19 12:04:30', 'trucntt', 'act_add_compensation_detail', NULL),
(4701, '2012-01-19 12:04:41', 'trucntt', 'act_add_compensation_detail', NULL),
(4702, '2012-01-19 12:04:51', 'trucntt', 'act_add_compensation_detail', NULL),
(4703, '2012-01-19 12:05:03', 'trucntt', 'act_add_compensation_detail', NULL),
(4704, '2012-01-19 12:05:12', 'trucntt', 'act_add_compensation_detail', NULL),
(4705, '2012-01-19 12:05:20', 'trucntt', 'act_add_compensation_detail', NULL),
(4706, '2012-01-19 14:13:13', 'trucntt', 'act_add_compensation', NULL),
(4707, '2012-01-19 14:13:26', 'trucntt', 'act_add_compensation_detail', NULL),
(4708, '2012-01-19 14:13:56', 'trucntt', 'act_add_compensation', NULL),
(4709, '2012-01-19 14:14:14', 'trucntt', 'act_add_compensation_detail', NULL),
(4710, '2012-01-19 14:14:35', 'trucntt', 'act_add_compensation', NULL),
(4711, '2012-01-19 14:14:45', 'trucntt', 'act_add_compensation_detail', NULL),
(4712, '2012-01-19 14:15:07', 'trucntt', 'act_add_compensation', NULL),
(4713, '2012-01-19 14:15:42', 'trucntt', 'act_add_compensation_detail', NULL),
(4714, '2012-01-19 14:16:11', 'trucntt', 'act_add_compensation', NULL),
(4715, '2012-01-19 14:16:24', 'trucntt', 'act_add_compensation_detail', NULL),
(4716, '2012-01-19 14:16:34', 'trucntt', 'act_add_compensation_detail', NULL),
(4717, '2012-01-19 14:17:00', 'trucntt', 'act_add_compensation', NULL),
(4718, '2012-01-19 14:17:12', 'trucntt', 'act_add_compensation_detail', NULL),
(4719, '2012-01-19 14:17:17', 'trucntt', 'act_add_compensation_detail', NULL),
(4720, '2012-01-19 14:17:41', 'trucntt', 'act_add_compensation', NULL),
(4721, '2012-01-19 14:17:51', 'trucntt', 'act_add_compensation_detail', NULL),
(4722, '2012-01-19 14:17:54', 'trucntt', 'act_add_compensation_detail', NULL),
(4723, '2012-01-19 14:18:14', 'trucntt', 'act_add_compensation', NULL),
(4724, '2012-01-19 14:18:26', 'trucntt', 'act_add_compensation_detail', NULL),
(4725, '2012-01-19 14:18:47', 'trucntt', 'act_add_compensation', NULL),
(4726, '2012-01-19 14:18:54', 'trucntt', 'act_add_compensation_detail', NULL),
(4727, '2012-01-19 14:19:16', 'trucntt', 'act_add_compensation', NULL),
(4728, '2012-01-19 14:19:26', 'trucntt', 'act_add_compensation_detail', NULL),
(4729, '2012-01-19 14:19:47', 'trucntt', 'act_add_compensation', NULL),
(4730, '2012-01-19 14:19:59', 'trucntt', 'act_add_compensation_detail', NULL),
(4731, '2012-01-19 14:20:08', 'trucntt', 'act_add_compensation_detail', NULL),
(4732, '2012-01-19 14:20:20', 'trucntt', 'act_add_compensation_detail', NULL),
(4733, '2012-01-19 14:20:30', 'trucntt', 'act_add_compensation_detail', NULL),
(4734, '2012-01-19 14:20:40', 'trucntt', 'act_add_compensation_detail', NULL),
(4735, '2012-01-19 14:20:48', 'trucntt', 'act_add_compensation_detail', NULL),
(4736, '2012-01-19 14:39:02', 'trucntt', 'act_add_compensation', NULL),
(4737, '2012-01-19 14:39:13', 'trucntt', 'act_add_compensation_detail', NULL),
(4738, '2012-01-19 15:12:44', 'trucntt', 'act_add_compensation', NULL),
(4739, '2012-01-19 15:12:55', 'trucntt', 'act_add_compensation_detail', NULL),
(4740, '2012-01-19 15:13:02', 'trucntt', 'act_add_compensation_detail', NULL),
(4741, '2012-01-19 15:13:11', 'trucntt', 'act_add_compensation_detail', NULL),
(4742, '2012-01-19 15:13:20', 'trucntt', 'act_add_compensation_detail', NULL),
(4743, '2012-01-19 15:13:28', 'trucntt', 'act_add_compensation_detail', NULL),
(4744, '2012-01-19 15:59:02', 'trucntt', 'act_login', NULL),
(4745, '2012-01-19 16:00:53', 'trucntt', 'act_add_compensation', NULL),
(4746, '2012-01-19 16:05:42', 'trucntt', 'act_add_compensation_detail', NULL),
(4747, '2012-01-19 16:06:36', 'trucntt', 'act_add_compensation_detail', NULL),
(4748, '2012-01-19 16:07:02', 'trucntt', 'act_add_compensation', NULL),
(4749, '2012-01-19 16:07:13', 'trucntt', 'act_add_compensation_detail', NULL),
(4750, '2012-01-19 16:17:30', 'admin', 'act_deny_compensation', NULL),
(4751, '2012-01-19 16:17:35', 'admin', 'act_deny_compensation', NULL),
(4752, '2012-01-19 16:17:40', 'admin', 'act_exec_compensation', NULL),
(4753, '2012-01-31 10:47:13', 'trucntt', 'act_login', NULL),
(4754, '2012-01-31 10:48:26', 'trucntt', 'act_add_compensation', NULL),
(4755, '2012-01-31 10:48:46', 'trucntt', 'act_add_compensation_detail', NULL),
(4756, '2012-01-31 10:49:16', 'trucntt', 'act_add_compensation', NULL),
(4757, '2012-01-31 10:49:28', 'trucntt', 'act_add_compensation_detail', NULL),
(4758, '2012-01-31 10:49:57', 'trucntt', 'act_add_compensation', NULL),
(4759, '2012-01-31 10:50:10', 'trucntt', 'act_add_compensation_detail', NULL),
(4760, '2012-01-31 10:50:35', 'trucntt', 'act_add_compensation', NULL),
(4761, '2012-01-31 10:50:45', 'trucntt', 'act_add_compensation_detail', NULL),
(4762, '2012-01-31 10:51:12', 'trucntt', 'act_add_compensation', NULL),
(4763, '2012-01-31 10:51:24', 'trucntt', 'act_add_compensation_detail', NULL),
(4764, '2012-01-31 10:51:45', 'trucntt', 'act_add_compensation', NULL),
(4765, '2012-01-31 10:51:56', 'trucntt', 'act_add_compensation_detail', NULL),
(4766, '2012-01-31 10:52:18', 'trucntt', 'act_add_compensation', NULL),
(4767, '2012-01-31 10:52:38', 'trucntt', 'act_edit_compensation', NULL),
(4768, '2012-01-31 10:52:51', 'trucntt', 'act_add_compensation_detail', NULL),
(4769, '2012-01-31 10:53:30', 'trucntt', 'act_add_compensation', NULL),
(4770, '2012-01-31 10:53:44', 'trucntt', 'act_add_compensation_detail', NULL),
(4771, '2012-01-31 10:53:52', 'trucntt', 'act_add_compensation_detail', NULL),
(4772, '2012-01-31 10:53:58', 'trucntt', 'act_add_compensation_detail', NULL),
(4773, '2012-01-31 10:54:05', 'trucntt', 'act_add_compensation_detail', NULL),
(4774, '2012-01-31 10:54:13', 'trucntt', 'act_add_compensation_detail', NULL),
(4775, '2012-01-31 10:54:22', 'trucntt', 'act_add_compensation_detail', NULL),
(4776, '2012-01-31 10:55:24', 'trucntt', 'act_add_compensation', NULL),
(4777, '2012-01-31 10:55:36', 'trucntt', 'act_add_compensation_detail', NULL),
(4778, '2012-01-31 10:56:26', 'trucntt', 'act_add_compensation', NULL),
(4779, '2012-01-31 10:56:35', 'trucntt', 'act_add_compensation_detail', NULL),
(4780, '2012-01-31 10:57:06', 'trucntt', 'act_add_compensation', NULL),
(4781, '2012-01-31 10:57:15', 'trucntt', 'act_add_compensation_detail', NULL),
(4782, '2012-01-31 10:58:01', 'trucntt', 'act_add_compensation', NULL),
(4783, '2012-01-31 10:58:11', 'trucntt', 'act_add_compensation_detail', NULL),
(4784, '2012-01-31 10:58:34', 'trucntt', 'act_add_compensation', NULL),
(4785, '2012-01-31 10:58:47', 'trucntt', 'act_add_compensation_detail', NULL),
(4786, '2012-01-31 10:59:07', 'trucntt', 'act_add_compensation', NULL),
(4787, '2012-01-31 10:59:16', 'trucntt', 'act_add_compensation_detail', NULL),
(4788, '2012-01-31 10:59:43', 'trucntt', 'act_add_compensation', NULL),
(4789, '2012-01-31 10:59:52', 'trucntt', 'act_add_compensation_detail', NULL),
(4790, '2012-01-31 11:00:26', 'trucntt', 'act_add_compensation', NULL),
(4791, '2012-01-31 11:00:46', 'trucntt', 'act_add_compensation_detail', NULL),
(4792, '2012-01-31 11:01:11', 'trucntt', 'act_add_compensation', NULL),
(4793, '2012-01-31 11:01:25', 'trucntt', 'act_add_compensation_detail', NULL),
(4794, '2012-01-31 11:01:53', 'trucntt', 'act_add_compensation', NULL),
(4795, '2012-01-31 11:02:07', 'trucntt', 'act_add_compensation_detail', NULL),
(4796, '2012-01-31 11:02:32', 'trucntt', 'act_add_compensation', NULL),
(4797, '2012-01-31 11:02:45', 'trucntt', 'act_add_compensation_detail', NULL),
(4798, '2012-01-31 11:03:03', 'trucntt', 'act_add_compensation', NULL),
(4799, '2012-01-31 11:03:16', 'trucntt', 'act_add_compensation_detail', NULL),
(4800, '2012-01-31 11:03:54', 'trucntt', 'act_add_compensation', NULL),
(4801, '2012-01-31 11:04:08', 'trucntt', 'act_add_compensation_detail', NULL),
(4802, '2012-01-31 11:04:36', 'trucntt', 'act_add_compensation', NULL),
(4803, '2012-01-31 11:04:43', 'trucntt', 'act_add_compensation_detail', NULL),
(4804, '2012-01-31 11:05:12', 'trucntt', 'act_add_compensation', NULL),
(4805, '2012-01-31 11:05:21', 'trucntt', 'act_add_compensation_detail', NULL),
(4806, '2012-01-31 14:29:42', 'trucntt', 'act_add_compensation', NULL),
(4807, '2012-01-31 14:31:01', 'trucntt', 'act_add_compensation_detail', NULL),
(4808, '2012-01-31 14:31:31', 'trucntt', 'act_add_compensation', NULL),
(4809, '2012-01-31 14:31:39', 'trucntt', 'act_add_compensation_detail', NULL),
(4810, '2012-01-31 14:32:28', 'trucntt', 'act_add_compensation', NULL),
(4811, '2012-01-31 14:32:35', 'trucntt', 'act_add_compensation_detail', NULL),
(4812, '2012-01-31 14:32:59', 'trucntt', 'act_add_compensation', NULL),
(4813, '2012-01-31 14:33:07', 'trucntt', 'act_add_compensation_detail', NULL),
(4814, '2012-01-31 14:33:30', 'trucntt', 'act_add_compensation', NULL);
INSERT INTO `log` (`id`, `action_date`, `user`, `action`, `note`) VALUES
(4815, '2012-01-31 14:33:37', 'trucntt', 'act_add_compensation_detail', NULL),
(4816, '2012-01-31 14:36:01', 'trucntt', 'act_add_compensation', NULL),
(4817, '2012-01-31 14:36:08', 'trucntt', 'act_add_compensation_detail', NULL),
(4818, '2012-01-31 16:20:17', 'trucntt', 'act_add_compensation', NULL),
(4819, '2012-01-31 16:20:26', 'trucntt', 'act_add_compensation_detail', NULL),
(4820, '2012-01-31 16:52:16', 'trucntt', 'act_login', NULL),
(4821, '2012-01-31 16:52:34', 'trucntt', 'act_add_compensation', NULL),
(4822, '2012-01-31 16:52:44', 'trucntt', 'act_add_compensation_detail', NULL),
(4823, '2012-01-31 16:52:48', 'trucntt', 'act_add_compensation_detail', NULL),
(4824, '2012-01-31 16:52:52', 'quyenlb', 'act_login', NULL),
(4825, '2012-01-31 16:53:29', 'quyenlb', 'act_add_reason_detail', NULL),
(4826, '2012-01-31 16:53:50', 'quyenlb', 'act_add_reason_detail', NULL),
(4827, '2012-01-31 16:56:19', 'trucntt', 'act_add_compensation', NULL),
(4828, '2012-01-31 16:56:27', 'trucntt', 'act_add_compensation_detail', NULL),
(4829, '2012-01-31 16:56:34', 'trucntt', 'act_add_compensation_detail', NULL),
(4830, '2012-01-31 16:56:54', 'trucntt', 'act_add_compensation', NULL),
(4831, '2012-01-31 16:57:02', 'trucntt', 'act_add_compensation_detail', NULL),
(4832, '2012-01-31 16:57:07', 'trucntt', 'act_add_compensation_detail', NULL),
(4833, '2012-01-31 16:57:29', 'trucntt', 'act_edit_compensation', NULL),
(4834, '2012-01-31 16:57:45', 'trucntt', 'act_edit_compensation', NULL),
(4835, '2012-01-31 16:57:55', 'trucntt', 'act_edit_compensation', NULL),
(4836, '2012-01-31 16:58:04', 'trucntt', 'act_edit_compensation', NULL),
(4837, '2012-01-31 16:58:18', 'trucntt', 'act_edit_compensation', NULL),
(4838, '2012-01-31 16:58:33', 'trucntt', 'act_edit_compensation', NULL),
(4839, '2012-01-31 16:58:43', 'trucntt', 'act_edit_compensation', NULL),
(4840, '2012-01-31 16:58:54', 'trucntt', 'act_edit_compensation', NULL),
(4841, '2012-01-31 16:59:01', 'trucntt', 'act_edit_compensation', NULL),
(4842, '2012-01-31 16:59:09', 'trucntt', 'act_edit_compensation', NULL),
(4843, '2012-01-31 17:01:35', 'trucntt', 'act_add_compensation', NULL),
(4844, '2012-01-31 17:01:46', 'trucntt', 'act_add_compensation_detail', NULL),
(4845, '2012-01-31 17:02:35', 'trucntt', 'act_add_compensation', NULL),
(4846, '2012-01-31 17:02:46', 'trucntt', 'act_add_compensation_detail', NULL),
(4847, '2012-01-31 17:10:42', 'trucntt', 'act_add_compensation', NULL),
(4848, '2012-01-31 17:10:50', 'trucntt', 'act_add_compensation_detail', NULL),
(4849, '2012-01-31 17:10:54', 'trucntt', 'act_add_compensation_detail', NULL),
(4850, '2012-01-31 17:11:31', 'trucntt', 'act_add_compensation', NULL),
(4851, '2012-01-31 17:11:41', 'trucntt', 'act_add_compensation_detail', NULL),
(4852, '2012-01-31 17:11:45', 'trucntt', 'act_add_compensation_detail', NULL),
(4853, '2012-01-31 17:15:30', 'trucntt', 'act_add_compensation', NULL),
(4854, '2012-01-31 17:15:38', 'trucntt', 'act_add_compensation_detail', NULL),
(4855, '2012-01-31 17:16:49', 'trucntt', 'act_add_compensation', NULL),
(4856, '2012-01-31 17:16:59', 'trucntt', 'act_add_compensation_detail', NULL),
(4857, '2012-01-31 17:17:03', 'trucntt', 'act_add_compensation_detail', NULL),
(4858, '2012-01-31 17:17:47', 'trucntt', 'act_add_compensation', NULL),
(4859, '2012-01-31 17:17:58', 'trucntt', 'act_add_compensation_detail', NULL),
(4860, '2012-01-31 17:18:02', 'trucntt', 'act_add_compensation_detail', NULL),
(4861, '2012-01-31 17:23:01', 'quyenlb', 'act_login', NULL),
(4862, '2012-01-31 17:25:11', 'quyenlb', 'act_add_reason_detail', NULL),
(4863, '2012-01-31 17:25:52', 'quyenlb', 'act_deny_compensation', NULL),
(4864, '2012-01-31 17:25:54', 'quyenlb', 'act_deny_compensation', NULL),
(4865, '2012-01-31 17:25:58', 'quyenlb', 'act_exec_compensation', NULL),
(4866, '2012-02-01 10:36:14', 'trucntt', 'act_login', NULL),
(4867, '2012-02-01 10:36:36', 'trucntt', 'act_add_compensation', NULL),
(4868, '2012-02-01 10:36:46', 'trucntt', 'act_add_compensation_detail', NULL),
(4869, '2012-02-01 10:36:55', 'trucntt', 'act_add_compensation_detail', NULL),
(4870, '2012-02-01 14:58:14', 'trucntt', 'act_add_compensation', NULL),
(4871, '2012-02-01 14:58:38', 'trucntt', 'act_add_compensation_detail', NULL),
(4872, '2012-02-01 16:40:53', 'quyenlb', 'act_login', NULL),
(4873, '2012-02-01 16:41:17', 'quyenlb', 'act_deny_compensation', NULL),
(4874, '2012-02-01 16:41:22', 'quyenlb', 'act_exec_compensation', NULL),
(4875, '2012-02-02 14:26:33', 'trucntt', 'act_login', NULL),
(4876, '2012-02-02 14:26:49', 'trucntt', 'act_add_compensation', NULL),
(4877, '2012-02-02 14:27:00', 'trucntt', 'act_add_compensation_detail', NULL),
(4878, '2012-02-02 14:27:25', 'trucntt', 'act_add_compensation', NULL),
(4879, '2012-02-02 14:27:41', 'trucntt', 'act_add_compensation_detail', NULL),
(4880, '2012-02-02 14:28:02', 'trucntt', 'act_add_compensation_detail', NULL),
(4881, '2012-02-02 14:28:13', 'trucntt', 'act_add_compensation_detail', NULL),
(4882, '2012-02-02 15:21:13', 'admin', 'act_login', NULL),
(4883, '2012-02-02 15:22:14', 'trucntt', 'act_add_compensation_detail', NULL),
(4884, '2012-02-03 09:43:21', 'quyenlb', 'act_login', NULL),
(4885, '2012-02-03 09:43:26', 'quyenlb', 'act_deny_compensation', NULL),
(4886, '2012-02-03 09:43:31', 'quyenlb', 'act_exec_compensation', NULL),
(4887, '2012-02-03 15:57:27', 'dinhlhn', 'act_login', NULL),
(4888, '2012-02-03 16:05:03', 'dinhlhn', 'act_login', NULL),
(4889, '2012-02-03 16:05:22', 'admin', 'act_login', NULL),
(4890, '2012-02-03 16:05:33', 'admin', 'act_delete_item_gift', NULL),
(4891, '2012-02-03 16:05:37', 'admin', 'act_delete_item_gift', NULL),
(4892, '2012-02-03 16:05:40', 'admin', 'act_delete_item_gift', NULL),
(4893, '2012-02-03 16:34:54', 'trucntt', 'act_login', NULL),
(4894, '2012-02-03 16:36:28', 'trucntt', 'act_edit_notice', NULL),
(4895, '2012-02-03 16:38:07', 'trucntt', 'act_add_compensation', NULL),
(4896, '2012-02-03 16:38:16', 'trucntt', 'act_add_compensation_detail', NULL),
(4897, '2012-02-03 17:45:50', 'admin', 'act_add_item_gift', NULL),
(4898, '2012-02-03 17:46:36', 'admin', 'act_add_item_gift', NULL),
(4899, '2012-02-03 17:47:49', 'admin', 'act_login', NULL),
(4900, '2012-02-03 18:01:46', 'admin', 'act_delete_gift', 'phn thng s kin trng hoa gi heo mc 99'),
(4901, '2012-02-03 18:02:29', 'admin', 'act_delete_gift', 'phn thng s kin trng hoa gi heo mc 199'),
(4902, '2012-02-03 18:02:48', 'admin', 'act_delete_gift', 'phn thng s kin trng hoa gi item mc 599'),
(4903, '2012-02-03 18:02:57', 'admin', 'act_delete_gift', 'phn thng s kin trng hoa gi item mc 299'),
(4904, '2012-02-03 18:03:06', 'admin', 'act_delete_gift', 'phn thng s kin trng hoa gi heo mc 599'),
(4905, '2012-02-03 18:03:22', 'admin', 'act_delete_gift', 'phn thng s kin trng hoa gi heo mc 499'),
(4906, '2012-02-03 18:03:31', 'admin', 'act_delete_gift', 'phn thng s kin trng hoa gi heo mc 399'),
(4907, '2012-02-03 18:03:39', 'admin', 'act_delete_gift', 'phn thng s kin trng hoa gi heo mc 299'),
(4908, '2012-02-03 18:14:06', 'admin', 'act_add_gift', 'phn thng s kin trng hoa gi heo mc 99'),
(4909, '2012-02-03 18:16:02', 'admin', 'act_add_gift', 'phn thng s kin trng hoa gi item mc 599'),
(4910, '2012-02-03 18:17:56', 'admin', 'act_add_gift', 'phn thng s kin trng hoa gi heo mc 299'),
(4911, '2012-02-03 18:19:24', 'admin', 'act_add_gift', 'phn thng s kin trng hoa gi heo mc 299'),
(4912, '2012-02-03 18:20:26', 'admin', 'act_add_gift', 'phn thng s kin trng hoa gi heo mc 399'),
(4913, '2012-02-03 18:20:38', 'admin', 'act_delete_gift', 'phn thng s kin trng hoa gi heo mc 299'),
(4914, '2012-02-03 18:21:29', 'admin', 'act_add_gift', 'phn thng s kin trng hoa gi item mc 299'),
(4915, '2012-02-03 18:22:39', 'admin', 'act_add_gift', 'phn thng s kin trng hoa gi item mc 399'),
(4916, '2012-02-03 18:23:53', 'admin', 'act_add_gift', 'phn thng s kin trng hoa gi heo mc 499'),
(4917, '2012-02-03 18:24:44', 'admin', 'act_add_gift', 'phn thng s kin trng hoa gi item mc 499'),
(4918, '2012-02-03 18:25:34', 'admin', 'act_add_gift', 'phn thng s kin trng hoa gi heo mc 599'),
(4919, '2012-02-03 18:26:19', 'admin', 'act_add_gift', 'phn thng s kin trng hoa gi item mc 599'),
(4920, '2012-02-03 18:27:22', 'admin', 'act_add_gift', 'phn thng s kin trng hoa gi heo mc 699'),
(4921, '2012-02-03 18:28:46', 'admin', 'act_add_gift', 'phn thng s kin trng hoa gi item mc 699'),
(4922, '2012-02-03 18:32:24', 'admin', 'act_add_item_gift', NULL),
(4923, '2012-02-03 18:33:02', 'admin', 'act_add_item_gift', NULL),
(4924, '2012-02-03 18:33:34', 'admin', 'act_add_item_gift', NULL),
(4925, '2012-02-03 18:34:03', 'admin', 'act_add_item_gift', NULL),
(4926, '2012-02-03 18:34:41', 'admin', 'act_add_item_gift', NULL),
(4927, '2012-02-03 18:34:57', 'admin', 'act_add_item_gift', NULL),
(4928, '2012-02-03 18:35:28', 'admin', 'act_add_item_gift', NULL),
(4929, '2012-02-03 18:35:55', 'admin', 'act_add_item_gift', NULL),
(4930, '2012-02-03 18:36:07', 'admin', 'act_add_item_gift', NULL),
(4931, '2012-02-03 18:37:35', 'admin', 'act_add_item_gift', NULL),
(4932, '2012-02-03 18:38:00', 'admin', 'act_add_item_gift', NULL),
(4933, '2012-02-03 18:38:13', 'admin', 'act_add_item_gift', NULL),
(4934, '2012-02-03 18:38:33', 'admin', 'act_add_item_gift', NULL),
(4935, '2012-02-03 18:39:00', 'admin', 'act_add_item_gift', NULL),
(4936, '2012-02-03 18:39:21', 'admin', 'act_add_item_gift', NULL),
(4937, '2012-02-03 18:39:38', 'admin', 'act_add_item_gift', NULL),
(4938, '2012-02-03 18:39:57', 'admin', 'act_add_item_gift', NULL),
(4939, '2012-02-06 09:42:31', 'trucntt', 'act_login', NULL),
(4940, '2012-02-06 09:42:59', 'trucntt', 'act_add_compensation', NULL),
(4941, '2012-02-06 09:43:08', 'trucntt', 'act_add_compensation_detail', NULL),
(4942, '2012-02-06 10:40:31', 'admin', 'act_login', NULL),
(4943, '2012-02-06 10:45:35', 'admin', 'act_delete_item_gift', NULL),
(4944, '2012-02-06 10:45:38', 'admin', 'act_delete_item_gift', NULL),
(4945, '2012-02-06 10:45:54', 'admin', 'act_add_item_gift', NULL),
(4946, '2012-02-06 10:46:09', 'admin', 'act_add_item_gift', NULL),
(4947, '2012-02-06 10:46:25', 'admin', 'act_delete_item_gift', NULL),
(4948, '2012-02-06 10:46:40', 'admin', 'act_add_item_gift', NULL),
(4949, '2012-02-06 10:46:53', 'admin', 'act_delete_item_gift', NULL),
(4950, '2012-02-06 10:46:56', 'admin', 'act_delete_item_gift', NULL),
(4951, '2012-02-06 10:47:14', 'admin', 'act_add_item_gift', NULL),
(4952, '2012-02-06 10:47:27', 'admin', 'act_add_item_gift', NULL),
(4953, '2012-02-06 10:47:39', 'admin', 'act_delete_item_gift', NULL),
(4954, '2012-02-06 10:47:50', 'admin', 'act_add_item_gift', NULL),
(4955, '2012-02-06 15:35:50', 'admin', 'act_login', NULL),
(4956, '2012-02-06 16:15:56', 'trucntt', 'act_add_compensation', NULL),
(4957, '2012-02-06 16:16:04', 'trucntt', 'act_add_compensation_detail', NULL),
(4958, '2012-02-06 16:16:22', 'trucntt', 'act_add_compensation', NULL),
(4959, '2012-02-06 16:16:32', 'trucntt', 'act_add_compensation_detail', NULL),
(4960, '2012-02-06 16:16:59', 'trucntt', 'act_add_compensation', NULL),
(4961, '2012-02-06 16:17:06', 'trucntt', 'act_add_compensation_detail', NULL),
(4962, '2012-02-06 16:17:32', 'trucntt', 'act_add_compensation', NULL),
(4963, '2012-02-06 16:17:53', 'trucntt', 'act_add_compensation_detail', NULL),
(4964, '2012-02-06 16:17:59', 'trucntt', 'act_add_compensation_detail', NULL),
(4965, '2012-02-06 16:18:07', 'trucntt', 'act_add_compensation_detail', NULL),
(4966, '2012-02-06 16:18:15', 'trucntt', 'act_add_compensation_detail', NULL),
(4967, '2012-02-06 16:18:26', 'trucntt', 'act_add_compensation_detail', NULL),
(4968, '2012-02-06 16:19:02', 'trucntt', 'act_edit_compensation_detail', NULL),
(4969, '2012-02-06 16:19:26', 'trucntt', 'act_add_compensation', NULL),
(4970, '2012-02-06 16:19:43', 'trucntt', 'act_add_compensation_detail', NULL),
(4971, '2012-02-06 16:20:08', 'trucntt', 'act_add_compensation', NULL),
(4972, '2012-02-06 16:20:16', 'trucntt', 'act_add_compensation_detail', NULL),
(4973, '2012-02-06 16:20:43', 'trucntt', 'act_add_compensation', NULL),
(4974, '2012-02-06 16:20:54', 'trucntt', 'act_add_compensation_detail', NULL),
(4975, '2012-02-06 16:21:22', 'trucntt', 'act_add_compensation_detail', NULL),
(4976, '2012-02-06 16:21:59', 'trucntt', 'act_add_compensation', NULL),
(4977, '2012-02-06 16:22:07', 'trucntt', 'act_add_compensation_detail', NULL),
(4978, '2012-02-06 16:22:38', 'trucntt', 'act_add_compensation', NULL),
(4979, '2012-02-06 16:22:48', 'trucntt', 'act_add_compensation_detail', NULL),
(4980, '2012-02-06 16:22:55', 'trucntt', 'act_add_compensation_detail', NULL),
(4981, '2012-02-06 16:23:15', 'trucntt', 'act_add_compensation', NULL),
(4982, '2012-02-06 16:23:24', 'trucntt', 'act_add_compensation_detail', NULL),
(4983, '2012-02-06 16:23:47', 'trucntt', 'act_add_compensation', NULL),
(4984, '2012-02-06 16:23:59', 'trucntt', 'act_add_compensation_detail', NULL),
(4985, '2012-02-06 16:24:38', 'trucntt', 'act_add_compensation', NULL),
(4986, '2012-02-06 16:24:49', 'trucntt', 'act_add_compensation_detail', NULL),
(4987, '2012-02-06 16:25:10', 'trucntt', 'act_add_compensation', NULL),
(4988, '2012-02-06 16:25:19', 'trucntt', 'act_add_compensation_detail', NULL),
(4989, '2012-02-06 16:25:39', 'trucntt', 'act_add_compensation', NULL),
(4990, '2012-02-06 16:25:52', 'trucntt', 'act_add_compensation_detail', NULL),
(4991, '2012-02-06 16:26:12', 'trucntt', 'act_add_compensation', NULL),
(4992, '2012-02-06 16:26:22', 'trucntt', 'act_add_compensation_detail', NULL),
(4993, '2012-02-06 16:26:53', 'trucntt', 'act_edit_notice', NULL),
(4994, '2012-02-06 17:14:37', 'admin', 'act_login', NULL),
(4995, '2012-02-06 17:40:26', 'quyenlb', 'act_login', NULL),
(4996, '2012-02-06 17:40:39', 'quyenlb', 'act_deny_compensation', NULL),
(4997, '2012-02-06 17:41:00', 'quyenlb', 'act_exec_compensation', NULL),
(4998, '2012-02-07 11:22:05', 'trucntt', 'act_login', NULL),
(4999, '2012-02-07 11:23:10', 'trucntt', 'act_edit_notice', NULL),
(5000, '2012-02-07 15:34:26', 'admin', 'act_login', NULL),
(5001, '2012-02-07 15:35:44', 'admin', 'act_edit_gift', 'phn thng s kin trng hoa gi item mc 99'),
(5002, '2012-02-07 15:36:18', 'admin', 'act_login', NULL),
(5003, '2012-02-08 11:16:25', 'admin', 'act_login', NULL),
(5004, '2012-02-08 14:53:57', 'admin', 'act_login', NULL),
(5005, '2012-02-08 15:27:25', 'trucntt', 'act_login', NULL),
(5006, '2012-02-08 15:27:42', 'trucntt', 'act_add_compensation', NULL),
(5007, '2012-02-08 15:27:51', 'trucntt', 'act_add_compensation_detail', NULL),
(5008, '2012-02-08 15:27:58', 'trucntt', 'act_add_compensation_detail', NULL),
(5009, '2012-02-08 15:28:33', 'trucntt', 'act_add_compensation', NULL),
(5010, '2012-02-08 15:28:43', 'trucntt', 'act_add_compensation_detail', NULL),
(5011, '2012-02-08 17:29:25', 'quyenlb', 'act_login', NULL),
(5012, '2012-02-08 17:29:35', 'quyenlb', 'act_deny_compensation', NULL),
(5013, '2012-02-08 17:29:45', 'quyenlb', 'act_exec_compensation', NULL),
(5014, '2012-02-09 09:51:16', 'admin', 'act_login', NULL),
(5015, '2012-02-09 14:12:47', 'admin', 'act_login', NULL),
(5016, '2012-02-10 10:21:46', 'admin', 'act_login', NULL),
(5017, '2012-02-10 14:00:16', 'admin', 'act_login', NULL),
(5018, '2012-02-10 14:00:33', 'admin', 'act_login', NULL),
(5019, '2012-02-10 16:05:16', 'dinhlhn', 'act_login', NULL),
(5020, '2012-02-10 16:37:46', 'dinhlhn', 'act_edit_gift', 'phn thng s kin trng hoa gi item mc 99'),
(5021, '2012-02-10 18:40:00', 'admin', 'act_login', NULL),
(5022, '2012-02-13 15:21:19', 'trucntt', 'act_login', NULL),
(5023, '2012-02-13 15:22:42', 'trucntt', 'act_edit_notice', NULL),
(5024, '2012-02-13 16:29:56', 'trucntt', 'act_add_compensation', NULL),
(5025, '2012-02-13 16:30:08', 'trucntt', 'act_add_compensation_detail', NULL),
(5026, '2012-02-13 16:30:32', 'trucntt', 'act_add_compensation', NULL),
(5027, '2012-02-13 16:34:56', 'admin', 'act_login', NULL),
(5028, '2012-02-13 16:44:14', 'trucntt', 'act_add_compensation_detail', NULL),
(5029, '2012-02-13 16:44:45', 'trucntt', 'act_add_compensation', NULL),
(5030, '2012-02-13 16:44:57', 'trucntt', 'act_add_compensation_detail', NULL),
(5031, '2012-02-13 16:45:19', 'trucntt', 'act_add_compensation', NULL),
(5032, '2012-02-13 16:45:50', 'trucntt', 'act_add_compensation_detail', NULL),
(5033, '2012-02-13 16:45:56', 'trucntt', 'act_add_compensation_detail', NULL),
(5034, '2012-02-13 16:46:05', 'trucntt', 'act_add_compensation_detail', NULL),
(5035, '2012-02-13 16:46:11', 'trucntt', 'act_add_compensation_detail', NULL),
(5036, '2012-02-13 16:46:16', 'trucntt', 'act_add_compensation_detail', NULL),
(5037, '2012-02-13 16:46:23', 'trucntt', 'act_add_compensation_detail', NULL),
(5038, '2012-02-13 17:00:12', 'quyenlb', 'act_login', NULL),
(5039, '2012-02-13 17:04:39', 'quyenlb', 'act_add_reason_detail', NULL),
(5040, '2012-02-13 17:04:54', 'quyenlb', 'act_edit_compensation', NULL),
(5041, '2012-02-13 17:05:01', 'quyenlb', 'act_edit_compensation', NULL),
(5042, '2012-02-13 17:05:13', 'quyenlb', 'act_deny_compensation', NULL),
(5043, '2012-02-13 17:05:17', 'quyenlb', 'act_exec_compensation', NULL),
(5044, '2012-02-14 10:27:09', 'trucntt', 'act_login', NULL),
(5045, '2012-02-14 10:27:47', 'trucntt', 'act_add_compensation', NULL),
(5046, '2012-02-14 10:27:55', 'trucntt', 'act_add_compensation_detail', NULL),
(5047, '2012-02-14 10:28:12', 'trucntt', 'act_add_compensation', NULL),
(5048, '2012-02-14 10:28:21', 'trucntt', 'act_add_compensation_detail', NULL),
(5049, '2012-02-14 10:30:32', 'admin', 'act_login', NULL),
(5050, '2012-02-14 10:31:03', 'admin', 'act_adduser', NULL),
(5051, '2012-02-14 10:31:30', 'admin', 'act_edituser', NULL),
(5052, '2012-02-14 10:31:36', 'admin', 'act_edituser', NULL),
(5053, '2012-02-14 10:31:41', 'admin', 'act_edituser', NULL),
(5054, '2012-02-14 10:31:59', 'admin', 'act_edituser', NULL),
(5055, '2012-02-14 10:32:09', 'admin', 'act_deleteuser', NULL),
(5056, '2012-02-14 10:32:13', 'truongnt', 'act_login', NULL),
(5057, '2012-02-14 10:32:16', 'admin', 'act_deleteuser', NULL),
(5058, '2012-02-14 10:32:24', 'truongnt', 'act_changepass', NULL),
(5059, '2012-02-14 10:32:40', 'admin', 'act_deleteuser', NULL),
(5060, '2012-02-14 10:32:40', 'truongnt', 'act_deny_compensation', NULL),
(5061, '2012-02-14 10:32:54', 'admin', 'act_deleteuser', NULL),
(5062, '2012-02-14 10:34:01', 'truongnt', 'act_exec_compensation', NULL),
(5063, '2012-02-15 10:08:20', 'trucntt', 'act_login', NULL),
(5064, '2012-02-15 10:08:45', 'trucntt', 'act_add_compensation', NULL),
(5065, '2012-02-15 10:21:32', 'trucntt', 'act_del_compensation', NULL),
(5066, '2012-02-16 00:14:25', 'admin', 'act_login', NULL),
(5067, '2012-02-16 00:18:32', 'admin', 'act_login', NULL),
(5068, '2012-02-16 06:59:23', 'admin', 'act_login', NULL),
(5069, '2012-02-16 13:25:42', 'admin', 'act_login', NULL),
(5070, '2012-02-17 11:35:44', 'admin', 'act_login', NULL),
(5071, '2012-02-17 11:44:05', 'admin', 'act_changepass', NULL),
(5072, '2012-02-17 13:21:59', 'admin', 'act_login', NULL),
(5073, '2012-02-17 16:17:59', 'admin', 'act_login', NULL),
(5074, '2012-02-17 16:23:46', 'admin', 'act_login', NULL),
(5075, '2012-01-30 04:45:14', 'admin', 'act_login', NULL),
(5076, '2012-01-30 04:45:34', 'admin', 'act_changepass', NULL),
(5077, '2012-02-19 15:14:06', 'admin', 'act_login', NULL),
(5078, '2012-02-19 15:35:01', 'admin', 'act_login', NULL),
(5079, '2012-02-20 08:20:57', 'admin', 'act_login', NULL),
(5080, '2012-02-20 10:05:31', 'admin', 'act_login', NULL),
(5081, '2012-02-20 10:26:46', 'admin', 'act_login', NULL),
(5082, '2012-02-20 10:30:17', 'admin', 'act_login', NULL),
(5083, '2012-02-20 13:22:52', 'admin', 'act_login', NULL),
(5084, '2012-02-20 15:38:20', 'admin', 'act_login', NULL),
(5085, '2012-02-20 17:32:43', 'admin', 'act_login', NULL),
(5086, '2012-02-20 21:25:04', 'admin', 'act_login', NULL),
(5087, '2012-02-21 08:58:15', 'admin', 'act_login', NULL),
(5088, '2012-02-21 20:51:07', 'admin', 'act_login', NULL),
(5089, '2012-02-21 22:03:37', 'admin', 'act_login', NULL),
(5090, '2012-02-21 22:23:53', 'admin', 'act_edit_pig', NULL),
(5091, '2012-02-21 23:14:25', 'admin', 'act_login', NULL),
(5092, '2012-02-22 08:27:08', 'admin', 'act_login', NULL),
(5093, '2012-02-22 16:20:19', 'admin', 'act_login', NULL),
(5094, '2012-02-22 22:59:37', 'admin', 'act_login', NULL),
(5095, '2012-02-23 08:58:41', 'admin', 'act_login', NULL),
(5096, '2012-02-23 09:37:44', 'admin', 'act_login', NULL),
(5097, '2012-02-23 16:49:29', 'admin', 'act_changepass', NULL),
(5098, '2012-02-23 22:41:06', 'admin', 'act_login', NULL),
(5099, '2012-02-27 14:55:03', 'admin', 'act_login', NULL),
(5100, '2012-03-01 16:00:03', 'admin', 'Import action', NULL),
(5101, '2012-03-01 16:02:17', 'admin', 'act_update_needquest', NULL),
(5102, '2012-03-01 16:02:17', 'admin', 'act_update_AwardItem', NULL),
(5103, '2012-03-01 16:02:42', 'admin', 'act_delete_task', NULL),
(5104, '2012-03-01 16:03:35', 'admin', 'act_update_needquest', NULL),
(5105, '2012-03-01 16:03:35', 'admin', 'act_update_AwardItem', NULL),
(5106, '2012-03-01 16:03:43', 'admin', 'act_delete_quest', NULL),
(5107, '2012-03-01 16:03:57', 'admin', 'act_delete_quest', NULL),
(5108, '2012-03-01 16:04:04', 'admin', 'act_delete_quest', NULL),
(5109, '2012-03-01 16:05:41', 'admin', 'act_delete_questline', NULL),
(5110, '2012-03-01 16:13:33', 'admin', 'act_update_needquest', NULL),
(5111, '2012-03-01 16:13:33', 'admin', 'act_update_AwardItem', NULL),
(5112, '2012-03-01 16:13:41', 'admin', 'act_delete_quest', NULL),
(5113, '2012-03-01 16:34:11', 'admin', 'Import action', NULL),
(5114, '2012-03-01 17:03:38', 'admin', 'act_update_needquest', NULL),
(5115, '2012-03-01 17:03:38', 'admin', 'act_update_AwardItem', NULL),
(5116, '2012-03-01 17:03:50', 'admin', 'act_delete_quest', NULL),
(5117, '2012-03-06 14:28:50', 'admin', 'act_login', NULL),
(5118, '2012-03-06 14:32:22', 'admin', 'Import action', NULL),
(5119, '2012-03-06 14:41:16', 'admin', 'act_delete_questline', NULL),
(5120, '2012-03-06 14:41:19', 'admin', 'act_delete_questline', NULL),
(5121, '2012-03-06 14:41:22', 'admin', 'act_delete_questline', NULL),
(5122, '2012-03-06 14:41:24', 'admin', 'act_delete_questline', NULL),
(5123, '2012-03-06 14:41:27', 'admin', 'act_delete_questline', NULL),
(5124, '2012-03-06 15:24:04', 'admin', 'act_login', NULL),
(5125, '2012-03-07 09:30:30', 'admin', 'act_login', NULL),
(5126, '2012-03-07 09:31:46', 'admin', 'act_add_new_quest', NULL),
(5127, '2012-03-07 09:31:46', 'admin', 'act_update_AwardItem', NULL),
(5128, '2012-03-07 09:31:59', 'admin', 'act_add_new_task', NULL),
(5129, '2012-03-07 09:33:59', 'admin', 'act_update_award_item', NULL),
(5130, '2012-03-07 09:33:59', 'admin', 'act_save_task', NULL),
(5131, '2012-03-07 09:34:28', 'admin', 'act_delete_quest', NULL),
(5132, '2012-03-07 10:01:26', 'admin', 'act_add_new_quest', NULL),
(5133, '2012-03-07 10:01:26', 'admin', 'act_update_AwardItem', NULL),
(5134, '2012-03-07 10:01:56', 'admin', 'act_add_new_task', NULL),
(5135, '2012-03-07 10:02:08', 'admin', 'act_add_new_task', NULL),
(5136, '2012-03-07 10:02:13', 'admin', 'act_delete_task', NULL),
(5137, '2012-03-07 10:02:32', 'admin', 'act_update_award_item', NULL),
(5138, '2012-03-07 10:02:32', 'admin', 'act_save_task', NULL),
(5139, '2012-03-07 10:02:41', 'admin', 'act_delete_task', NULL),
(5140, '2012-03-07 10:03:26', 'admin', 'act_add_new_quest', NULL),
(5141, '2012-03-07 10:03:26', 'admin', 'act_update_AwardItem', NULL),
(5142, '2012-03-07 10:03:45', 'admin', 'act_add_new_task', NULL),
(5143, '2012-03-07 10:03:54', 'admin', 'act_update_award_item', NULL),
(5144, '2012-03-07 10:03:54', 'admin', 'act_save_task', NULL),
(5145, '2012-03-07 10:04:06', 'admin', 'act_delete_quest', NULL),
(5146, '2012-03-07 10:04:14', 'admin', 'act_delete_quest', NULL),
(5147, '2012-03-07 10:04:27', 'admin', 'act_delete_quest', NULL),
(5148, '2012-03-07 10:04:37', 'admin', 'act_delete_task', NULL),
(5149, '2012-03-07 10:04:42', 'admin', 'act_delete_quest', NULL),
(5150, '2012-03-07 10:05:12', 'admin', 'act_add_new_quest', NULL),
(5151, '2012-03-07 10:05:12', 'admin', 'act_update_AwardItem', NULL),
(5152, '2012-03-07 10:05:29', 'admin', 'act_add_new_task', NULL),
(5153, '2012-03-07 10:05:38', 'admin', 'act_update_award_item', NULL),
(5154, '2012-03-07 10:05:38', 'admin', 'act_save_task', NULL),
(5155, '2012-03-07 10:05:49', 'admin', 'act_delete_task', NULL),
(5156, '2012-03-07 10:05:54', 'admin', 'act_delete_quest', NULL),
(5157, '2012-03-07 10:06:08', 'admin', 'act_add_new_task', NULL),
(5158, '2012-03-07 10:06:14', 'admin', 'act_delete_task', NULL),
(5159, '2012-03-07 10:06:15', 'admin', 'act_update_award_item', NULL),
(5160, '2012-03-07 10:06:28', 'admin', 'act_add_new_task', NULL),
(5161, '2012-03-07 10:07:42', 'admin', 'act_add_new_task', NULL),
(5162, '2012-03-07 10:08:09', 'admin', 'act_delete_task', NULL),
(5163, '2012-03-07 10:08:40', 'admin', 'act_update_award_item', NULL),
(5164, '2012-03-07 10:08:40', 'admin', 'act_save_task', NULL),
(5165, '2012-03-07 10:08:44', 'admin', 'act_add_new_task', NULL),
(5166, '2012-03-07 10:10:14', 'admin', 'act_update_award_item', NULL),
(5167, '2012-03-07 10:10:14', 'admin', 'act_save_task', NULL),
(5168, '2012-03-07 10:10:14', 'admin', 'act_save_task', NULL),
(5169, '2012-03-07 10:12:34', 'admin', 'act_add_new_quest', NULL),
(5170, '2012-03-07 10:12:34', 'admin', 'act_update_AwardItem', NULL),
(5171, '2012-03-07 10:17:55', 'admin', 'act_add_new_quest', NULL),
(5172, '2012-03-07 10:17:55', 'admin', 'act_update_AwardItem', NULL),
(5173, '2012-03-07 10:18:20', 'admin', 'act_delete_quest', NULL),
(5174, '2012-03-07 10:18:31', 'admin', 'act_add_new_task', NULL),
(5175, '2012-03-07 10:19:32', 'admin', 'act_update_award_item', NULL),
(5176, '2012-03-07 10:19:32', 'admin', 'act_save_task', NULL),
(5177, '2012-03-07 10:19:36', 'admin', 'act_update_award_item', NULL),
(5178, '2012-03-07 10:19:36', 'admin', 'act_save_task', NULL),
(5179, '2012-03-07 10:19:44', 'admin', 'act_update_next_quest', NULL),
(5180, '2012-03-07 10:19:51', 'admin', 'act_update_next_quest', NULL),
(5181, '2012-03-07 10:19:57', 'admin', 'act_update_need_quest', NULL),
(5182, '2012-03-07 10:20:48', 'admin', 'act_add_new_quest', NULL),
(5183, '2012-03-07 10:20:48', 'admin', 'act_update_AwardItem', NULL),
(5184, '2012-03-07 10:21:26', 'admin', 'act_add_new_quest', NULL),
(5185, '2012-03-07 10:21:26', 'admin', 'act_update_AwardItem', NULL),
(5186, '2012-03-07 10:22:05', 'admin', 'act_add_new_quest', NULL),
(5187, '2012-03-07 10:22:05', 'admin', 'act_update_AwardItem', NULL),
(5188, '2012-03-07 10:23:00', 'admin', 'act_add_new_quest', NULL),
(5189, '2012-03-07 10:23:00', 'admin', 'act_update_AwardItem', NULL),
(5190, '2012-03-07 10:23:42', 'admin', 'act_add_new_quest', NULL),
(5191, '2012-03-07 10:23:42', 'admin', 'act_update_AwardItem', NULL),
(5192, '2012-03-07 10:24:14', 'admin', 'act_add_new_quest', NULL),
(5193, '2012-03-07 10:24:14', 'admin', 'act_update_AwardItem', NULL),
(5194, '2012-03-07 10:24:41', 'admin', 'act_add_new_quest', NULL),
(5195, '2012-03-07 10:24:41', 'admin', 'act_update_AwardItem', NULL),
(5196, '2012-03-07 10:25:21', 'admin', 'act_add_new_quest', NULL),
(5197, '2012-03-07 10:25:21', 'admin', 'act_update_AwardItem', NULL),
(5198, '2012-03-07 10:25:54', 'admin', 'act_add_new_quest', NULL),
(5199, '2012-03-07 10:25:54', 'admin', 'act_update_AwardItem', NULL),
(5200, '2012-03-07 10:26:19', 'admin', 'act_update_next_quest', NULL),
(5201, '2012-03-07 10:26:25', 'admin', 'act_update_next_quest', NULL),
(5202, '2012-03-07 10:26:30', 'admin', 'act_update_next_quest', NULL),
(5203, '2012-03-07 10:26:48', 'admin', 'act_update_award_item', NULL),
(5204, '2012-03-07 10:27:14', 'admin', 'act_update_next_quest', NULL),
(5205, '2012-03-07 10:27:20', 'admin', 'act_update_next_quest', NULL),
(5206, '2012-03-07 10:27:24', 'admin', 'act_update_next_quest', NULL),
(5207, '2012-03-07 10:27:47', 'admin', 'act_update_next_quest', NULL),
(5208, '2012-03-07 10:27:57', 'admin', 'act_update_next_quest', NULL),
(5209, '2012-03-07 10:28:02', 'admin', 'act_update_next_quest', NULL),
(5210, '2012-03-07 10:28:27', 'admin', 'act_update_next_quest', NULL),
(5211, '2012-03-07 10:28:40', 'admin', 'act_update_next_quest', NULL),
(5212, '2012-03-07 10:28:48', 'admin', 'act_update_need_quest', NULL),
(5213, '2012-03-07 10:28:59', 'admin', 'act_update_need_quest', NULL),
(5214, '2012-03-07 10:29:04', 'admin', 'act_update_need_quest', NULL),
(5215, '2012-03-07 10:29:12', 'admin', 'act_update_need_quest', NULL),
(5216, '2012-03-07 10:29:55', 'admin', 'act_update_need_quest', NULL),
(5217, '2012-03-07 10:29:59', 'admin', 'act_update_need_quest', NULL),
(5218, '2012-03-07 10:30:06', 'admin', 'act_update_need_quest', NULL),
(5219, '2012-03-07 10:30:29', 'admin', 'act_update_need_quest', NULL),
(5220, '2012-03-07 10:30:36', 'admin', 'act_update_need_quest', NULL),
(5221, '2012-03-07 10:30:50', 'admin', 'act_update_need_quest', NULL),
(5222, '2012-03-07 10:30:54', 'admin', 'act_update_next_quest', NULL),
(5223, '2012-03-07 10:30:58', 'admin', 'act_update_next_quest', NULL),
(5224, '2012-03-07 10:31:53', 'admin', 'act_add_new_task', NULL),
(5225, '2012-03-07 10:33:26', 'admin', 'act_update_award_item', NULL),
(5226, '2012-03-07 10:33:26', 'admin', 'act_save_task', NULL),
(5227, '2012-03-07 10:34:37', 'admin', 'act_add_new_task', NULL),
(5228, '2012-03-07 10:35:23', 'admin', 'act_update_award_item', NULL),
(5229, '2012-03-07 10:35:23', 'admin', 'act_save_task', NULL),
(5230, '2012-03-07 10:35:41', 'admin', 'act_add_new_task', NULL),
(5231, '2012-03-07 10:37:06', 'admin', 'act_update_award_item', NULL),
(5232, '2012-03-07 10:37:07', 'admin', 'act_save_task', NULL),
(5233, '2012-03-07 10:42:47', 'admin', 'act_add_new_task', NULL),
(5234, '2012-03-07 10:45:59', 'admin', 'act_update_award_item', NULL),
(5235, '2012-03-07 10:45:59', 'admin', 'act_save_task', NULL),
(5236, '2012-03-07 10:46:17', 'admin', 'act_add_new_task', NULL),
(5237, '2012-03-07 10:47:40', 'admin', 'act_update_award_item', NULL),
(5238, '2012-03-07 10:47:40', 'admin', 'act_save_task', NULL),
(5239, '2012-03-07 10:47:52', 'admin', 'act_add_new_task', NULL),
(5240, '2012-03-07 10:50:22', 'admin', 'act_update_award_item', NULL),
(5241, '2012-03-07 10:50:22', 'admin', 'act_save_task', NULL),
(5242, '2012-03-07 10:50:42', 'admin', 'act_add_new_task', NULL),
(5243, '2012-03-07 10:51:52', 'admin', 'act_delete_task', NULL),
(5244, '2012-03-07 10:52:26', 'admin', 'act_update_award_item', NULL),
(5245, '2012-03-07 10:52:26', 'admin', 'act_save_task', NULL),
(5246, '2012-03-07 10:52:35', 'admin', 'act_add_new_task', NULL),
(5247, '2012-03-07 10:53:12', 'admin', 'act_update_award_item', NULL),
(5248, '2012-03-07 10:53:12', 'admin', 'act_save_task', NULL),
(5249, '2012-03-07 10:53:12', 'admin', 'act_save_task', NULL),
(5250, '2012-03-07 10:53:21', 'admin', 'act_add_new_task', NULL),
(5251, '2012-03-07 11:05:56', 'admin', 'act_update_award_item', NULL),
(5252, '2012-03-07 11:05:56', 'admin', 'act_save_task', NULL),
(5253, '2012-03-07 11:06:06', 'admin', 'act_add_new_task', NULL),
(5254, '2012-03-07 11:07:05', 'admin', 'act_add_new_task', NULL),
(5255, '2012-03-07 11:08:25', 'admin', 'act_update_award_item', NULL),
(5256, '2012-03-07 11:08:25', 'admin', 'act_save_task', NULL),
(5257, '2012-03-07 11:08:25', 'admin', 'act_save_task', NULL),
(5258, '2012-03-07 11:08:37', 'admin', 'act_add_new_task', NULL),
(5259, '2012-03-07 11:08:46', 'admin', 'act_add_new_task', NULL),
(5260, '2012-03-07 11:13:06', 'admin', 'act_update_award_item', NULL),
(5261, '2012-03-07 11:13:07', 'admin', 'act_save_task', NULL),
(5262, '2012-03-07 11:13:07', 'admin', 'act_save_task', NULL),
(5263, '2012-03-07 11:13:23', 'admin', 'act_update_next_quest', NULL),
(5264, '2012-03-07 11:13:39', 'admin', 'act_delete_quest', NULL),
(5265, '2012-03-07 11:13:53', 'admin', 'act_add_new_task', NULL),
(5266, '2012-03-07 11:13:55', 'admin', 'act_delete_task', NULL),
(5267, '2012-03-07 11:13:57', 'admin', 'act_delete_task', NULL),
(5268, '2012-03-07 11:13:59', 'admin', 'act_delete_task', NULL),
(5269, '2012-03-07 11:14:07', 'admin', 'act_delete_quest', NULL),
(5270, '2012-03-07 11:14:29', 'admin', 'act_update_need_quest', NULL),
(5271, '2012-03-09 13:41:18', 'admin', 'act_login', NULL),
(5272, '2012-03-09 13:42:11', 'admin', 'act_add_new_quest', NULL),
(5273, '2012-03-09 13:42:11', 'admin', 'act_update_AwardItem', NULL),
(5274, '2012-03-09 13:42:12', 'admin', 'act_add_task', NULL),
(5275, '2012-03-09 13:42:12', 'admin', 'act_add_task', NULL),
(5276, '2012-03-09 13:46:34', 'admin', 'act_delete_quest', NULL),
(5277, '2012-03-13 15:55:35', 'admin', 'act_login', NULL),
(5278, '2012-03-13 15:57:28', 'admin', 'act_update_award_item', NULL),
(5279, '2012-03-13 15:57:29', 'admin', 'act_save_task', NULL),
(5280, '2012-03-13 15:57:29', 'admin', 'act_save_task', NULL),
(5281, '2012-03-13 15:59:43', 'admin', 'act_update_award_item', NULL),
(5282, '2012-03-13 15:59:44', 'admin', 'act_save_task', NULL),
(5283, '2012-03-13 15:59:44', 'admin', 'act_save_task', NULL),
(5284, '2012-03-13 16:11:46', 'admin', 'act_login', NULL),
(5285, '2012-03-13 16:12:15', 'admin', 'act_update_award_item', NULL),
(5286, '2012-03-13 16:12:16', 'admin', 'act_save_task', NULL),
(5287, '2012-03-13 16:12:16', 'admin', 'act_save_task', NULL),
(5288, '2012-03-14 08:56:21', 'admin', 'act_login', NULL),
(5289, '2012-03-14 08:57:58', 'admin', 'act_update_need_quest', NULL),
(5290, '2012-03-14 14:25:22', 'admin', 'act_login', NULL),
(5291, '2012-03-16 14:24:35', 'admin', 'act_login', NULL),
(5292, '2012-03-16 14:25:57', 'admin', 'act_delete_quest', NULL),
(5293, '2012-03-16 14:26:18', 'admin', 'act_delete_QTC', NULL),
(5294, '2012-03-16 14:26:31', 'admin', 'act_delete_action', NULL),
(5295, '2012-03-19 23:32:59', 'admin', 'act_login', NULL),
(5296, '2012-03-20 03:18:04', 'admin', 'act_login', NULL),
(5297, '2012-03-20 03:23:12', 'admin', 'act_update_next_quest', NULL),
(5298, '2012-03-20 03:23:24', 'admin', 'act_update_next_quest', NULL),
(5299, '2012-03-20 03:30:06', 'admin', 'act_update_next_quest', NULL),
(5300, '2012-03-20 03:31:18', 'admin', 'act_update_next_quest', NULL),
(5301, '2012-03-20 03:31:21', 'admin', 'act_update_next_quest', NULL),
(5302, '2012-03-20 03:31:25', 'admin', 'act_update_next_quest', NULL),
(5303, '2012-03-20 03:33:02', 'admin', 'act_update_next_quest', NULL),
(5304, '2012-03-20 03:33:05', 'admin', 'act_update_next_quest', NULL),
(5305, '2012-03-20 03:33:08', 'admin', 'act_update_next_quest', NULL),
(5306, '2012-03-20 03:35:53', 'admin', 'act_update_next_quest', NULL),
(5307, '2012-03-20 03:50:20', 'admin', 'act_update_next_quest', NULL),
(5308, '2012-03-20 03:50:28', 'admin', 'act_update_next_quest', NULL),
(5309, '2012-03-20 03:53:34', 'admin', 'act_update_next_quest', NULL),
(5310, '2012-03-20 03:55:18', 'admin', 'act_update_next_quest', NULL),
(5311, '2012-03-20 03:55:23', 'admin', 'act_update_next_quest', NULL),
(5312, '2012-03-20 03:56:03', 'admin', 'act_update_next_quest', NULL),
(5313, '2012-03-20 03:57:15', 'admin', 'act_update_next_quest', NULL),
(5314, '2012-03-20 03:57:50', 'admin', 'act_update_next_quest', NULL),
(5315, '2012-03-20 03:58:09', 'admin', 'act_update_next_quest', NULL),
(5316, '2012-03-20 03:59:29', 'admin', 'act_update_next_quest', NULL),
(5317, '2012-03-20 03:59:34', 'admin', 'act_update_next_quest', NULL),
(5318, '2012-03-20 04:00:44', 'admin', 'act_update_next_quest', NULL),
(5319, '2012-03-20 04:00:46', 'admin', 'act_update_next_quest', NULL),
(5320, '2012-03-20 04:00:53', 'admin', 'act_update_next_quest', NULL),
(5321, '2012-03-20 04:04:47', 'admin', 'act_update_next_quest', NULL),
(5322, '2012-03-20 04:05:00', 'admin', 'act_update_next_quest', NULL),
(5323, '2012-03-20 04:05:42', 'admin', 'act_update_next_quest', NULL),
(5324, '2012-03-20 04:06:02', 'admin', 'act_update_next_quest', NULL),
(5325, '2012-03-20 04:06:45', 'admin', 'act_update_next_quest', NULL),
(5326, '2012-03-20 04:06:48', 'admin', 'act_update_next_quest', NULL),
(5327, '2012-03-20 04:06:53', 'admin', 'act_update_next_quest', NULL),
(5328, '2012-03-20 04:06:57', 'admin', 'act_update_next_quest', NULL),
(5329, '2012-03-20 04:07:01', 'admin', 'act_update_next_quest', NULL),
(5330, '2012-03-20 04:07:04', 'admin', 'act_update_next_quest', NULL),
(5331, '2012-03-20 04:07:09', 'admin', 'act_update_next_quest', NULL),
(5332, '2012-03-20 04:07:11', 'admin', 'act_update_next_quest', NULL),
(5333, '2012-03-20 04:12:38', 'admin', 'act_update_next_quest', NULL),
(5334, '2012-03-20 04:12:40', 'admin', 'act_update_next_quest', NULL),
(5335, '2012-03-20 04:12:43', 'admin', 'act_update_next_quest', NULL),
(5336, '2012-03-20 04:12:45', 'admin', 'act_update_next_quest', NULL),
(5337, '2012-03-20 04:15:00', 'admin', 'act_update_next_quest', NULL),
(5338, '2012-03-20 04:15:53', 'admin', 'act_update_next_quest', NULL),
(5339, '2012-03-20 04:15:56', 'admin', 'act_update_next_quest', NULL),
(5340, '2012-03-20 04:15:58', 'admin', 'act_update_next_quest', NULL),
(5341, '2012-03-20 04:16:01', 'admin', 'act_update_next_quest', NULL),
(5342, '2012-03-20 04:16:16', 'admin', 'act_update_next_quest', NULL),
(5343, '2012-03-20 04:16:20', 'admin', 'act_update_next_quest', NULL),
(5344, '2012-03-20 04:16:24', 'admin', 'act_update_next_quest', NULL),
(5345, '2012-03-20 04:16:26', 'admin', 'act_update_next_quest', NULL),
(5346, '2012-03-20 04:19:50', 'admin', 'act_update_next_quest', NULL),
(5347, '2012-03-20 04:20:00', 'admin', 'act_update_next_quest', NULL),
(5348, '2012-03-20 04:23:41', 'admin', 'act_update_next_quest', NULL),
(5349, '2012-03-20 04:23:44', 'admin', 'act_update_next_quest', NULL),
(5350, '2012-03-20 04:23:48', 'admin', 'act_update_next_quest', NULL),
(5351, '2012-03-20 04:23:51', 'admin', 'act_update_next_quest', NULL),
(5352, '2012-03-20 04:24:02', 'admin', 'act_update_next_quest', NULL),
(5353, '2012-03-20 04:24:22', 'admin', 'act_update_next_quest', NULL),
(5354, '2012-03-20 04:24:24', 'admin', 'act_update_next_quest', NULL),
(5355, '2012-03-20 04:35:22', 'admin', 'act_update_award_item', NULL),
(5356, '2012-03-20 04:35:38', 'admin', 'act_update_award_item', NULL),
(5357, '2012-03-20 04:35:39', 'admin', 'act_save_task', NULL),
(5358, '2012-03-20 04:35:39', 'admin', 'act_save_task', NULL),
(5359, '2012-03-20 04:35:49', 'admin', 'act_update_award_item', NULL),
(5360, '2012-03-20 04:35:49', 'admin', 'act_save_task', NULL),
(5361, '2012-03-20 04:35:49', 'admin', 'act_save_task', NULL),
(5362, '2012-03-20 04:44:36', 'admin', 'act_add_new_quest', NULL),
(5363, '2012-03-20 04:44:36', 'admin', 'act_update_AwardItem', NULL),
(5364, '2012-03-20 04:45:33', 'admin', 'act_update_next_quest', NULL),
(5365, '2012-03-20 04:45:37', 'admin', 'act_update_next_quest', NULL),
(5366, '2012-03-20 04:45:58', 'admin', 'act_update_next_quest', NULL),
(5367, '2012-03-20 04:50:28', 'admin', 'act_update_next_quest', NULL),
(5368, '2012-03-20 04:50:30', 'admin', 'act_update_next_quest', NULL),
(5369, '2012-03-20 04:51:38', 'admin', 'act_update_award_item', NULL),
(5370, '2012-03-20 04:51:38', 'admin', 'act_save_task', NULL),
(5371, '2012-03-20 04:51:38', 'admin', 'act_save_task', NULL),
(5372, '2012-03-20 04:51:50', 'admin', 'act_update_award_item', NULL),
(5373, '2012-03-20 04:51:50', 'admin', 'act_save_task', NULL),
(5374, '2012-03-20 04:51:50', 'admin', 'act_save_task', NULL),
(5375, '2012-03-20 04:55:03', 'admin', 'act_update_next_quest', NULL),
(5376, '2012-03-20 04:56:27', 'admin', 'act_update_next_quest', NULL),
(5377, '2012-03-20 04:56:30', 'admin', 'act_update_next_quest', NULL),
(5378, '2012-03-20 04:56:32', 'admin', 'act_update_next_quest', NULL),
(5379, '2012-03-20 04:56:35', 'admin', 'act_update_next_quest', NULL),
(5380, '2012-03-20 04:56:36', 'admin', 'act_update_next_quest', NULL),
(5381, '2012-03-20 04:56:38', 'admin', 'act_update_next_quest', NULL),
(5382, '2012-03-20 04:56:40', 'admin', 'act_update_next_quest', NULL),
(5383, '2012-03-20 04:56:42', 'admin', 'act_update_next_quest', NULL),
(5384, '2012-03-20 04:56:48', 'admin', 'act_update_next_quest', NULL),
(5385, '2012-03-20 04:58:02', 'admin', 'act_update_next_quest', NULL),
(5386, '2012-03-20 04:58:04', 'admin', 'act_update_next_quest', NULL),
(5387, '2012-03-20 04:58:19', 'admin', 'act_update_next_quest', NULL),
(5388, '2012-03-20 04:58:26', 'admin', 'act_update_next_quest', NULL),
(5389, '2012-03-20 11:18:30', 'admin', 'act_login', NULL),
(5390, '2012-03-20 11:19:09', 'admin', 'act_delete_quest', NULL),
(5391, '2012-03-20 14:17:24', 'admin', 'act_login', NULL),
(5392, '2012-03-20 14:29:23', 'admin', 'act_update_need_quest', NULL),
(5393, '2012-03-20 14:29:27', 'admin', 'act_update_need_quest', NULL),
(5394, '2012-03-20 14:29:31', 'admin', 'act_update_next_quest', NULL),
(5395, '2012-03-20 14:29:45', 'admin', 'act_update_need_quest', NULL),
(5396, '2012-03-20 14:29:51', 'admin', 'act_update_next_quest', NULL),
(5397, '2012-03-20 14:30:06', 'admin', 'act_update_questline', NULL),
(5398, '2012-03-20 14:31:38', 'admin', 'act_update_questline', NULL),
(5399, '2012-03-20 14:57:04', 'admin', 'act_update_questline', NULL),
(5400, '2012-03-20 14:57:25', 'admin', 'act_update_questline', NULL),
(5401, '2012-03-20 15:19:14', 'admin', 'act_login', NULL),
(5402, '2012-03-20 15:23:48', 'admin', 'act_add_new_quest', NULL),
(5403, '2012-03-20 15:23:48', 'admin', 'act_update_AwardItem', NULL),
(5404, '2012-03-20 15:38:15', 'admin', 'act_add_new_quest', NULL),
(5405, '2012-03-20 15:38:15', 'admin', 'act_update_AwardItem', NULL),
(5406, '2012-03-20 15:38:29', 'admin', 'act_delete_quest', NULL),
(5407, '2012-03-20 16:03:14', 'admin', 'act_add_new_quest', NULL),
(5408, '2012-03-20 16:03:14', 'admin', 'act_update_AwardItem', NULL),
(5409, '2012-03-20 16:03:14', 'admin', 'act_add_task', NULL),
(5410, '2012-03-20 16:03:31', 'admin', 'act_update_next_quest', NULL),
(5411, '2012-03-20 16:03:34', 'admin', 'act_update_need_quest', NULL),
(5412, '2012-03-20 16:03:39', 'admin', 'act_delete_quest', NULL),
(5413, '2012-03-20 16:10:28', 'admin', 'act_update_next_quest', NULL),
(5414, '2012-03-20 16:10:36', 'admin', 'act_add_new_task', NULL),
(5415, '2012-03-20 16:10:38', 'admin', 'act_add_new_task', NULL),
(5416, '2012-03-20 16:10:40', 'admin', 'act_add_new_task', NULL),
(5417, '2012-03-20 16:11:15', 'admin', 'act_delete_task', NULL),
(5418, '2012-03-20 16:11:19', 'admin', 'act_delete_task', NULL),
(5419, '2012-03-20 16:11:23', 'admin', 'act_delete_task', NULL),
(5420, '2012-03-20 16:11:25', 'admin', 'act_add_new_task', NULL),
(5421, '2012-03-20 16:11:28', 'admin', 'act_delete_task', NULL),
(5422, '2012-03-20 16:18:09', 'admin', 'act_update_award_item', NULL),
(5423, '2012-03-20 16:18:22', 'admin', 'act_delete_quest', NULL),
(5424, '2012-03-20 16:22:30', 'admin', 'act_update_next_quest', NULL),
(5425, '2012-03-20 16:23:11', 'admin', 'act_add_new_quest', NULL),
(5426, '2012-03-20 16:23:11', 'admin', 'act_update_AwardItem', NULL),
(5427, '2012-03-20 16:23:22', 'admin', 'act_delete_quest', NULL),
(5428, '2012-03-20 16:31:20', 'admin', 'act_update_next_quest', NULL),
(5429, '2012-03-20 16:31:21', 'admin', 'act_update_next_quest', NULL),
(5430, '2012-03-20 16:31:21', 'admin', 'act_update_next_quest', NULL),
(5431, '2012-03-20 16:31:21', 'admin', 'act_update_next_quest', NULL),
(5432, '2012-03-20 16:31:22', 'admin', 'act_update_next_quest', NULL),
(5433, '2012-03-20 16:31:24', 'admin', 'act_update_next_quest', NULL),
(5434, '2012-03-20 16:31:26', 'admin', 'act_update_next_quest', NULL),
(5435, '2012-03-20 16:31:30', 'admin', 'act_update_next_quest', NULL),
(5436, '2012-03-20 16:31:32', 'admin', 'act_update_next_quest', NULL),
(5437, '2012-03-20 16:31:34', 'admin', 'act_update_next_quest', NULL),
(5438, '2012-03-20 16:41:55', 'admin', 'act_update_next_quest', NULL),
(5439, '2012-03-21 09:22:29', 'admin', 'act_update_Soldier', NULL),
(5440, '2012-03-21 10:05:49', 'admin', 'act_update_Soldier', NULL),
(5441, '2012-03-21 10:05:53', 'admin', 'act_update_Soldier', NULL),
(5442, '2012-03-21 10:26:50', 'admin', 'act_update_need_quest', NULL),
(5443, '2012-03-21 10:27:00', 'admin', 'act_update_next_quest', NULL),
(5444, '2012-03-21 10:27:30', 'admin', 'act_update_Soldier', NULL),
(5445, '2012-03-21 10:27:52', 'admin', 'act_delete_soldier', NULL),
(5446, '2012-03-21 10:34:13', 'admin', 'act_update_Soldier', NULL),
(5447, '2012-03-21 10:34:16', 'admin', 'act_update_Soldier', NULL),
(5448, '2012-03-21 10:42:13', 'admin', 'act_update_Soldier', NULL),
(5449, '2012-03-21 10:42:22', 'admin', 'act_update_Soldier', NULL),
(5450, '2012-04-09 12:35:13', 'admin', 'act_login', NULL),
(5451, '2012-04-09 15:08:34', 'admin', 'Backup data', NULL),
(5452, '2012-04-09 15:09:14', 'admin', 'Backup data', NULL),
(5453, '2012-04-09 15:09:33', 'admin', 'Backup data', NULL),
(5454, '2012-04-09 15:09:53', 'admin', 'Backup data', NULL),
(5455, '2012-04-09 15:10:04', 'admin', 'Backup data', NULL),
(5456, '2012-04-09 15:13:58', 'admin', 'Backup data', NULL),
(5457, '2012-04-09 15:15:11', 'admin', 'Backup data', NULL);

-- --------------------------------------------------------

--
-- Table structure for table `l_content`
--

CREATE TABLE IF NOT EXISTS `l_content` (
  `id` int(11) NOT NULL AUTO_INCREMENT,
  `lkey` varchar(100) COLLATE utf8_unicode_ci NOT NULL,
  `lgroup` int(11) NOT NULL,
  `lang` varchar(5) COLLATE utf8_unicode_ci NOT NULL,
  `text` text COLLATE utf8_unicode_ci NOT NULL,
  PRIMARY KEY (`id`)
) ENGINE=InnoDB  DEFAULT CHARSET=utf8 COLLATE=utf8_unicode_ci AUTO_INCREMENT=689 ;

--
-- Dumping data for table `l_content`
--

INSERT INTO `l_content` (`id`, `lkey`, `lgroup`, `lang`, `text`) VALUES
(415, '10', 18, 'vi', 'dfg'),
(416, '11', 18, 'vi', 'Xng(update) Tu{@ibshop_economy#10} asgfd'),
(417, '16', 18, 'vi', 'Nh '),
(418, '17', 18, 'vi', 'Tri lnh'),
(419, '2', 18, 'vi', 'Tri G'),
(420, '3', 18, 'vi', 'M St'),
(421, '4', 18, 'vi', 'Trung tm thng mi'),
(422, '5', 18, 'vi', 'Vin Sinh hc tng hp'),
(423, '6', 18, 'vi', 'Hc vin Qun s'),
(424, '7', 18, 'vi', 'Tng Hnh Dinh'),
(425, '8', 18, 'vi', 'Trung Tm Nghin Cu'),
(426, '9', 18, 'vi', 'Phng Gii Tr'),
(427, '1', 19, 'vi', 'La'),
(428, '10', 19, 'vi', 'Hoa hu'),
(429, '11', 19, 'vi', 'Hoa lan'),
(430, '12', 19, 'vi', 'Hoa cc'),
(431, '13', 19, 'vi', 'Hoa hng dng'),
(432, '14', 19, 'vi', 'Hoa lu ly'),
(433, '15', 19, 'vi', 'Hoa hng'),
(434, '16', 19, 'vi', 'Nho'),
(435, '17', 19, 'vi', 'Hoa Bm'),
(436, '18', 19, 'vi', 'Thanh Long'),
(437, '19', 19, 'vi', 'Bu'),
(438, '2', 19, 'vi', 'C chua'),
(439, '20', 19, 'vi', 'Bp ci'),
(440, '21', 19, 'vi', 'To'),
(441, '22', 19, 'vi', 'Kiwi'),
(442, '23', 19, 'vi', 'Sen Tm'),
(443, '24', 19, 'vi', 'Linh Chi'),
(444, '25', 19, 'vi', 'C rt'),
(445, '26', 19, 'vi', 'Ht d'),
(446, '27', 19, 'vi', 'u'),
(447, '28', 19, 'vi', 'o Tin'),
(448, '29', 19, 'vi', 'Mng ct'),
(449, '3', 19, 'vi', 'Mng non'),
(450, '30', 19, 'vi', 'Nhn sm'),
(451, '32', 19, 'vi', 'Hoa Bt T'),
(452, '33', 19, 'vi', 'Thu hoch'),
(453, '34', 19, 'vi', 'Gi'),
(454, '4', 19, 'vi', 'Bp'),
(455, '5', 19, 'vi', 'Atiso'),
(456, '6', 19, 'vi', 't chung'),
(457, '7', 19, 'vi', 'Du'),
(458, '8', 19, 'vi', 'Bu'),
(459, '9', 19, 'vi', 'Hoa khng tn'),
(460, '1', 20, 'vi', 'Li nhun'),
(461, '10', 20, 'vi', 'Thm'),
(462, '11', 20, 'vi', 'NG '),
(463, '12', 20, 'vi', 'T CHI'),
(464, '13', 20, 'vi', 'Vng'),
(465, '14', 20, 'vi', 'G'),
(466, '15', 20, 'vi', 'St'),
(467, '16', 20, 'vi', 'Kinh nghim'),
(468, '17', 20, 'vi', 'Dn s'),
(469, '18', 20, 'vi', 'Nhn  thu hoch St'),
(470, '19', 20, 'vi', 'Nhn vo  khai thc st'),
(471, '2', 20, 'vi', 'Trng thnh'),
(472, '20', 20, 'vi', 'Nhn vo  khai thc g'),
(473, '21', 20, 'vi', 'Khng  nng lng'),
(474, '22', 20, 'vi', 'Thng bo'),
(475, '23', 20, 'vi', 'Khng  dn lng'),
(476, '24', 20, 'vi', 'Dn ri'),
(477, '25', 20, 'vi', 'Khng  vng'),
(478, '26', 20, 'vi', 'Khng  g'),
(479, '27', 20, 'vi', 'Khng  xu'),
(480, '28', 20, 'vi', 'Khng  st'),
(481, '29', 20, 'vi', ' ht lt gip  trong ngy'),
(482, '3', 20, 'vi', 'Tn'),
(483, '31', 20, 'vi', 'Vng t ny cha c m'),
(484, '32', 20, 'vi', 'Bn c mun m rng vng t ny khng?'),
(485, '33', 20, 'vi', 'Bn khng th bn cng trnh ny c'),
(486, '34', 20, 'vi', 'Bn  t gii hn nng tri  cp  hin ti.'),
(487, '35', 20, 'vi', 'NULL: string rng'),
(488, '36', 20, 'vi', 'NULL: string rng'),
(489, '37', 20, 'vi', 'Bn khng th ct cng trnh ny vo kho c'),
(490, '38', 20, 'vi', 'Cng trnh  c gip '),
(491, '39', 20, 'vi', 'Khng th bn cng trnh ny'),
(492, '4', 20, 'vi', 'Thu hoch sau'),
(493, '40', 20, 'vi', 'Bn c mun bn cng trnh ny khng'),
(494, '41', 20, 'vi', 'Xu'),
(495, '42', 20, 'vi', 'Nng lng'),
(496, '43', 20, 'vi', 'Giy'),
(497, '44', 20, 'vi', 'Pht'),
(498, '45', 20, 'vi', 'Gi'),
(499, '46', 20, 'vi', 'NHN THNG'),
(500, '47', 20, 'vi', 'Cu g'),
(501, '48', 20, 'vi', 'Khng th di chuyn cng trnh ny'),
(502, '49', 20, 'vi', 'c xy khi c nhim v'),
(503, '5', 20, 'vi', 'Nhn  thu hoch'),
(504, '50', 20, 'vi', 'Hong thnh nhanh thu hoch bng {0} Xu?'),
(505, '51', 20, 'vi', 'Click  xy dng'),
(506, '52', 20, 'vi', 'Chc mng bn  hon thnh nhim v tn th'),
(507, '53', 20, 'vi', 'Nhn  khai hoang'),
(508, '54', 20, 'vi', 'Nhn  khai trng'),
(509, '55', 20, 'vi', 'Khng  im vn minh'),
(510, '56', 20, 'vi', 'Chn'),
(511, '57', 20, 'vi', 'im vn minh'),
(512, '58', 20, 'vi', 'ang ti d liu...'),
(513, '59', 20, 'vi', 'N'),
(514, '6', 20, 'vi', 'Nhn  thu hoch Exp'),
(515, '60', 20, 'vi', 'Chin thng'),
(516, '61', 20, 'vi', 'Tht bi'),
(517, '62', 20, 'vi', 'Ha'),
(518, '63', 20, 'vi', 'Hy thot khi ch  ton mn hnh trc!'),
(519, '64', 20, 'vi', 'Khng th ti d liu t my ch. Vui lng th li sau'),
(520, '65', 20, 'vi', 'Khng th duy chuyn n  t hin ti'),
(521, '66', 20, 'vi', ''),
(522, '67', 20, 'vi', 'Khng  '),
(523, '7', 20, 'vi', 'Nhn  thu hoch'),
(524, '8', 20, 'vi', 'Nhn  thu hoch'),
(525, '9', 20, 'vi', 'Nhn  gieo ht'),
(526, '1', 21, 'vi', 'u trng'),
(527, '2', 21, 'vi', 'Nh lc qun cp 1'),
(528, '3', 21, 'vi', 'Nh lc qun cp 2'),
(529, '4', 21, 'vi', 'Nh lc qun cp 3'),
(530, '1', 22, 'vi', 'ng t'),
(531, '2', 22, 'vi', 'Gch ng'),
(532, '3', 22, 'vi', 'Gch bc'),
(533, '4', 22, 'vi', 'Gch vng'),
(534, '5', 22, 'vi', 'Gch pha l'),
(535, '11', 23, 'vi', 'Thng'),
(536, '12', 23, 'vi', 'Mun'),
(537, '14', 23, 'vi', 'Trm Hng'),
(538, '17', 23, 'vi', 'Xoan o'),
(539, '20', 23, 'vi', 'Si c th'),
(540, '23', 23, 'vi', 'Sn huyt'),
(541, '25', 23, 'vi', 'Hng Tng'),
(542, '30', 23, 'vi', 'Da bo'),
(543, '7', 23, 'vi', 'Nhc Nga'),
(544, '10', 24, 'vi', 'St l liu'),
(545, '11', 24, 'vi', 'St t tnh'),
(546, '12', 24, 'vi', 'St quang ph'),
(547, '13', 24, 'vi', 'St nham thch'),
(548, '14', 24, 'vi', 'St cacbon'),
(549, '15', 24, 'vi', 'St lu hunh'),
(550, '16', 24, 'vi', 'Gang siu cp'),
(551, '17', 24, 'vi', 'Inox siu cp'),
(552, '18', 24, 'vi', 'Thp siu cp'),
(553, '3', 24, 'vi', 'Phi st'),
(554, '34', 24, 'vi', 'St l mt'),
(555, '4', 24, 'vi', 'Bt st'),
(556, '5', 24, 'vi', 'St mm'),
(557, '6', 24, 'vi', 'St rn'),
(558, '7', 24, 'vi', 'St nung chy'),
(559, '8', 24, 'vi', 'St cun'),
(560, '9', 24, 'vi', 'St si t'),
(561, '1', 25, 'vi', 'Nh chnh'),
(562, '10', 25, 'vi', 'Ha bnh'),
(563, '11', 25, 'vi', 'Cn xy thm nh '),
(564, '12', 25, 'vi', 'Bn  t s nh dn ti a, cn nng cp nh chnh  xy thm'),
(565, '2', 25, 'vi', 'Cp'),
(566, '3', 25, 'vi', ' to dn v qun l dn s. Cp nh chnh cng cao cng qun l c nhiu dn s hn.'),
(567, '4', 25, 'vi', 'To dn'),
(568, '5', 25, 'vi', 'Nng cp'),
(569, '6', 25, 'vi', 'Chuyn trng thi'),
(570, '7', 25, 'vi', 'Nhp s dn'),
(571, '8', 25, 'vi', 'Trng thi hin ti'),
(572, '9', 25, 'vi', 'Chin Tranh'),
(573, '1', 26, 'vi', '{0} kinh nghim  ln cp'),
(574, '10', 26, 'vi', 'Bt/Tt ton mn hnh'),
(575, '11', 26, 'vi', 'Bt/Tt m thanh'),
(576, '12', 26, 'vi', 'Bt/Tt nhc nn'),
(577, '13', 26, 'vi', 'Di chuyn'),
(578, '14', 26, 'vi', 'Bn'),
(579, '15', 26, 'vi', 'ng cng c'),
(580, '16', 26, 'vi', 'Ct kho'),
(581, '17', 26, 'vi', 'Chin dch'),
(582, '18', 26, 'vi', 'Cp nht'),
(583, '2', 26, 'vi', 'Ca hng'),
(584, '3', 26, 'vi', 'Bn  th gii'),
(585, '4', 26, 'vi', 'Kho hng'),
(586, '5', 26, 'vi', 'Hy'),
(587, '6', 26, 'vi', 'M cng c'),
(588, '7', 26, 'vi', 'Thit lp h thng'),
(589, '8', 26, 'vi', 'Phng to'),
(590, '9', 26, 'vi', 'Thu Nh'),
(591, '1', 27, 'vi', 'Nh chnh'),
(592, '10', 27, 'vi', 'Phng th nghim'),
(593, '11', 27, 'vi', 'Mini Game'),
(594, '12', 27, 'vi', 'Sn vn ng'),
(595, '13', 27, 'vi', 'a tu'),
(596, '14', 27, 'vi', 'Nng tri'),
(597, '15', 27, 'vi', 'ng t'),
(598, '16', 27, 'vi', 'Gch ng'),
(599, '17', 27, 'vi', 'Gch bc'),
(600, '18', 27, 'vi', 'Gch vng'),
(601, '68', 19, 'vi', 'rhye'),
(602, '68', 19, 'en', 'tjjeee'),
(603, '68', 19, 'fr', ''),
(604, '68', 19, 'jp', ''),
(605, '69', 18, 'vi', 'dhgsx'),
(606, '69', 18, 'en', 'sxrfj'),
(607, '69', 18, 'fr', ''),
(608, '69', 18, 'jp', ''),
(609, '70', 18, 'vi', 'kh'),
(610, '70', 18, 'en', 'jyfu'),
(611, '70', 18, 'fr', ''),
(612, '70', 18, 'jp', ''),
(613, '71', 18, 'vi', 'qe'),
(614, '71', 18, 'en', 'qe'),
(615, '71', 18, 'fr', ''),
(616, '71', 18, 'jp', ''),
(617, '72', 18, 'vi', 'djfgtm'),
(618, '72', 18, 'en', 'mmd'),
(619, '72', 18, 'fr', ''),
(620, '72', 18, 'jp', ''),
(621, '73', 18, 'vi', 'hsrj'),
(622, '73', 18, 'en', 'jedt'),
(623, '73', 18, 'fr', ''),
(624, '73', 18, 'jp', ''),
(625, '74', 18, 'vi', 'ggf'),
(626, '74', 18, 'en', 'ghg'),
(627, '74', 18, 'fr', ''),
(628, '74', 18, 'jp', ''),
(629, '75', 18, 'vi', 'dfn zs'),
(630, '75', 18, 'en', 'n fsn'),
(631, '75', 18, 'fr', ''),
(632, '75', 18, 'jp', ''),
(633, '76', 18, 'vi', 'sfnsfns'),
(634, '76', 18, 'en', 'snsns'),
(635, '76', 18, 'fr', ''),
(636, '76', 18, 'jp', ''),
(637, '77', 18, 'vi', 'hhj'),
(638, '77', 18, 'en', 'hjjh'),
(639, '77', 18, 'fr', ''),
(640, '77', 18, 'jp', ''),
(641, '78', 18, 'vi', 'bshssn'),
(642, '78', 18, 'en', 'snsfns'),
(643, '78', 18, 'fr', ''),
(644, '78', 18, 'jp', ''),
(645, '79', 18, 'vi', 'hhtfjfjf'),
(646, '79', 18, 'en', 'fkfkdsgbfhfhd'),
(647, '79', 18, 'fr', ''),
(648, '79', 18, 'jp', ''),
(649, '80', 18, 'vi', 'sbgshb'),
(650, '80', 18, 'en', 'sssbss'),
(651, '80', 18, 'fr', ''),
(652, '80', 18, 'jp', ''),
(653, '81', 18, 'vi', 'drt'),
(654, '81', 18, 'en', 'sjrtsr'),
(655, '81', 18, 'fr', ''),
(656, '81', 18, 'jp', ''),
(657, '82', 18, 'vi', 'sfafa'),
(658, '82', 18, 'en', 'gshs'),
(659, '82', 18, 'fr', ''),
(660, '82', 18, 'jp', ''),
(661, '83', 19, 'vi', 'rfdtm'),
(662, '83', 19, 'en', 'tgf'),
(663, '83', 19, 'fr', ''),
(664, '83', 19, 'jp', ''),
(665, '84', 19, 'vi', 'sdvazbga'),
(666, '84', 19, 'en', 'adaba'),
(667, '84', 19, 'fr', ''),
(668, '84', 19, 'jp', ''),
(669, '85', 18, 'vi', 'dsr '),
(670, '85', 18, 'en', 'rbs'),
(671, '85', 18, 'fr', ''),
(672, '85', 18, 'jp', ''),
(673, '86', 19, 'vi', 've'),
(674, '86', 19, 'en', ''),
(675, '86', 19, 'fr', ''),
(676, '86', 19, 'jp', ''),
(677, '87', 18, 'vi', 'ymf,f'),
(678, '87', 18, 'en', 'kmrfykr'),
(679, '87', 18, 'fr', ''),
(680, '87', 18, 'jp', ''),
(681, '88', 18, 'vi', 'rbrfhb'),
(682, '88', 18, 'en', 'srns'),
(683, '88', 18, 'fr', ''),
(684, '88', 18, 'jp', ''),
(685, '89', 18, 'vi', 'dghhf'),
(686, '89', 18, 'en', 'hhhj'),
(687, '89', 18, 'fr', ''),
(688, '89', 18, 'jp', '');

-- --------------------------------------------------------

--
-- Table structure for table `l_group`
--

CREATE TABLE IF NOT EXISTS `l_group` (
  `id` int(11) NOT NULL AUTO_INCREMENT,
  `name` varchar(200) COLLATE utf8_unicode_ci NOT NULL,
  PRIMARY KEY (`id`)
) ENGINE=InnoDB  DEFAULT CHARSET=utf8 COLLATE=utf8_unicode_ci AUTO_INCREMENT=28 ;

--
-- Dumping data for table `l_group`
--

INSERT INTO `l_group` (`id`, `name`) VALUES
(18, 'ibshop_economy'),
(19, 'farm_shop'),
(20, 'misc'),
(21, 'ibshop_army'),
(22, 'ibshop_decoration'),
(23, 'wood_shop'),
(24, 'mine_shop'),
(25, 'headquarter'),
(26, 'tooltip'),
(27, 'entity');

-- --------------------------------------------------------

--
-- Table structure for table `l_language`
--

CREATE TABLE IF NOT EXISTS `l_language` (
  `id` varchar(5) COLLATE utf8_unicode_ci NOT NULL,
  `status` int(1) NOT NULL,
  `name` varchar(100) COLLATE utf8_unicode_ci NOT NULL,
  PRIMARY KEY (`id`)
) ENGINE=InnoDB DEFAULT CHARSET=utf8 COLLATE=utf8_unicode_ci;

--
-- Dumping data for table `l_language`
--

INSERT INTO `l_language` (`id`, `status`, `name`) VALUES
('en', 2, 'English'),
('fr', 0, 'France'),
('jp', 0, 'Japanese'),
('vi', 1, 'Vit Nam');

-- --------------------------------------------------------

--
-- Table structure for table `privileges`
--

CREATE TABLE IF NOT EXISTS `privileges` (
  `id` int(11) NOT NULL AUTO_INCREMENT,
  `controller_name` varchar(255) COLLATE utf8_unicode_ci NOT NULL,
  `action_name` varchar(255) COLLATE utf8_unicode_ci NOT NULL,
  PRIMARY KEY (`id`)
) ENGINE=MyISAM  DEFAULT CHARSET=utf8 COLLATE=utf8_unicode_ci AUTO_INCREMENT=64 ;

--
-- Dumping data for table `privileges`
--

INSERT INTO `privileges` (`id`, `controller_name`, `action_name`) VALUES
(1, 'user', 'index'),
(2, 'user', 'add'),
(3, 'user', 'edit'),
(4, 'user', 'delete'),
(5, 'tool', 'index'),
(6, 'tool', 'notice'),
(7, 'tool', 'compensation'),
(8, 'tool', 'popup'),
(9, 'group', 'index'),
(10, 'group', 'add'),
(11, 'group', 'edit'),
(12, 'group', 'delete'),
(13, 'group', 'privilege'),
(14, 'event', 'index'),
(15, 'event', 'goldexp'),
(30, 'gift', 'add'),
(17, 'event', 'delelegoldexp'),
(18, 'event', 'namthien'),
(19, 'shopeditor', 'index'),
(20, 'shopeditor', 'pig'),
(21, 'shopeditor', 'pigdetail'),
(22, 'shopeditor', 'item'),
(23, 'shopeditor', 'itemdetail'),
(29, 'gift', 'index'),
(25, 'shopeditor', 'exportitem'),
(26, 'user', 'log'),
(27, 'tool', 'compensationplayer'),
(28, 'tool', 'denbu'),
(31, 'gift', 'edit'),
(32, 'gift', 'delete'),
(33, 'shopeditor', 'exportPig'),
(34, 'gift', 'active'),
(37, 'tool', 'approve'),
(38, 'shopeditor', 'getitemid'),
(39, 'shopeditor', 'itemmanager'),
(40, 'shopeditor', 'activeitem'),
(41, 'gift', 'item'),
(42, 'gift', 'additem'),
(43, 'gift', 'pigshop'),
(44, 'gift', 'itemshop'),
(45, 'compensation', 'denbu'),
(46, 'compensation', 'approve'),
(47, 'compensation', 'suggestion'),
(48, 'compensation', 'listcompensation'),
(49, 'compensation', 'listwaitingcompensation'),
(50, 'compensation', 'listcompensationdetail'),
(51, 'compensation', 'operationcompensation'),
(52, 'compensation', 'operationcompensationdetail'),
(53, 'compensation', 'check'),
(54, 'compensation', 'execute'),
(55, 'compensation', 'checkname'),
(56, 'tool', 'statistic'),
(57, 'compensation', 'getstatistic'),
(58, 'compensation', 'export'),
(59, 'tool', 'reason'),
(60, 'compensation', 'listreason'),
(61, 'compensation', 'operreason'),
(62, 'compensation', 'listreasondetail'),
(63, 'compensation', 'operreasondetail');

-- --------------------------------------------------------

--
-- Table structure for table `q_action`
--

CREATE TABLE IF NOT EXISTS `q_action` (
  `ActionID` int(11) NOT NULL AUTO_INCREMENT,
  `ActionName` varchar(255) CHARACTER SET utf8 COLLATE utf8_unicode_ci DEFAULT NULL,
  PRIMARY KEY (`ActionID`),
  UNIQUE KEY `ActionName` (`ActionName`)
) ENGINE=InnoDB  DEFAULT CHARSET=latin1 AUTO_INCREMENT=4010 ;

--
-- Dumping data for table `q_action`
--

INSERT INTO `q_action` (`ActionID`, `ActionName`) VALUES
(10, 'QUEST_TASK_BOOST_BUIDLING_FRIEND'),
(1004, 'QUEST_TASK_BOOST_ITEM'),
(1005, 'QUEST_TASK_BOOST_ITEM_FRIEND'),
(12, 'QUEST_TASK_BRIDGE'),
(11, 'QUEST_TASK_BUILDING_PRODUCE'),
(1001, 'QUEST_TASK_BUY_ITEM'),
(4006, 'QUEST_TASK_COL_GOLD'),
(4009, 'QUEST_TASK_COL_IRON'),
(4008, 'QUEST_TASK_COL_WOOD'),
(1, 'QUEST_TASK_CONSTRUCT_BUILDING'),
(4003, 'QUEST_TASK_CREATE_SMURF'),
(5, 'QUEST_TASK_EXPLOIT'),
(4005, 'QUEST_TASK_FINISH_TUTORIAL'),
(3, 'QUEST_TASK_HARVEST_BUILDING'),
(4, 'QUEST_TASK_HARVEST_BUILDING_FRIEND'),
(1002, 'QUEST_TASK_HARVEST_ITEM'),
(1003, 'QUEST_TASK_HARVEST_ITEM_FRIEND'),
(2, 'QUEST_TASK_MOVE_BUILDING'),
(3001, 'QUEST_TASK_OPEN_SHOP'),
(4002, 'QUEST_TASK_REFRESH_FRIEND_LIST'),
(2002, 'QUEST_TASK_RENAME_VILLAGE'),
(7, 'QUEST_TASK_RESTORE_BUIDLING'),
(8, 'QUEST_TASK_SELL_BUIDLING'),
(6, 'QUEST_TASK_STORE_BUILDING'),
(2001, 'QUEST_TASK_UNLOCK_BLOCK'),
(3002, 'QUEST_TASK_UNLOCK_ITEM_SHOP'),
(4004, 'QUEST_TASK_UP_LEVEL'),
(4001, 'QUEST_TASK_VISIT_FRIEND');

-- --------------------------------------------------------

--
-- Table structure for table `q_award`
--

CREATE TABLE IF NOT EXISTS `q_award` (
  `ID` int(11) NOT NULL AUTO_INCREMENT,
  `QuestID` int(11) NOT NULL,
  `AwardTypeID` int(11) NOT NULL,
  `Value` int(11) NOT NULL,
  PRIMARY KEY (`ID`),
  KEY `QuestID` (`QuestID`),
  KEY `AwardTypeID` (`AwardTypeID`)
) ENGINE=InnoDB  DEFAULT CHARSET=latin1 AUTO_INCREMENT=26 ;

--
-- Dumping data for table `q_award`
--

INSERT INTO `q_award` (`ID`, `QuestID`, `AwardTypeID`, `Value`) VALUES
(2, 1, 2, 2),
(3, 2, 2, 1),
(4, 3, 2, 1),
(5, 4, 2, 1),
(6, 5, 2, 2),
(7, 6, 2, 2),
(8, 7, 2, 2),
(9, 8, 2, 2),
(10, 10, 2, 2),
(17, 1, 1, 0),
(18, 2, 1, 0),
(19, 3, 1, 0),
(20, 4, 1, 0),
(21, 5, 1, 0),
(22, 6, 1, 0),
(23, 7, 1, 0),
(24, 8, 1, 0),
(25, 10, 1, 0);

-- --------------------------------------------------------

--
-- Table structure for table `q_award_type`
--

CREATE TABLE IF NOT EXISTS `q_award_type` (
  `AwardTypeID` int(11) NOT NULL AUTO_INCREMENT,
  `Name` varchar(255) CHARACTER SET utf8 COLLATE utf8_unicode_ci NOT NULL,
  PRIMARY KEY (`AwardTypeID`)
) ENGINE=InnoDB  DEFAULT CHARSET=latin1 AUTO_INCREMENT=7 ;

--
-- Dumping data for table `q_award_type`
--

INSERT INTO `q_award_type` (`AwardTypeID`, `Name`) VALUES
(1, 'Gold'),
(2, 'EXP'),
(3, 'Coin'),
(4, 'Iron'),
(5, 'Wood'),
(6, 'Stone');

-- --------------------------------------------------------

--
-- Table structure for table `q_nextquest`
--

CREATE TABLE IF NOT EXISTS `q_nextquest` (
  `ID` int(11) NOT NULL AUTO_INCREMENT,
  `QuestID` int(11) NOT NULL,
  `NextQuest` int(11) DEFAULT NULL,
  PRIMARY KEY (`ID`),
  KEY `QuestID` (`QuestID`,`NextQuest`),
  KEY `NextQuest` (`NextQuest`)
) ENGINE=InnoDB  DEFAULT CHARSET=utf8 COLLATE=utf8_unicode_ci AUTO_INCREMENT=37 ;

--
-- Dumping data for table `q_nextquest`
--

INSERT INTO `q_nextquest` (`ID`, `QuestID`, `NextQuest`) VALUES
(19, 1, 2),
(36, 1, 10),
(20, 2, 1),
(21, 3, 4),
(22, 4, 5),
(23, 5, 6),
(24, 6, 7),
(16, 7, 1),
(17, 8, NULL),
(25, 10, 8);

-- --------------------------------------------------------

--
-- Table structure for table `q_quest`
--

CREATE TABLE IF NOT EXISTS `q_quest` (
  `QuestID` int(11) NOT NULL AUTO_INCREMENT,
  `QuestName` varchar(255) CHARACTER SET utf8 COLLATE utf8_unicode_ci DEFAULT NULL,
  `QuestGroupString` varchar(20) CHARACTER SET utf8 COLLATE utf8_unicode_ci NOT NULL,
  `QuestGroup` varchar(255) CHARACTER SET utf8 COLLATE utf8_unicode_ci DEFAULT NULL,
  `QuestString` varchar(255) CHARACTER SET utf8 COLLATE utf8_unicode_ci NOT NULL,
  `QuestDesc` text CHARACTER SET utf8 COLLATE utf8_unicode_ci,
  `QuestDescString` varchar(20) CHARACTER SET utf8 COLLATE utf8_unicode_ci NOT NULL,
  `AwardGold` int(11) NOT NULL,
  `AwardExp` int(11) NOT NULL,
  `NextQuest1` int(11) DEFAULT NULL,
  `NeedQuest` int(11) DEFAULT NULL,
  `QuestLineID` int(11) NOT NULL,
  PRIMARY KEY (`QuestID`),
  KEY `QuestLineID` (`QuestLineID`),
  KEY `NextQuest` (`NextQuest1`,`QuestLineID`),
  KEY `NextQuest_2` (`NextQuest1`)
) ENGINE=InnoDB  DEFAULT CHARSET=latin1 AUTO_INCREMENT=11 ;

--
-- Dumping data for table `q_quest`
--

INSERT INTO `q_quest` (`QuestID`, `QuestName`, `QuestGroupString`, `QuestGroup`, `QuestString`, `QuestDesc`, `QuestDescString`, `AwardGold`, `AwardExp`, `NextQuest1`, `NeedQuest`, `QuestLineID`) VALUES
(1, 'Ma la v', '@quest#46', 'm no (Nhim v 1/2)', '@quest#47', 'Ma la ti ri, hy trng trt tht nhiu  tch tr lng thc', '@quest#48', 0, 2, 2, 0, 7),
(2, 'La chn y b', '@quest#53', 'm no (Nhim v 2/2)', '@quest#54', 'La chn ri. Nhanh nhanh gt no', '@quest#55', 0, 1, 3, 3, 7),
(3, 'Thu thu', '@quest#58', 'Thu thu (Nhim v 1/1)', '@quest#59', 'Nhn tun l Vng, hy n nh dn  quyn gp xy dng lng', '@quest#60', 0, 1, 4, 1, 7),
(4, 'Nh C tranh', '@quest#63', 'Tng dn s (Nhim v 1/1)', '@quest#64', 'Dn lng mi lc mt ng, xy thm nh cho mi ngi vui v no', '@quest#65', 0, 1, 5, 3, 7),
(5, 'Nh o to dn cng', '@quest#68', 'Nhn lc di do (Nhim v 1/2)', '@quest#69', 'Zin ty my  nghin cu thnh cng my t ng o to dn cng. Vo  np  dinh dng siu b, dn lng s tr thnh dn cng nng sut lao ng cc cao', '@quest#70', 0, 2, 6, 4, 7),
(6, 'o to dn cng', '@quest#73', 'Nhn lc di do (Nhim v 2/2)', '@quest#74', 'Tng cng lc lng cho lng  tng nng sut lao ng', '@quest#75', 0, 2, 7, 5, 7),
(7, 'Tri G', '@quest#78', 'G Mt (Nhim v 1/2)', '@quest#79', 'Trong rng hin c rt nhiu cy kh, lp tri g  khai thc v tch tr lng g cho k hoch dng nh tr ng', '@quest#80', 0, 2, NULL, 6, 7),
(8, 'G Mt', '@quest#83', 'G Mt (Nhim v 2/2)', '@quest#84', 'Mt cho g rt thm. Hy thu hoch  tch lu g cho vic xy nh no', '@quest#85', 0, 2, NULL, 10, 7),
(10, 'Di chuyn', '@quest#95', 'Quy hoch (Nhim v 1/2)', '@quest#96', 'Hc thao tc quy hoch lng mt cht nh', '@quest#97', 0, 2, 8, NULL, 7);

-- --------------------------------------------------------

--
-- Table structure for table `q_questline`
--

CREATE TABLE IF NOT EXISTS `q_questline` (
  `QuestLineID` int(11) NOT NULL AUTO_INCREMENT,
  `QuestLineName` varchar(255) CHARACTER SET utf8 COLLATE utf8_unicode_ci NOT NULL,
  `QuestLineIcon` int(11) NOT NULL,
  PRIMARY KEY (`QuestLineID`),
  UNIQUE KEY `QuestLineName` (`QuestLineName`)
) ENGINE=InnoDB  DEFAULT CHARSET=latin1 AUTO_INCREMENT=8 ;

--
-- Dumping data for table `q_questline`
--

INSERT INTO `q_questline` (`QuestLineID`, `QuestLineName`, `QuestLineIcon`) VALUES
(7, 'Quest Tn th', 3);

-- --------------------------------------------------------

--
-- Table structure for table `q_questtaskclient`
--

CREATE TABLE IF NOT EXISTS `q_questtaskclient` (
  `QTC_ID` int(11) NOT NULL AUTO_INCREMENT,
  `QTC_Name` varchar(255) CHARACTER SET utf8 COLLATE utf8_unicode_ci NOT NULL,
  `QTC_Desc` varchar(255) CHARACTER SET utf8 COLLATE utf8_unicode_ci DEFAULT NULL,
  PRIMARY KEY (`QTC_ID`),
  UNIQUE KEY `QTC_Name` (`QTC_Name`)
) ENGINE=InnoDB  DEFAULT CHARSET=latin1 AUTO_INCREMENT=20 ;

--
-- Dumping data for table `q_questtaskclient`
--

INSERT INTO `q_questtaskclient` (`QTC_ID`, `QTC_Name`, `QTC_Desc`) VALUES
(1, 'QUEST_TASK_BoostFriendFarmHouse ', NULL),
(2, 'QUEST_TASK_BoostFriendWoodHouse ', NULL),
(3, 'QUEST_TASK_ClickBtnFullscreen ', NULL),
(4, 'QUEST_TASK_ContructNewBuilding ', NULL),
(5, 'QUEST_TASK_CreateCMan ', NULL),
(6, 'QUEST_TASK_FinishConstruction ', NULL),
(7, 'QUEST_TASK_HarvestFarm ', NULL),
(8, 'QUEST_TASK_HarvestGold ', NULL),
(10, 'QUEST_TASK_HarvestTree ', NULL),
(11, 'QUEST_TASK_HarvestWood ', NULL),
(12, 'QUEST_TASK_MoveBuilding ', NULL),
(13, 'QUEST_TASK_OrderFarmPlant ', NULL),
(14, 'QUEST_TASK_OrderWoodLog', NULL),
(15, 'QUEST_TASK_PanningWorld ', NULL),
(16, 'QUEST_TASK_SellBuilding ', NULL),
(17, 'QUEST_TASK_VisitFriendKingdom ', NULL),
(18, 'TROPHY_TASK_ToLevel ', NULL),
(19, 'SPECIAL_TASK_BuildBridge ', NULL);

-- --------------------------------------------------------

--
-- Table structure for table `q_quest_awarditem`
--

CREATE TABLE IF NOT EXISTS `q_quest_awarditem` (
  `QuestID` int(11) NOT NULL,
  `ID` int(11) NOT NULL AUTO_INCREMENT,
  `AwardItem` varchar(20) CHARACTER SET utf8 COLLATE utf8_unicode_ci NOT NULL,
  PRIMARY KEY (`ID`),
  KEY `QuestID` (`QuestID`)
) ENGINE=InnoDB  DEFAULT CHARSET=latin1 AUTO_INCREMENT=2 ;

--
-- Dumping data for table `q_quest_awarditem`
--

INSERT INTO `q_quest_awarditem` (`QuestID`, `ID`, `AwardItem`) VALUES
(1, 1, '209');

-- --------------------------------------------------------

--
-- Table structure for table `q_task`
--

CREATE TABLE IF NOT EXISTS `q_task` (
  `TaskID` int(11) NOT NULL AUTO_INCREMENT,
  `TaskName` varchar(255) CHARACTER SET utf8 COLLATE utf8_unicode_ci DEFAULT NULL,
  `TaskString` varchar(20) CHARACTER SET utf8 COLLATE utf8_unicode_ci DEFAULT NULL,
  `DescID` varchar(20) CHARACTER SET utf8 COLLATE utf8_unicode_ci DEFAULT NULL,
  `DescString` varchar(255) CHARACTER SET utf8 COLLATE utf8_unicode_ci DEFAULT NULL,
  `QTC_ID` int(11) DEFAULT NULL,
  `UnlockCoin` int(11) NOT NULL,
  `IconClassName` varchar(255) CHARACTER SET utf8 COLLATE utf8_unicode_ci DEFAULT NULL,
  `IconPackageName` varchar(255) CHARACTER SET utf8 COLLATE utf8_unicode_ci DEFAULT NULL,
  `Quantity` int(11) NOT NULL,
  `ActionID` int(11) NOT NULL,
  `QuestID` int(11) NOT NULL,
  `TargetType` int(11) DEFAULT NULL,
  `Counter` int(1) NOT NULL DEFAULT '0',
  PRIMARY KEY (`TaskID`),
  KEY `QuestID` (`QuestID`),
  KEY `QTC_ID` (`QTC_ID`,`ActionID`,`QuestID`),
  KEY `ActionID` (`ActionID`)
) ENGINE=InnoDB  DEFAULT CHARSET=latin1 AUTO_INCREMENT=22 ;

--
-- Dumping data for table `q_task`
--

INSERT INTO `q_task` (`TaskID`, `TaskName`, `TaskString`, `DescID`, `DescString`, `QTC_ID`, `UnlockCoin`, `IconClassName`, `IconPackageName`, `Quantity`, `ActionID`, `QuestID`, `TargetType`, `Counter`) VALUES
(7, 'Xy thm 1  t', '@quest#49', '@quest#51', 'eqweqw', 4, 1, 'sample', 'sample', 1, 1, 1, NULL, 0),
(9, 'Gieo trng 1 v La', '@quest#50', '@quest#52', '', 13, 1, 'sample', 'sample', 1, 1001, 1, NULL, 0),
(10, 'Thu hoch 1 La ', '@quest#56 ', '@quest#57', '', 7, 1, NULL, NULL, 1, 1002, 2, NULL, 0),
(11, 'Thu thu 1 nh Dn', '@quest#61', '@quest#62', '', 8, 1, NULL, NULL, 1, 3, 3, NULL, 0),
(12, 'Xy 1 nh C tranh', '@quest#66', '@quest#67', '', 4, 1, NULL, NULL, 1, 1, 4, NULL, 0),
(13, 'Xy 1 nh o to dn cng ', '@quest#71', '@quest#72', '', 4, 1, NULL, NULL, 1, 1, 5, NULL, 0),
(14, 'o to 1 Dn cng ', '@quest#76 ', '@quest#77', '', 5, 1, NULL, NULL, 1, 4003, 6, 0, 0),
(15, 'Xy 1 Tri g ', '@quest#81 ', '@quest#82', '', 4, 1, NULL, NULL, 1, 1, 7, NULL, 0),
(16, 'Thu hoch 1 g Mt', '@quest#87', '@quest#89', '', 11, 1, NULL, NULL, 1, 1002, 8, NULL, 0),
(18, 'Sn xut 1 g Mt', '@quest#86', '@quest#87', '', 14, 1, NULL, NULL, 1, 1001, 7, NULL, 0),
(20, 'Di chuyn 1  t', '@quest#98', '@quest#100', '', 12, 1, NULL, NULL, 1, 2, 10, NULL, 0),
(21, 'Bn 1  t', '@quest#99', '@quest#101', '', 16, 1, NULL, NULL, 1, 8, 10, NULL, 0);

-- --------------------------------------------------------

--
-- Table structure for table `q_task_target`
--

CREATE TABLE IF NOT EXISTS `q_task_target` (
  `ID` int(11) NOT NULL AUTO_INCREMENT,
  `TaskID` int(11) NOT NULL,
  `TargetID` int(11) NOT NULL,
  PRIMARY KEY (`ID`),
  KEY `TaskID` (`TaskID`)
) ENGINE=InnoDB  DEFAULT CHARSET=latin1 AUTO_INCREMENT=33 ;

--
-- Dumping data for table `q_task_target`
--

INSERT INTO `q_task_target` (`ID`, `TaskID`, `TargetID`) VALUES
(7, 10, 5001),
(8, 11, 2004),
(9, 12, 2004),
(10, 13, 2022),
(13, 16, 7001),
(14, 15, 2001),
(15, 18, 7001),
(17, 20, 2002),
(18, 21, 2002),
(31, 7, 2002),
(32, 9, 5001);

-- --------------------------------------------------------

--
-- Table structure for table `q_temp`
--

CREATE TABLE IF NOT EXISTS `q_temp` (
  `TaskID` int(11) NOT NULL AUTO_INCREMENT,
  `TaskName` varchar(255) COLLATE utf8_unicode_ci DEFAULT NULL,
  `TaskString` varchar(20) COLLATE utf8_unicode_ci DEFAULT NULL,
  `DescID` varchar(20) COLLATE utf8_unicode_ci DEFAULT NULL,
  `DescString` varchar(255) COLLATE utf8_unicode_ci DEFAULT NULL,
  `QTC_ID` int(11) DEFAULT NULL,
  `UnlockCoin` int(11) DEFAULT NULL,
  `IconClassName` varchar(255) COLLATE utf8_unicode_ci DEFAULT NULL,
  `IconPackageName` varchar(255) COLLATE utf8_unicode_ci DEFAULT NULL,
  `Quantity` int(11) DEFAULT NULL,
  `ActionID` int(11) DEFAULT NULL,
  `QuestID` int(11) DEFAULT NULL,
  `TargetType` int(11) DEFAULT NULL,
  PRIMARY KEY (`TaskID`),
  KEY `QTC_ID` (`QTC_ID`,`ActionID`),
  KEY `ActionID` (`ActionID`)
) ENGINE=InnoDB  DEFAULT CHARSET=utf8 COLLATE=utf8_unicode_ci AUTO_INCREMENT=3 ;

--
-- Dumping data for table `q_temp`
--

INSERT INTO `q_temp` (`TaskID`, `TaskName`, `TaskString`, `DescID`, `DescString`, `QTC_ID`, `UnlockCoin`, `IconClassName`, `IconPackageName`, `Quantity`, `ActionID`, `QuestID`, `TargetType`) VALUES
(1, 'Xy thm 1  t', '@quest#49', 'eqweqw', '@quest#51', 4, 1, 'sample', 'sample', 1, 1, 0, NULL),
(2, 'Xy thm 1  t', '@quest#49', 'eqweqw', '@quest#51', 4, 1, 'sample', 'sample', 1, 1, 0, NULL);

-- --------------------------------------------------------

--
-- Table structure for table `q_temp_target`
--

CREATE TABLE IF NOT EXISTS `q_temp_target` (
  `ID` int(11) NOT NULL AUTO_INCREMENT,
  `TaskID` int(11) NOT NULL,
  `TargetID` int(11) NOT NULL,
  PRIMARY KEY (`ID`),
  KEY `TaskID` (`TaskID`)
) ENGINE=InnoDB  DEFAULT CHARSET=latin1 AUTO_INCREMENT=3 ;

--
-- Dumping data for table `q_temp_target`
--

INSERT INTO `q_temp_target` (`ID`, `TaskID`, `TargetID`) VALUES
(1, 1, 2002),
(2, 2, 2002);

-- --------------------------------------------------------

--
-- Table structure for table `user`
--

CREATE TABLE IF NOT EXISTS `user` (
  `id` int(11) NOT NULL AUTO_INCREMENT,
  `username` varchar(50) DEFAULT NULL,
  `fullname` varchar(100) CHARACTER SET utf8 COLLATE utf8_unicode_ci DEFAULT NULL,
  `password` varchar(50) DEFAULT NULL,
  `active` tinyint(1) DEFAULT NULL,
  `created_date` datetime DEFAULT NULL,
  `group_id` int(11) DEFAULT NULL,
  PRIMARY KEY (`id`)
) ENGINE=InnoDB  DEFAULT CHARSET=utf8 AUTO_INCREMENT=29 ;

--
-- Dumping data for table `user`
--

INSERT INTO `user` (`id`, `username`, `fullname`, `password`, `active`, `created_date`, `group_id`) VALUES
(1, 'admin', 'admin', '202cb962ac59075b964b07152d234b70', 1, '0000-00-00 00:00:00', 1),
(13, 'kietma', 'Mai Anh Kit', 'e10adc3949ba59abbe56e057f20f883e', 1, '0000-00-00 00:00:00', 4),
(14, 'chilh', 'La Hng Chi', '202cb962ac59075b964b07152d234b70', 1, '0000-00-00 00:00:00', 2),
(15, 'tutn', 'Trn Ngc T', 'ac3ee64b7a3f3e1a740cb04ce72fe3df', 0, '0000-00-00 00:00:00', 2),
(18, 'vinhmq', 'Vinh, Mai Quang', '202cb962ac59075b964b07152d234b70', 0, '0000-00-00 00:00:00', 2),
(19, 'chaulth', 'L Thi Hong Chu', '202cb962ac59075b964b07152d234b70', 0, '0000-00-00 00:00:00', 2),
(20, 'dinhlhn', 'Lm Hu Nguyn nh', 'e10adc3949ba59abbe56e057f20f883e', 1, '2011-08-31 10:28:19', 4),
(21, 'minhvh', 'V Hng Minh', '6b78394d85a4ba80118ca2e6a7a75b53', 1, '2011-10-03 16:22:02', 4),
(22, 'vantvt', 'Trng V Trng Vn', 'af129c42c468b65e5bc80818c0d0c726', 0, '0000-00-00 00:00:00', 2),
(23, 'trucntt', 'Nguyn Th Thanh Trc', '6aa6bd3ad42c8b4f317ceac8b9421386', 1, '2011-11-17 11:09:38', 2),
(24, 'quyenlb', 'Lin Bch Quyn', '76419c58730d9f35de7ac538c2fd6737', 1, '0000-00-00 00:00:00', 4),
(26, 'uyenlnk', 'Lu Ngc Kim Uyn', 'ae2152dcbb7a029f118b20b3806c3643', 0, '0000-00-00 00:00:00', 4),
(28, 'truongnt', 'Nguyn Thanh Trng', 'f48cbd6ce3a8dba5f7fd59e90e0c187e', 1, '2012-02-14 10:31:03', 4);

--
-- Constraints for dumped tables
--

--
-- Constraints for table `c_award`
--
ALTER TABLE `c_award`
  ADD CONSTRAINT `c_award_ibfk_1` FOREIGN KEY (`BattleID`) REFERENCES `c_battle` (`ID`) ON DELETE NO ACTION,
  ADD CONSTRAINT `c_award_ibfk_2` FOREIGN KEY (`AwardTypeID`) REFERENCES `c_award_type` (`AwardTypeID`) ON DELETE NO ACTION ON UPDATE NO ACTION;

--
-- Constraints for table `c_battle`
--
ALTER TABLE `c_battle`
  ADD CONSTRAINT `c_battle_ibfk_1` FOREIGN KEY (`Layout`) REFERENCES `c_layout` (`ID`) ON DELETE NO ACTION,
  ADD CONSTRAINT `c_battle_ibfk_2` FOREIGN KEY (`Campaign`) REFERENCES `c_campaign` (`ID`) ON DELETE NO ACTION;

--
-- Constraints for table `c_battle_soldier`
--
ALTER TABLE `c_battle_soldier`
  ADD CONSTRAINT `c_battle_soldier_ibfk_1` FOREIGN KEY (`BattleID`) REFERENCES `c_battle` (`ID`) ON DELETE NO ACTION,
  ADD CONSTRAINT `c_battle_soldier_ibfk_2` FOREIGN KEY (`Soldier`) REFERENCES `c_soldier` (`ID`) ON DELETE NO ACTION;

--
-- Constraints for table `q_award`
--
ALTER TABLE `q_award`
  ADD CONSTRAINT `q_award_ibfk_4` FOREIGN KEY (`QuestID`) REFERENCES `q_quest` (`QuestID`) ON DELETE NO ACTION,
  ADD CONSTRAINT `q_award_ibfk_5` FOREIGN KEY (`AwardTypeID`) REFERENCES `q_award_type` (`AwardTypeID`) ON DELETE NO ACTION;

--
-- Constraints for table `q_nextquest`
--
ALTER TABLE `q_nextquest`
  ADD CONSTRAINT `q_nextquest_ibfk_1` FOREIGN KEY (`NextQuest`) REFERENCES `q_quest` (`QuestID`) ON DELETE NO ACTION ON UPDATE NO ACTION,
  ADD CONSTRAINT `q_nextquest_ibfk_2` FOREIGN KEY (`QuestID`) REFERENCES `q_quest` (`QuestID`) ON DELETE NO ACTION ON UPDATE NO ACTION;

--
-- Constraints for table `q_quest`
--
ALTER TABLE `q_quest`
  ADD CONSTRAINT `q_quest_ibfk_1` FOREIGN KEY (`QuestLineID`) REFERENCES `q_questline` (`QuestLineID`) ON DELETE NO ACTION ON UPDATE NO ACTION;

--
-- Constraints for table `q_quest_awarditem`
--
ALTER TABLE `q_quest_awarditem`
  ADD CONSTRAINT `q_quest_awarditem_ibfk_1` FOREIGN KEY (`QuestID`) REFERENCES `q_quest` (`QuestID`) ON DELETE NO ACTION ON UPDATE NO ACTION;

--
-- Constraints for table `q_task`
--
ALTER TABLE `q_task`
  ADD CONSTRAINT `q_task_ibfk_1` FOREIGN KEY (`QuestID`) REFERENCES `q_quest` (`QuestID`) ON DELETE NO ACTION ON UPDATE NO ACTION,
  ADD CONSTRAINT `q_task_ibfk_2` FOREIGN KEY (`QTC_ID`) REFERENCES `q_questtaskclient` (`QTC_ID`) ON DELETE NO ACTION ON UPDATE NO ACTION,
  ADD CONSTRAINT `q_task_ibfk_3` FOREIGN KEY (`ActionID`) REFERENCES `q_action` (`ActionID`) ON DELETE NO ACTION ON UPDATE NO ACTION;

--
-- Constraints for table `q_task_target`
--
ALTER TABLE `q_task_target`
  ADD CONSTRAINT `q_task_target_ibfk_1` FOREIGN KEY (`TaskID`) REFERENCES `q_task` (`TaskID`) ON DELETE NO ACTION ON UPDATE NO ACTION;

--
-- Constraints for table `q_temp`
--
ALTER TABLE `q_temp`
  ADD CONSTRAINT `q_temp_ibfk_1` FOREIGN KEY (`QTC_ID`) REFERENCES `q_questtaskclient` (`QTC_ID`) ON DELETE SET NULL ON UPDATE NO ACTION,
  ADD CONSTRAINT `q_temp_ibfk_2` FOREIGN KEY (`ActionID`) REFERENCES `q_action` (`ActionID`) ON DELETE SET NULL ON UPDATE NO ACTION;

--
-- Constraints for table `q_temp_target`
--
ALTER TABLE `q_temp_target`
  ADD CONSTRAINT `q_temp_target_ibfk_1` FOREIGN KEY (`TaskID`) REFERENCES `q_temp` (`TaskID`) ON DELETE NO ACTION ON UPDATE NO ACTION;

/*!40101 SET CHARACTER_SET_CLIENT=@OLD_CHARACTER_SET_CLIENT */;
/*!40101 SET CHARACTER_SET_RESULTS=@OLD_CHARACTER_SET_RESULTS */;
/*!40101 SET COLLATION_CONNECTION=@OLD_COLLATION_CONNECTION */;
