DELETE FROM `c_award` WHERE 1;
 ALTER TABLE c_award AUTO_INCREMENT=1; 
DELETE FROM `c_award_type` WHERE 1;
 ALTER TABLE c_award_type AUTO_INCREMENT=1; 
DELETE FROM `c_battle_soldier` WHERE 1;
 ALTER TABLE c_battle_soldier AUTO_INCREMENT=1; 
DELETE FROM `c_battle` WHERE 1;
 ALTER TABLE c_battle AUTO_INCREMENT=1;
 DELETE FROM `c_layout` WHERE 1;
 ALTER TABLE c_layout AUTO_INCREMENT=1; 
DELETE FROM `c_soldier` WHERE 1;
 ALTER TABLE c_soldier AUTO_INCREMENT=1; 
DELETE FROM `c_nextcamp` WHERE 1;
 ALTER TABLE c_nextcamp AUTO_INCREMENT=1; 
DELETE FROM `c_campaign` WHERE 1;
 ALTER TABLE c_campaign AUTO_INCREMENT=1; 
DELETE FROM `c_typemap` WHERE 1;
 ALTER TABLE c_typemap AUTO_INCREMENT=1; 
DELETE FROM `c_worldmap` WHERE 1;
 ALTER TABLE c_worldmap AUTO_INCREMENT=1;
 INSERT INTO `c_worldmap` VALUES('1', 'worldmap1'); 
INSERT INTO `c_worldmap` VALUES('2', 'worldmap2'); 
INSERT INTO `c_typemap` VALUES('1', 'Barrack'); 
INSERT INTO `c_typemap` VALUES('2', 'Map'); 
INSERT INTO `c_campaign` VALUES('1', 'MAP_1', '', '', '', ''); 
INSERT INTO `c_campaign` VALUES('2', 'MAP_2', '', '', '', ''); 
INSERT INTO `c_campaign` VALUES('3', 'MAP_3', '', '', '', ''); 
INSERT INTO `c_campaign` VALUES('1001', 'BARRACK_1', '', '', '', ''); 
INSERT INTO `c_campaign` VALUES('1002', 'BARRACK_2', '', '', '', ''); 
INSERT INTO `c_campaign` VALUES('1003', 'BARRACK_3', '', '', '', ''); 
INSERT INTO `c_campaign` VALUES('1004', 'BARRACK_4', '', '', '', ''); 
INSERT INTO `c_campaign` VALUES('1005', 'BARRACK_5', '', '', '', ''); 
INSERT INTO `c_campaign` VALUES('1006', 'BARRACK_6', '', '', '', ''); 
INSERT INTO `c_campaign` VALUES('1007', 'BARRACK_7', '', '', '', ''); 
INSERT INTO `c_campaign` VALUES('1008', 'BARRACK_8', '', '', '', ''); 
INSERT INTO `c_campaign` VALUES('1009', 'BARRACK_9', '', '', '', ''); 
INSERT INTO `c_campaign` VALUES('1010', 'BARRACK_10', '', '', '', ''); 
INSERT INTO `c_campaign` VALUES('1011', 'BARRACK_11', '', '', '', ''); 
INSERT INTO `c_campaign` VALUES('1012', 'BARRACK_12', '', '', '', ''); 
INSERT INTO `c_campaign` VALUES('1013', 'BARRACK_13', '', '', '', ''); 
INSERT INTO `c_campaign` VALUES('1014', 'BARRACK_14', '', '', '', ''); 
INSERT INTO `c_campaign` VALUES('1015', 'BARRACK_15', '', '', '', ''); 
INSERT INTO `c_campaign` VALUES('1016', 'BARRACK_16', '', '', '', ''); 
INSERT INTO `c_soldier` VALUES('15001', '15001', '', 'SOLDIER_ENEMY_NORMAL_1'); 
INSERT INTO `c_soldier` VALUES('15002', '15002', '', 'SOLDIER_ENEMY_NORMAL_2'); 
INSERT INTO `c_soldier` VALUES('15003', '15003', '', 'SOLDIER_ENEMY_NORMAL_3'); 
INSERT INTO `c_soldier` VALUES('15004', '15004', '', 'SOLDIER_ENEMY_NORMAL_4'); 
INSERT INTO `c_soldier` VALUES('15005', '15005', '', 'SOLDIER_ENEMY_NORMAL_5'); 
INSERT INTO `c_soldier` VALUES('15006', '15006', '', 'SOLDIER_ENEMY_NORMAL_6'); 
INSERT INTO `c_soldier` VALUES('15007', '15007', '', 'SOLDIER_ENEMY_NORMAL_7'); 
INSERT INTO `c_soldier` VALUES('15008', '15008', '', 'SOLDIER_ENEMY_NORMAL_8'); 
INSERT INTO `c_soldier` VALUES('15009', '15009', '', 'SOLDIER_ENEMY_NORMAL_9'); 
INSERT INTO `c_soldier` VALUES('15010', '15010', '', 'SOLDIER_ENEMY_ROW_1'); 
INSERT INTO `c_soldier` VALUES('15011', '15011', '', 'SOLDIER_ENEMY_COL_1'); 
INSERT INTO `c_soldier` VALUES('15012', '15012', '', 'SOLDIER_ENEMY_ALL_1'); 
INSERT INTO `c_soldier` VALUES('15013', '15013', '', 'SOLDIER_ENEMY_NORMAL_10'); 
INSERT INTO `c_soldier` VALUES('15014', '15014', '', 'SOLDIER_ENEMY_NORMAL_11'); 
INSERT INTO `c_soldier` VALUES('15015', '15015', '', 'SOLDIER_ENEMY_NORMAL_12'); 
INSERT INTO `c_soldier` VALUES('15016', '15016', '', 'SOLDIER_ENEMY_NORMAL_13'); 
INSERT INTO `c_soldier` VALUES('15017', '15017', '', 'SOLDIER_ENEMY_NORMAL_14'); 
INSERT INTO `c_soldier` VALUES('15018', '15018', '', 'SOLDIER_ENEMY_NORMAL_15'); 
INSERT INTO `c_soldier` VALUES('15019', '15019', '', 'SOLDIER_ENEMY_NORMAL_16'); 
INSERT INTO `c_soldier` VALUES('15020', '15020', '', 'SOLDIER_ENEMY_NORMAL_17'); 
INSERT INTO `c_soldier` VALUES('15021', '15021', '', 'SOLDIER_ENEMY_NORMAL_18'); 
INSERT INTO `c_soldier` VALUES('15022', '15022', '', 'SOLDIER_ENEMY_ROW_2'); 
INSERT INTO `c_soldier` VALUES('15023', '15023', '', 'SOLDIER_ENEMY_COL_2'); 
INSERT INTO `c_soldier` VALUES('15024', '15024', '', 'SOLDIER_ENEMY_ALL_2'); 
INSERT INTO `c_soldier` VALUES('15025', '15025', '', 'SOLDIER_ENEMY_NORMAL_19'); 
INSERT INTO `c_soldier` VALUES('15026', '15026', '', 'SOLDIER_ENEMY_NORMAL_20'); 
INSERT INTO `c_soldier` VALUES('15027', '15027', '', 'SOLDIER_ENEMY_NORMAL_21'); 
INSERT INTO `c_soldier` VALUES('15028', '15028', '', 'SOLDIER_ENEMY_NORMAL_22'); 
INSERT INTO `c_soldier` VALUES('15029', '15029', '', 'SOLDIER_ENEMY_NORMAL_23'); 
INSERT INTO `c_soldier` VALUES('15030', '15030', '', 'SOLDIER_ENEMY_NORMAL_24'); 
INSERT INTO `c_soldier` VALUES('15031', '15031', '', 'SOLDIER_ENEMY_NORMAL_25'); 
INSERT INTO `c_soldier` VALUES('15032', '15032', '', 'SOLDIER_ENEMY_NORMAL_26'); 
INSERT INTO `c_soldier` VALUES('15033', '15033', '', 'SOLDIER_ENEMY_NORMAL_27'); 
INSERT INTO `c_soldier` VALUES('15034', '15034', '', 'SOLDIER_ENEMY_ROW_3'); 
INSERT INTO `c_soldier` VALUES('15035', '15035', '', 'SOLDIER_ENEMY_COL_3'); 
INSERT INTO `c_soldier` VALUES('15036', '15036', '', 'SOLDIER_ENEMY_ALL_3'); 
INSERT INTO `c_layout` VALUES('1', 'T', '[1,1,1,0,1,0,0,1,0]', ''); 
INSERT INTO `c_layout` VALUES('2', '+', '[0,1,0,1,1,1,0,1,0]', ''); 
INSERT INTO `c_layout` VALUES('3', 'X', '[1,0,1,0,1,0,1,0,1]', ''); 
INSERT INTO `c_layout` VALUES('7', 'V', '[0,1,0,1,0,1,1,0,1]', ''); 
INSERT INTO `c_layout` VALUES('8', 'Z', '[0,0,1,1,1,1,1,0,0]', ''); 
INSERT INTO `c_battle` VALUES('1', '1', '0', '1001', ''); 
INSERT INTO `c_battle` VALUES('2', '1', '1', '1001', ''); 
INSERT INTO `c_battle` VALUES('3', '1', '2', '1001', ''); 
INSERT INTO `c_battle` VALUES('4', '2', '3', '1001', ''); 
INSERT INTO `c_battle` VALUES('5', '1', '4', '1001', ''); 
INSERT INTO `c_battle` VALUES('6', '2', '5', '1001', ''); 
INSERT INTO `c_battle` VALUES('7', '2', '6', '1001', ''); 
INSERT INTO `c_battle` VALUES('8', '1', '7', '1001', ''); 
INSERT INTO `c_battle` VALUES('9', '1', '8', '1001', ''); 
INSERT INTO `c_battle` VALUES('10', '3', '0', '1002', ''); 
INSERT INTO `c_battle` VALUES('11', '1', '1', '1002', ''); 
INSERT INTO `c_battle` VALUES('12', '7', '2', '1002', ''); 
INSERT INTO `c_battle` VALUES('13', '2', '3', '1002', ''); 
INSERT INTO `c_battle` VALUES('14', '8', '4', '1002', ''); 
INSERT INTO `c_battle` VALUES('15', '8', '5', '1002', ''); 
INSERT INTO `c_battle` VALUES('16', '7', '6', '1002', ''); 
INSERT INTO `c_battle` VALUES('17', '3', '7', '1002', ''); 
INSERT INTO `c_battle` VALUES('18', '1', '8', '1002', ''); 
INSERT INTO `c_battle` VALUES('19', '2', '0', '1003', ''); 
INSERT INTO `c_battle` VALUES('20', '1', '1', '1003', ''); 
INSERT INTO `c_battle` VALUES('21', '8', '2', '1003', ''); 
INSERT INTO `c_battle` VALUES('22', '8', '3', '1003', ''); 
INSERT INTO `c_battle` VALUES('23', '2', '4', '1003', ''); 
INSERT INTO `c_battle` VALUES('24', '8', '5', '1003', ''); 
INSERT INTO `c_battle` VALUES('25', '8', '6', '1003', ''); 
INSERT INTO `c_battle` VALUES('26', '7', '7', '1003', ''); 
INSERT INTO `c_battle` VALUES('27', '1', '8', '1003', ''); 
INSERT INTO `c_battle` VALUES('28', '7', '9', '1003', ''); 
INSERT INTO `c_battle` VALUES('29', '8', '10', '1003', ''); 
INSERT INTO `c_battle` VALUES('30', '8', '11', '1003', ''); 
INSERT INTO `c_battle` VALUES('31', '1', '0', '1004', ''); 
INSERT INTO `c_battle` VALUES('32', '3', '1', '1004', ''); 
INSERT INTO `c_battle` VALUES('33', '8', '2', '1004', ''); 
INSERT INTO `c_battle` VALUES('34', '7', '3', '1004', ''); 
INSERT INTO `c_battle` VALUES('35', '2', '4', '1004', ''); 
INSERT INTO `c_battle` VALUES('36', '7', '5', '1004', ''); 
INSERT INTO `c_battle` VALUES('37', '1', '6', '1004', ''); 
INSERT INTO `c_battle` VALUES('38', '2', '7', '1004', ''); 
INSERT INTO `c_battle` VALUES('39', '2', '8', '1004', ''); 
INSERT INTO `c_battle` VALUES('40', '8', '9', '1004', ''); 
INSERT INTO `c_battle` VALUES('41', '1', '10', '1004', ''); 
INSERT INTO `c_battle` VALUES('42', '7', '0', '1005', ''); 
INSERT INTO `c_battle` VALUES('43', '8', '1', '1005', ''); 
INSERT INTO `c_battle` VALUES('44', '8', '2', '1005', ''); 
INSERT INTO `c_battle` VALUES('45', '8', '3', '1005', ''); 
INSERT INTO `c_battle` VALUES('46', '1', '4', '1005', ''); 
INSERT INTO `c_battle` VALUES('47', '8', '5', '1005', ''); 
INSERT INTO `c_battle` VALUES('48', '2', '6', '1005', ''); 
INSERT INTO `c_battle` VALUES('49', '8', '7', '1005', ''); 
INSERT INTO `c_battle` VALUES('50', '2', '8', '1005', ''); 
INSERT INTO `c_battle` VALUES('51', '8', '9', '1005', ''); 
INSERT INTO `c_battle` VALUES('52', '7', '10', '1005', ''); 
INSERT INTO `c_battle` VALUES('53', '3', '11', '1005', ''); 
INSERT INTO `c_battle` VALUES('54', '3', '0', '1006', ''); 
INSERT INTO `c_battle` VALUES('55', '7', '1', '1006', ''); 
INSERT INTO `c_battle` VALUES('56', '3', '2', '1006', ''); 
INSERT INTO `c_battle` VALUES('57', '7', '3', '1006', ''); 
INSERT INTO `c_battle` VALUES('58', '7', '4', '1006', ''); 
INSERT INTO `c_battle` VALUES('59', '3', '5', '1006', ''); 
INSERT INTO `c_battle` VALUES('60', '1', '6', '1006', ''); 
INSERT INTO `c_battle` VALUES('61', '1', '7', '1006', ''); 
INSERT INTO `c_battle` VALUES('62', '2', '8', '1006', ''); 
INSERT INTO `c_battle` VALUES('63', '1', '9', '1006', ''); 
INSERT INTO `c_battle` VALUES('64', '8', '10', '1006', ''); 
INSERT INTO `c_battle` VALUES('65', '3', '11', '1006', ''); 
INSERT INTO `c_battle` VALUES('66', '7', '12', '1006', ''); 
INSERT INTO `c_battle` VALUES('67', '8', '13', '1006', ''); 
INSERT INTO `c_battle` VALUES('68', '7', '14', '1006', ''); 
INSERT INTO `c_battle` VALUES('69', '3', '0', '1007', ''); 
INSERT INTO `c_battle` VALUES('70', '2', '1', '1007', ''); 
INSERT INTO `c_battle` VALUES('71', '3', '2', '1007', ''); 
INSERT INTO `c_battle` VALUES('72', '7', '3', '1007', ''); 
INSERT INTO `c_battle` VALUES('73', '7', '4', '1007', ''); 
INSERT INTO `c_battle` VALUES('74', '3', '5', '1007', ''); 
INSERT INTO `c_battle` VALUES('75', '3', '6', '1007', ''); 
INSERT INTO `c_battle` VALUES('76', '1', '7', '1007', ''); 
INSERT INTO `c_battle` VALUES('77', '3', '0', '1008', ''); 
INSERT INTO `c_battle` VALUES('78', '8', '1', '1008', ''); 
INSERT INTO `c_battle` VALUES('79', '3', '2', '1008', ''); 
INSERT INTO `c_battle` VALUES('80', '1', '3', '1008', ''); 
INSERT INTO `c_battle` VALUES('81', '7', '4', '1008', ''); 
INSERT INTO `c_battle` VALUES('82', '2', '5', '1008', ''); 
INSERT INTO `c_battle` VALUES('83', '1', '6', '1008', ''); 
INSERT INTO `c_battle` VALUES('84', '7', '7', '1008', ''); 
INSERT INTO `c_battle` VALUES('85', '7', '8', '1008', ''); 
INSERT INTO `c_battle` VALUES('86', '8', '9', '1008', ''); 
INSERT INTO `c_battle` VALUES('87', '7', '0', '2', ''); 
INSERT INTO `c_battle` VALUES('88', '7', '1', '2', ''); 
INSERT INTO `c_battle` VALUES('89', '7', '2', '2', ''); 
INSERT INTO `c_battle` VALUES('90', '7', '3', '2', ''); 
INSERT INTO `c_battle` VALUES('91', '1', '4', '2', ''); 
INSERT INTO `c_battle` VALUES('92', '1', '5', '2', ''); 
INSERT INTO `c_battle` VALUES('93', '7', '6', '2', ''); 
INSERT INTO `c_battle` VALUES('94', '7', '7', '2', ''); 
INSERT INTO `c_battle` VALUES('95', '1', '0', '1009', ''); 
INSERT INTO `c_battle` VALUES('96', '7', '1', '1009', ''); 
INSERT INTO `c_battle` VALUES('97', '7', '2', '1009', ''); 
INSERT INTO `c_battle` VALUES('98', '2', '3', '1009', ''); 
INSERT INTO `c_battle` VALUES('99', '1', '4', '1009', ''); 
INSERT INTO `c_battle` VALUES('100', '2', '5', '1009', ''); 
INSERT INTO `c_battle` VALUES('101', '2', '6', '1009', ''); 
INSERT INTO `c_battle` VALUES('102', '8', '7', '1009', ''); 
INSERT INTO `c_battle` VALUES('103', '1', '8', '1009', ''); 
INSERT INTO `c_battle` VALUES('104', '8', '9', '1009', ''); 
INSERT INTO `c_battle` VALUES('105', '1', '10', '1009', ''); 
INSERT INTO `c_battle` VALUES('106', '3', '11', '1009', ''); 
INSERT INTO `c_battle` VALUES('107', '1', '0', '1010', ''); 
INSERT INTO `c_battle` VALUES('108', '1', '1', '1010', ''); 
INSERT INTO `c_battle` VALUES('109', '1', '2', '1010', ''); 
INSERT INTO `c_battle` VALUES('110', '7', '3', '1010', ''); 
INSERT INTO `c_battle` VALUES('111', '2', '4', '1010', ''); 
INSERT INTO `c_battle` VALUES('112', '3', '5', '1010', ''); 
INSERT INTO `c_battle` VALUES('113', '2', '6', '1010', ''); 
INSERT INTO `c_battle` VALUES('114', '8', '7', '1010', ''); 
INSERT INTO `c_battle` VALUES('115', '7', '8', '1010', ''); 
INSERT INTO `c_battle` VALUES('116', '7', '9', '1010', ''); 
INSERT INTO `c_battle` VALUES('117', '7', '10', '1010', ''); 
INSERT INTO `c_battle` VALUES('118', '7', '11', '1010', ''); 
INSERT INTO `c_battle` VALUES('119', '7', '12', '1010', ''); 
INSERT INTO `c_battle` VALUES('120', '2', '13', '1010', ''); 
INSERT INTO `c_battle` VALUES('121', '8', '0', '1011', ''); 
INSERT INTO `c_battle` VALUES('122', '8', '1', '1011', ''); 
INSERT INTO `c_battle` VALUES('123', '7', '2', '1011', ''); 
INSERT INTO `c_battle` VALUES('124', '8', '3', '1011', ''); 
INSERT INTO `c_battle` VALUES('125', '1', '4', '1011', ''); 
INSERT INTO `c_battle` VALUES('126', '2', '5', '1011', ''); 
INSERT INTO `c_battle` VALUES('127', '1', '6', '1011', ''); 
INSERT INTO `c_battle` VALUES('128', '2', '7', '1011', ''); 
INSERT INTO `c_battle` VALUES('129', '1', '8', '1011', ''); 
INSERT INTO `c_battle` VALUES('130', '7', '9', '1011', ''); 
INSERT INTO `c_battle` VALUES('131', '7', '0', '1012', ''); 
INSERT INTO `c_battle` VALUES('132', '1', '1', '1012', ''); 
INSERT INTO `c_battle` VALUES('133', '8', '2', '1012', ''); 
INSERT INTO `c_battle` VALUES('134', '8', '3', '1012', ''); 
INSERT INTO `c_battle` VALUES('135', '7', '4', '1012', ''); 
INSERT INTO `c_battle` VALUES('136', '3', '5', '1012', ''); 
INSERT INTO `c_battle` VALUES('137', '3', '6', '1012', ''); 
INSERT INTO `c_battle` VALUES('138', '1', '7', '1012', ''); 
INSERT INTO `c_battle` VALUES('139', '2', '0', '1013', ''); 
INSERT INTO `c_battle` VALUES('140', '7', '1', '1013', ''); 
INSERT INTO `c_battle` VALUES('141', '7', '2', '1013', ''); 
INSERT INTO `c_battle` VALUES('142', '3', '3', '1013', ''); 
INSERT INTO `c_battle` VALUES('143', '1', '4', '1013', ''); 
INSERT INTO `c_battle` VALUES('144', '1', '5', '1013', ''); 
INSERT INTO `c_battle` VALUES('145', '1', '6', '1013', ''); 
INSERT INTO `c_battle` VALUES('146', '8', '7', '1013', ''); 
INSERT INTO `c_battle` VALUES('147', '7', '8', '1013', ''); 
INSERT INTO `c_battle` VALUES('148', '8', '9', '1013', ''); 
INSERT INTO `c_battle` VALUES('149', '8', '10', '1013', ''); 
INSERT INTO `c_battle` VALUES('150', '8', '11', '1013', ''); 
INSERT INTO `c_battle` VALUES('151', '2', '12', '1013', ''); 
INSERT INTO `c_battle` VALUES('152', '8', '13', '1013', ''); 
INSERT INTO `c_battle` VALUES('153', '2', '14', '1013', ''); 
INSERT INTO `c_battle` VALUES('154', '7', '15', '1013', ''); 
INSERT INTO `c_battle` VALUES('155', '8', '0', '1014', ''); 
INSERT INTO `c_battle` VALUES('156', '1', '1', '1014', ''); 
INSERT INTO `c_battle` VALUES('157', '1', '2', '1014', ''); 
INSERT INTO `c_battle` VALUES('158', '2', '3', '1014', ''); 
INSERT INTO `c_battle` VALUES('159', '1', '4', '1014', ''); 
INSERT INTO `c_battle` VALUES('160', '3', '5', '1014', ''); 
INSERT INTO `c_battle` VALUES('161', '8', '6', '1014', ''); 
INSERT INTO `c_battle` VALUES('162', '7', '7', '1014', ''); 
INSERT INTO `c_battle` VALUES('163', '1', '8', '1014', ''); 
INSERT INTO `c_battle` VALUES('164', '1', '9', '1014', ''); 
INSERT INTO `c_battle` VALUES('165', '8', '0', '1015', ''); 
INSERT INTO `c_battle` VALUES('166', '3', '1', '1015', ''); 
INSERT INTO `c_battle` VALUES('167', '2', '2', '1015', ''); 
INSERT INTO `c_battle` VALUES('168', '2', '3', '1015', ''); 
INSERT INTO `c_battle` VALUES('169', '3', '4', '1015', ''); 
INSERT INTO `c_battle` VALUES('170', '3', '5', '1015', ''); 
INSERT INTO `c_battle` VALUES('171', '1', '6', '1015', ''); 
INSERT INTO `c_battle` VALUES('172', '7', '7', '1015', ''); 
INSERT INTO `c_battle` VALUES('173', '7', '8', '1015', ''); 
INSERT INTO `c_battle` VALUES('174', '8', '9', '1015', ''); 
INSERT INTO `c_battle` VALUES('175', '2', '10', '1015', ''); 
INSERT INTO `c_battle` VALUES('176', '3', '11', '1015', ''); 
INSERT INTO `c_battle` VALUES('177', '7', '12', '1015', ''); 
INSERT INTO `c_battle` VALUES('178', '1', '13', '1015', ''); 
INSERT INTO `c_battle` VALUES('179', '1', '14', '1015', ''); 
INSERT INTO `c_battle` VALUES('180', '8', '15', '1015', ''); 
INSERT INTO `c_battle` VALUES('181', '3', '16', '1015', ''); 
INSERT INTO `c_battle` VALUES('182', '3', '17', '1015', ''); 
INSERT INTO `c_battle` VALUES('183', '3', '0', '1016', ''); 
INSERT INTO `c_battle` VALUES('184', '8', '1', '1016', ''); 
INSERT INTO `c_battle` VALUES('185', '7', '2', '1016', ''); 
INSERT INTO `c_battle` VALUES('186', '8', '3', '1016', ''); 
INSERT INTO `c_battle` VALUES('187', '1', '4', '1016', ''); 
INSERT INTO `c_battle` VALUES('188', '7', '5', '1016', ''); 
INSERT INTO `c_battle` VALUES('189', '1', '6', '1016', ''); 
INSERT INTO `c_battle` VALUES('190', '8', '7', '1016', ''); 
INSERT INTO `c_battle` VALUES('191', '1', '8', '1016', ''); 
INSERT INTO `c_battle` VALUES('192', '2', '9', '1016', ''); 
INSERT INTO `c_battle` VALUES('193', '8', '10', '1016', ''); 
INSERT INTO `c_battle` VALUES('194', '1', '11', '1016', ''); 
INSERT INTO `c_battle` VALUES('195', '2', '12', '1016', ''); 
INSERT INTO `c_battle` VALUES('196', '7', '13', '1016', ''); 
INSERT INTO `c_battle` VALUES('197', '8', '0', '3', ''); 
INSERT INTO `c_battle` VALUES('198', '1', '1', '3', ''); 
INSERT INTO `c_battle` VALUES('199', '1', '2', '3', ''); 
INSERT INTO `c_battle` VALUES('200', '2', '3', '3', ''); 
INSERT INTO `c_battle` VALUES('201', '8', '4', '3', ''); 
INSERT INTO `c_battle` VALUES('202', '7', '5', '3', ''); 
INSERT INTO `c_battle` VALUES('203', '7', '6', '3', ''); 
INSERT INTO `c_battle` VALUES('204', '3', '7', '3', ''); 
INSERT INTO `c_battle` VALUES('205', '1', '8', '3', ''); 
INSERT INTO `c_battle` VALUES('206', '7', '9', '3', ''); 
INSERT INTO `c_battle` VALUES('207', '8', '10', '3', ''); 
INSERT INTO `c_battle` VALUES('208', '8', '11', '3', ''); 
INSERT INTO `c_battle` VALUES('209', '8', '12', '3', ''); 
INSERT INTO `c_battle` VALUES('210', '1', '13', '3', ''); 
INSERT INTO `c_battle` VALUES('211', '1', '14', '3', ''); 
INSERT INTO `c_battle` VALUES('212', '2', '15', '3', ''); 
INSERT INTO `c_battle` VALUES('213', '1', '16', '3', ''); 
INSERT INTO `c_battle` VALUES('214', '8', '17', '3', ''); 
INSERT INTO `c_battle_soldier` VALUES('1', '1', '1', '15028', '1', ''); 
INSERT INTO `c_battle_soldier` VALUES('2', '2', '1', '15015', '1', ''); 
INSERT INTO `c_battle_soldier` VALUES('3', '3', '1', '15036', '1', ''); 
INSERT INTO `c_battle_soldier` VALUES('4', '4', '1', '15007', '1', ''); 
INSERT INTO `c_battle_soldier` VALUES('5', '4', '3', '15013', '1', ''); 
INSERT INTO `c_battle_soldier` VALUES('6', '5', '0', '15023', '1', ''); 
INSERT INTO `c_battle_soldier` VALUES('7', '5', '2', '15002', '1', ''); 
INSERT INTO `c_battle_soldier` VALUES('8', '6', '1', '15004', '1', ''); 
INSERT INTO `c_battle_soldier` VALUES('9', '6', '3', '15033', '1', ''); 
INSERT INTO `c_battle_soldier` VALUES('10', '6', '5', '15025', '1', ''); 
INSERT INTO `c_battle_soldier` VALUES('11', '7', '1', '15001', '1', ''); 
INSERT INTO `c_battle_soldier` VALUES('12', '7', '3', '15035', '1', ''); 
INSERT INTO `c_battle_soldier` VALUES('13', '7', '4', '15027', '1', ''); 
INSERT INTO `c_battle_soldier` VALUES('14', '8', '0', '15009', '1', ''); 
INSERT INTO `c_battle_soldier` VALUES('15', '8', '1', '15028', '1', ''); 
INSERT INTO `c_battle_soldier` VALUES('16', '8', '2', '15017', '1', ''); 
INSERT INTO `c_battle_soldier` VALUES('17', '8', '4', '15001', '1', ''); 
INSERT INTO `c_battle_soldier` VALUES('18', '9', '0', '15010', '1', ''); 
INSERT INTO `c_battle_soldier` VALUES('19', '9', '1', '15031', '1', ''); 
INSERT INTO `c_battle_soldier` VALUES('20', '9', '2', '15024', '1', ''); 
INSERT INTO `c_battle_soldier` VALUES('21', '9', '4', '15008', '1', ''); 
INSERT INTO `c_battle_soldier` VALUES('22', '10', '0', '15036', '1', ''); 
INSERT INTO `c_battle_soldier` VALUES('23', '10', '2', '15029', '1', ''); 
INSERT INTO `c_battle_soldier` VALUES('24', '10', '4', '15010', '1', ''); 
INSERT INTO `c_battle_soldier` VALUES('25', '10', '6', '15002', '1', ''); 
INSERT INTO `c_battle_soldier` VALUES('26', '10', '8', '15016', '1', ''); 
INSERT INTO `c_battle_soldier` VALUES('27', '11', '0', '15025', '1', ''); 
INSERT INTO `c_battle_soldier` VALUES('28', '11', '1', '15018', '1', ''); 
INSERT INTO `c_battle_soldier` VALUES('29', '11', '2', '15007', '1', ''); 
INSERT INTO `c_battle_soldier` VALUES('30', '11', '4', '15007', '1', ''); 
INSERT INTO `c_battle_soldier` VALUES('31', '11', '7', '15019', '1', ''); 
INSERT INTO `c_battle_soldier` VALUES('32', '12', '1', '15035', '1', ''); 
INSERT INTO `c_battle_soldier` VALUES('33', '12', '3', '15030', '1', ''); 
INSERT INTO `c_battle_soldier` VALUES('34', '12', '5', '15035', '1', ''); 
INSERT INTO `c_battle_soldier` VALUES('35', '12', '6', '15035', '1', ''); 
INSERT INTO `c_battle_soldier` VALUES('36', '12', '8', '15019', '1', ''); 
INSERT INTO `c_battle_soldier` VALUES('37', '13', '1', '15002', '1', ''); 
INSERT INTO `c_battle_soldier` VALUES('38', '13', '3', '15010', '1', ''); 
INSERT INTO `c_battle_soldier` VALUES('39', '13', '4', '15012', '1', ''); 
INSERT INTO `c_battle_soldier` VALUES('40', '13', '5', '15018', '1', ''); 
INSERT INTO `c_battle_soldier` VALUES('41', '13', '7', '15022', '1', ''); 
INSERT INTO `c_battle_soldier` VALUES('42', '14', '2', '15017', '1', ''); 
INSERT INTO `c_battle_soldier` VALUES('43', '14', '3', '15010', '1', ''); 
INSERT INTO `c_battle_soldier` VALUES('44', '14', '4', '15001', '1', ''); 
INSERT INTO `c_battle_soldier` VALUES('45', '14', '5', '15021', '1', ''); 
INSERT INTO `c_battle_soldier` VALUES('46', '14', '6', '15010', '1', ''); 
INSERT INTO `c_battle_soldier` VALUES('47', '15', '2', '15028', '1', ''); 
INSERT INTO `c_battle_soldier` VALUES('48', '15', '3', '15003', '1', ''); 
INSERT INTO `c_battle_soldier` VALUES('49', '15', '4', '15036', '1', ''); 
INSERT INTO `c_battle_soldier` VALUES('50', '15', '5', '15018', '1', ''); 
INSERT INTO `c_battle_soldier` VALUES('51', '15', '6', '15005', '2', ''); 
INSERT INTO `c_battle_soldier` VALUES('52', '16', '1', '15019', '1', ''); 
INSERT INTO `c_battle_soldier` VALUES('53', '16', '3', '15034', '1', ''); 
INSERT INTO `c_battle_soldier` VALUES('54', '16', '5', '15032', '1', ''); 
INSERT INTO `c_battle_soldier` VALUES('55', '16', '6', '15006', '1', ''); 
INSERT INTO `c_battle_soldier` VALUES('56', '16', '8', '15024', '2', ''); 
INSERT INTO `c_battle_soldier` VALUES('57', '17', '0', '15028', '1', ''); 
INSERT INTO `c_battle_soldier` VALUES('58', '17', '2', '15033', '1', ''); 
INSERT INTO `c_battle_soldier` VALUES('59', '17', '4', '15010', '1', ''); 
INSERT INTO `c_battle_soldier` VALUES('60', '17', '6', '15015', '1', ''); 
INSERT INTO `c_battle_soldier` VALUES('61', '17', '8', '15002', '2', ''); 
INSERT INTO `c_battle_soldier` VALUES('62', '18', '0', '15013', '1', ''); 
INSERT INTO `c_battle_soldier` VALUES('63', '18', '1', '15020', '1', ''); 
INSERT INTO `c_battle_soldier` VALUES('64', '18', '2', '15005', '1', ''); 
INSERT INTO `c_battle_soldier` VALUES('65', '18', '4', '15029', '1', ''); 
INSERT INTO `c_battle_soldier` VALUES('66', '18', '7', '15025', '2', ''); 
INSERT INTO `c_battle_soldier` VALUES('67', '19', '1', '15011', '1', ''); 
INSERT INTO `c_battle_soldier` VALUES('68', '19', '3', '15017', '1', ''); 
INSERT INTO `c_battle_soldier` VALUES('69', '19', '4', '15028', '1', ''); 
INSERT INTO `c_battle_soldier` VALUES('70', '19', '5', '15028', '2', ''); 
INSERT INTO `c_battle_soldier` VALUES('71', '19', '7', '15027', '2', ''); 
INSERT INTO `c_battle_soldier` VALUES('72', '20', '0', '15003', '1', ''); 
INSERT INTO `c_battle_soldier` VALUES('73', '20', '1', '15003', '1', ''); 
INSERT INTO `c_battle_soldier` VALUES('74', '20', '2', '15035', '1', ''); 
INSERT INTO `c_battle_soldier` VALUES('75', '20', '4', '15017', '2', ''); 
INSERT INTO `c_battle_soldier` VALUES('76', '20', '7', '15031', '2', ''); 
INSERT INTO `c_battle_soldier` VALUES('77', '21', '2', '15024', '1', ''); 
INSERT INTO `c_battle_soldier` VALUES('78', '21', '3', '15002', '1', ''); 
INSERT INTO `c_battle_soldier` VALUES('79', '21', '4', '15006', '1', ''); 
INSERT INTO `c_battle_soldier` VALUES('80', '21', '5', '15025', '2', ''); 
INSERT INTO `c_battle_soldier` VALUES('81', '21', '6', '15001', '2', ''); 
INSERT INTO `c_battle_soldier` VALUES('82', '22', '2', '15019', '1', ''); 
INSERT INTO `c_battle_soldier` VALUES('83', '22', '3', '15029', '1', ''); 
INSERT INTO `c_battle_soldier` VALUES('84', '22', '4', '15021', '1', ''); 
INSERT INTO `c_battle_soldier` VALUES('85', '22', '5', '15036', '2', ''); 
INSERT INTO `c_battle_soldier` VALUES('86', '22', '6', '15032', '2', ''); 
INSERT INTO `c_battle_soldier` VALUES('87', '23', '1', '15003', '1', ''); 
INSERT INTO `c_battle_soldier` VALUES('88', '23', '3', '15020', '1', ''); 
INSERT INTO `c_battle_soldier` VALUES('89', '23', '4', '15033', '2', ''); 
INSERT INTO `c_battle_soldier` VALUES('90', '23', '5', '15035', '2', ''); 
INSERT INTO `c_battle_soldier` VALUES('91', '23', '7', '15019', '2', ''); 
INSERT INTO `c_battle_soldier` VALUES('92', '24', '2', '15024', '1', ''); 
INSERT INTO `c_battle_soldier` VALUES('93', '24', '3', '15030', '1', ''); 
INSERT INTO `c_battle_soldier` VALUES('94', '24', '4', '15008', '2', ''); 
INSERT INTO `c_battle_soldier` VALUES('95', '24', '5', '15002', '2', ''); 
INSERT INTO `c_battle_soldier` VALUES('96', '24', '6', '15001', '2', ''); 
INSERT INTO `c_battle_soldier` VALUES('97', '25', '2', '15012', '1', ''); 
INSERT INTO `c_battle_soldier` VALUES('98', '25', '3', '15031', '1', ''); 
INSERT INTO `c_battle_soldier` VALUES('99', '25', '4', '15019', '2', ''); 
INSERT INTO `c_battle_soldier` VALUES('100', '25', '5', '15002', '2', ''); 
INSERT INTO `c_battle_soldier` VALUES('101', '25', '6', '15029', '2', ''); 
INSERT INTO `c_battle_soldier` VALUES('102', '26', '1', '15034', '1', ''); 
INSERT INTO `c_battle_soldier` VALUES('103', '26', '3', '15005', '1', ''); 
INSERT INTO `c_battle_soldier` VALUES('104', '26', '5', '15016', '2', ''); 
INSERT INTO `c_battle_soldier` VALUES('105', '26', '6', '15036', '2', ''); 
INSERT INTO `c_battle_soldier` VALUES('106', '26', '8', '15015', '2', ''); 
INSERT INTO `c_battle_soldier` VALUES('107', '27', '0', '15034', '1', ''); 
INSERT INTO `c_battle_soldier` VALUES('108', '27', '1', '15020', '2', ''); 
INSERT INTO `c_battle_soldier` VALUES('109', '27', '2', '15036', '2', ''); 
INSERT INTO `c_battle_soldier` VALUES('110', '27', '4', '15002', '2', ''); 
INSERT INTO `c_battle_soldier` VALUES('111', '27', '7', '15013', '2', ''); 
INSERT INTO `c_battle_soldier` VALUES('112', '28', '1', '15014', '1', ''); 
INSERT INTO `c_battle_soldier` VALUES('113', '28', '3', '15010', '2', ''); 
INSERT INTO `c_battle_soldier` VALUES('114', '28', '5', '15003', '2', ''); 
INSERT INTO `c_battle_soldier` VALUES('115', '28', '6', '15029', '2', ''); 
INSERT INTO `c_battle_soldier` VALUES('116', '28', '8', '15014', '2', ''); 
INSERT INTO `c_battle_soldier` VALUES('117', '29', '2', '15010', '1', ''); 
INSERT INTO `c_battle_soldier` VALUES('118', '29', '3', '15012', '2', ''); 
INSERT INTO `c_battle_soldier` VALUES('119', '29', '4', '15025', '2', ''); 
INSERT INTO `c_battle_soldier` VALUES('120', '29', '5', '15023', '2', ''); 
INSERT INTO `c_battle_soldier` VALUES('121', '29', '6', '15030', '2', ''); 
INSERT INTO `c_battle_soldier` VALUES('122', '30', '2', '15018', '1', ''); 
INSERT INTO `c_battle_soldier` VALUES('123', '30', '3', '15016', '2', ''); 
INSERT INTO `c_battle_soldier` VALUES('124', '30', '4', '15010', '2', ''); 
INSERT INTO `c_battle_soldier` VALUES('125', '30', '5', '15001', '2', ''); 
INSERT INTO `c_battle_soldier` VALUES('126', '30', '6', '15032', '2', ''); 
INSERT INTO `c_battle_soldier` VALUES('127', '31', '0', '15005', '2', ''); 
INSERT INTO `c_battle_soldier` VALUES('128', '31', '1', '15018', '2', ''); 
INSERT INTO `c_battle_soldier` VALUES('129', '31', '2', '15008', '2', ''); 
INSERT INTO `c_battle_soldier` VALUES('130', '31', '4', '15007', '2', ''); 
INSERT INTO `c_battle_soldier` VALUES('131', '31', '7', '15014', '3', ''); 
INSERT INTO `c_battle_soldier` VALUES('132', '32', '0', '15017', '2', ''); 
INSERT INTO `c_battle_soldier` VALUES('133', '32', '2', '15014', '2', ''); 
INSERT INTO `c_battle_soldier` VALUES('134', '32', '4', '15025', '2', ''); 
INSERT INTO `c_battle_soldier` VALUES('135', '32', '6', '15034', '2', ''); 
INSERT INTO `c_battle_soldier` VALUES('136', '32', '8', '15020', '3', ''); 
INSERT INTO `c_battle_soldier` VALUES('137', '33', '2', '15028', '2', ''); 
INSERT INTO `c_battle_soldier` VALUES('138', '33', '3', '15035', '2', ''); 
INSERT INTO `c_battle_soldier` VALUES('139', '33', '4', '15002', '2', ''); 
INSERT INTO `c_battle_soldier` VALUES('140', '33', '5', '15017', '2', ''); 
INSERT INTO `c_battle_soldier` VALUES('141', '33', '6', '15009', '3', ''); 
INSERT INTO `c_battle_soldier` VALUES('142', '34', '1', '15017', '2', ''); 
INSERT INTO `c_battle_soldier` VALUES('143', '34', '3', '15008', '2', ''); 
INSERT INTO `c_battle_soldier` VALUES('144', '34', '5', '15030', '2', ''); 
INSERT INTO `c_battle_soldier` VALUES('145', '34', '6', '15030', '2', ''); 
INSERT INTO `c_battle_soldier` VALUES('146', '34', '8', '15020', '3', ''); 
INSERT INTO `c_battle_soldier` VALUES('147', '35', '1', '15019', '2', ''); 
INSERT INTO `c_battle_soldier` VALUES('148', '35', '3', '15001', '2', ''); 
INSERT INTO `c_battle_soldier` VALUES('149', '35', '4', '15006', '2', ''); 
INSERT INTO `c_battle_soldier` VALUES('150', '35', '5', '15022', '2', ''); 
INSERT INTO `c_battle_soldier` VALUES('151', '35', '7', '15012', '4', ''); 
INSERT INTO `c_battle_soldier` VALUES('152', '36', '1', '15027', '2', ''); 
INSERT INTO `c_battle_soldier` VALUES('153', '36', '3', '15012', '2', ''); 
INSERT INTO `c_battle_soldier` VALUES('154', '36', '5', '15012', '2', ''); 
INSERT INTO `c_battle_soldier` VALUES('155', '36', '6', '15004', '2', ''); 
INSERT INTO `c_battle_soldier` VALUES('156', '36', '8', '15033', '4', ''); 
INSERT INTO `c_battle_soldier` VALUES('157', '37', '0', '15010', '2', ''); 
INSERT INTO `c_battle_soldier` VALUES('158', '37', '1', '15016', '2', ''); 
INSERT INTO `c_battle_soldier` VALUES('159', '37', '2', '15013', '2', ''); 
INSERT INTO `c_battle_soldier` VALUES('160', '37', '4', '15031', '2', ''); 
INSERT INTO `c_battle_soldier` VALUES('161', '37', '7', '15034', '4', ''); 
INSERT INTO `c_battle_soldier` VALUES('162', '38', '1', '15023', '2', ''); 
INSERT INTO `c_battle_soldier` VALUES('163', '38', '3', '15027', '2', ''); 
INSERT INTO `c_battle_soldier` VALUES('164', '38', '4', '15028', '2', ''); 
INSERT INTO `c_battle_soldier` VALUES('165', '38', '5', '15005', '2', ''); 
INSERT INTO `c_battle_soldier` VALUES('166', '38', '7', '15022', '4', ''); 
INSERT INTO `c_battle_soldier` VALUES('167', '39', '1', '15003', '2', ''); 
INSERT INTO `c_battle_soldier` VALUES('168', '39', '3', '15013', '2', ''); 
INSERT INTO `c_battle_soldier` VALUES('169', '39', '4', '15019', '2', ''); 
INSERT INTO `c_battle_soldier` VALUES('170', '39', '5', '15006', '3', ''); 
INSERT INTO `c_battle_soldier` VALUES('171', '39', '7', '15036', '4', ''); 
INSERT INTO `c_battle_soldier` VALUES('172', '40', '2', '15019', '2', ''); 
INSERT INTO `c_battle_soldier` VALUES('173', '40', '3', '15010', '2', ''); 
INSERT INTO `c_battle_soldier` VALUES('174', '40', '4', '15034', '2', ''); 
INSERT INTO `c_battle_soldier` VALUES('175', '40', '5', '15021', '3', ''); 
INSERT INTO `c_battle_soldier` VALUES('176', '40', '6', '15029', '4', ''); 
INSERT INTO `c_battle_soldier` VALUES('177', '41', '0', '15021', '2', ''); 
INSERT INTO `c_battle_soldier` VALUES('178', '41', '1', '15026', '2', ''); 
INSERT INTO `c_battle_soldier` VALUES('179', '41', '2', '15031', '2', ''); 
INSERT INTO `c_battle_soldier` VALUES('180', '41', '4', '15019', '3', ''); 
INSERT INTO `c_battle_soldier` VALUES('181', '41', '7', '15031', '4', ''); 
INSERT INTO `c_battle_soldier` VALUES('182', '42', '1', '15003', '2', ''); 
INSERT INTO `c_battle_soldier` VALUES('183', '42', '3', '15004', '2', ''); 
INSERT INTO `c_battle_soldier` VALUES('184', '42', '5', '15012', '3', ''); 
INSERT INTO `c_battle_soldier` VALUES('185', '42', '6', '15009', '3', ''); 
INSERT INTO `c_battle_soldier` VALUES('186', '42', '8', '15026', '4', ''); 
INSERT INTO `c_battle_soldier` VALUES('187', '43', '2', '15032', '2', ''); 
INSERT INTO `c_battle_soldier` VALUES('188', '43', '3', '15011', '2', ''); 
INSERT INTO `c_battle_soldier` VALUES('189', '43', '4', '15027', '3', ''); 
INSERT INTO `c_battle_soldier` VALUES('190', '43', '5', '15013', '3', ''); 
INSERT INTO `c_battle_soldier` VALUES('191', '43', '6', '15009', '4', ''); 
INSERT INTO `c_battle_soldier` VALUES('192', '44', '2', '15028', '2', ''); 
INSERT INTO `c_battle_soldier` VALUES('193', '44', '3', '15001', '2', ''); 
INSERT INTO `c_battle_soldier` VALUES('194', '44', '4', '15031', '3', ''); 
INSERT INTO `c_battle_soldier` VALUES('195', '44', '5', '15021', '3', ''); 
INSERT INTO `c_battle_soldier` VALUES('196', '44', '6', '15005', '4', ''); 
INSERT INTO `c_battle_soldier` VALUES('197', '45', '2', '15032', '2', ''); 
INSERT INTO `c_battle_soldier` VALUES('198', '45', '3', '15019', '3', ''); 
INSERT INTO `c_battle_soldier` VALUES('199', '45', '4', '15004', '3', ''); 
INSERT INTO `c_battle_soldier` VALUES('200', '45', '5', '15007', '3', ''); 
INSERT INTO `c_battle_soldier` VALUES('201', '45', '6', '15018', '4', ''); 
INSERT INTO `c_battle_soldier` VALUES('202', '46', '0', '15022', '2', ''); 
INSERT INTO `c_battle_soldier` VALUES('203', '46', '1', '15035', '3', ''); 
INSERT INTO `c_battle_soldier` VALUES('204', '46', '2', '15017', '3', ''); 
INSERT INTO `c_battle_soldier` VALUES('205', '46', '4', '15028', '3', ''); 
INSERT INTO `c_battle_soldier` VALUES('206', '46', '7', '15034', '4', ''); 
INSERT INTO `c_battle_soldier` VALUES('207', '47', '2', '15036', '2', ''); 
INSERT INTO `c_battle_soldier` VALUES('208', '47', '3', '15021', '3', ''); 
INSERT INTO `c_battle_soldier` VALUES('209', '47', '4', '15029', '3', ''); 
INSERT INTO `c_battle_soldier` VALUES('210', '47', '5', '15026', '3', ''); 
INSERT INTO `c_battle_soldier` VALUES('211', '47', '6', '15018', '4', ''); 
INSERT INTO `c_battle_soldier` VALUES('212', '48', '1', '15029', '3', ''); 
INSERT INTO `c_battle_soldier` VALUES('213', '48', '3', '15008', '3', ''); 
INSERT INTO `c_battle_soldier` VALUES('214', '48', '4', '15001', '3', ''); 
INSERT INTO `c_battle_soldier` VALUES('215', '48', '5', '15016', '3', ''); 
INSERT INTO `c_battle_soldier` VALUES('216', '48', '7', '15027', '4', ''); 
INSERT INTO `c_battle_soldier` VALUES('217', '49', '2', '15007', '3', ''); 
INSERT INTO `c_battle_soldier` VALUES('218', '49', '3', '15024', '3', ''); 
INSERT INTO `c_battle_soldier` VALUES('219', '49', '4', '15007', '3', ''); 
INSERT INTO `c_battle_soldier` VALUES('220', '49', '5', '15023', '3', ''); 
INSERT INTO `c_battle_soldier` VALUES('221', '49', '6', '15020', '4', ''); 
INSERT INTO `c_battle_soldier` VALUES('222', '50', '1', '15004', '3', ''); 
INSERT INTO `c_battle_soldier` VALUES('223', '50', '3', '15004', '3', ''); 
INSERT INTO `c_battle_soldier` VALUES('224', '50', '4', '15022', '3', ''); 
INSERT INTO `c_battle_soldier` VALUES('225', '50', '5', '15019', '3', ''); 
INSERT INTO `c_battle_soldier` VALUES('226', '50', '7', '15014', '4', ''); 
INSERT INTO `c_battle_soldier` VALUES('227', '51', '2', '15008', '3', ''); 
INSERT INTO `c_battle_soldier` VALUES('228', '51', '3', '15001', '3', ''); 
INSERT INTO `c_battle_soldier` VALUES('229', '51', '4', '15015', '3', ''); 
INSERT INTO `c_battle_soldier` VALUES('230', '51', '5', '15027', '4', ''); 
INSERT INTO `c_battle_soldier` VALUES('231', '51', '6', '15026', '4', ''); 
INSERT INTO `c_battle_soldier` VALUES('232', '52', '1', '15028', '3', ''); 
INSERT INTO `c_battle_soldier` VALUES('233', '52', '3', '15004', '3', ''); 
INSERT INTO `c_battle_soldier` VALUES('234', '52', '5', '15006', '3', ''); 
INSERT INTO `c_battle_soldier` VALUES('235', '52', '6', '15015', '4', ''); 
INSERT INTO `c_battle_soldier` VALUES('236', '52', '8', '15031', '4', ''); 
INSERT INTO `c_battle_soldier` VALUES('237', '53', '0', '15013', '3', ''); 
INSERT INTO `c_battle_soldier` VALUES('238', '53', '2', '15034', '3', ''); 
INSERT INTO `c_battle_soldier` VALUES('239', '53', '4', '15005', '3', ''); 
INSERT INTO `c_battle_soldier` VALUES('240', '53', '6', '15001', '4', ''); 
INSERT INTO `c_battle_soldier` VALUES('241', '53', '8', '15034', '4', ''); 
INSERT INTO `c_battle_soldier` VALUES('242', '54', '0', '15023', '3', ''); 
INSERT INTO `c_battle_soldier` VALUES('243', '54', '2', '15033', '3', ''); 
INSERT INTO `c_battle_soldier` VALUES('244', '54', '4', '15010', '4', ''); 
INSERT INTO `c_battle_soldier` VALUES('245', '54', '6', '15016', '4', ''); 
INSERT INTO `c_battle_soldier` VALUES('246', '54', '8', '15031', '4', ''); 
INSERT INTO `c_battle_soldier` VALUES('247', '55', '1', '15019', '3', ''); 
INSERT INTO `c_battle_soldier` VALUES('248', '55', '3', '15029', '3', ''); 
INSERT INTO `c_battle_soldier` VALUES('249', '55', '5', '15029', '4', ''); 
INSERT INTO `c_battle_soldier` VALUES('250', '55', '6', '15032', '4', ''); 
INSERT INTO `c_battle_soldier` VALUES('251', '55', '8', '15003', '4', ''); 
INSERT INTO `c_battle_soldier` VALUES('252', '56', '0', '15025', '3', ''); 
INSERT INTO `c_battle_soldier` VALUES('253', '56', '2', '15013', '3', ''); 
INSERT INTO `c_battle_soldier` VALUES('254', '56', '4', '15003', '4', ''); 
INSERT INTO `c_battle_soldier` VALUES('255', '56', '6', '15019', '4', ''); 
INSERT INTO `c_battle_soldier` VALUES('256', '56', '8', '15020', '4', ''); 
INSERT INTO `c_battle_soldier` VALUES('257', '57', '1', '15024', '3', ''); 
INSERT INTO `c_battle_soldier` VALUES('258', '57', '3', '15011', '4', ''); 
INSERT INTO `c_battle_soldier` VALUES('259', '57', '5', '15016', '4', ''); 
INSERT INTO `c_battle_soldier` VALUES('260', '57', '6', '15013', '4', ''); 
INSERT INTO `c_battle_soldier` VALUES('261', '57', '8', '15031', '4', ''); 
INSERT INTO `c_battle_soldier` VALUES('262', '58', '1', '15031', '3', ''); 
INSERT INTO `c_battle_soldier` VALUES('263', '58', '3', '15021', '4', ''); 
INSERT INTO `c_battle_soldier` VALUES('264', '58', '5', '15030', '4', ''); 
INSERT INTO `c_battle_soldier` VALUES('265', '58', '6', '15029', '4', ''); 
INSERT INTO `c_battle_soldier` VALUES('266', '58', '8', '15010', '4', ''); 
INSERT INTO `c_battle_soldier` VALUES('267', '59', '0', '15021', '3', ''); 
INSERT INTO `c_battle_soldier` VALUES('268', '59', '2', '15017', '4', ''); 
INSERT INTO `c_battle_soldier` VALUES('269', '59', '4', '15028', '4', ''); 
INSERT INTO `c_battle_soldier` VALUES('270', '59', '6', '15020', '4', ''); 
INSERT INTO `c_battle_soldier` VALUES('271', '59', '8', '15025', '4', ''); 
INSERT INTO `c_battle_soldier` VALUES('272', '60', '0', '15018', '4', ''); 
INSERT INTO `c_battle_soldier` VALUES('273', '60', '1', '15001', '4', ''); 
INSERT INTO `c_battle_soldier` VALUES('274', '60', '2', '15009', '4', ''); 
INSERT INTO `c_battle_soldier` VALUES('275', '60', '4', '15003', '4', ''); 
INSERT INTO `c_battle_soldier` VALUES('276', '60', '7', '15017', '4', ''); 
INSERT INTO `c_battle_soldier` VALUES('277', '61', '0', '15032', '4', ''); 
INSERT INTO `c_battle_soldier` VALUES('278', '61', '1', '15004', '4', ''); 
INSERT INTO `c_battle_soldier` VALUES('279', '61', '2', '15035', '4', ''); 
INSERT INTO `c_battle_soldier` VALUES('280', '61', '4', '15033', '4', ''); 
INSERT INTO `c_battle_soldier` VALUES('281', '61', '7', '15014', '4', ''); 
INSERT INTO `c_battle_soldier` VALUES('282', '62', '1', '15011', '4', ''); 
INSERT INTO `c_battle_soldier` VALUES('283', '62', '3', '15029', '4', ''); 
INSERT INTO `c_battle_soldier` VALUES('284', '62', '4', '15012', '4', ''); 
INSERT INTO `c_battle_soldier` VALUES('285', '62', '5', '15027', '4', ''); 
INSERT INTO `c_battle_soldier` VALUES('286', '62', '7', '15005', '4', ''); 
INSERT INTO `c_battle_soldier` VALUES('287', '63', '0', '15032', '4', ''); 
INSERT INTO `c_battle_soldier` VALUES('288', '63', '1', '15003', '4', ''); 
INSERT INTO `c_battle_soldier` VALUES('289', '63', '2', '15005', '4', ''); 
INSERT INTO `c_battle_soldier` VALUES('290', '63', '4', '15020', '4', ''); 
INSERT INTO `c_battle_soldier` VALUES('291', '63', '7', '15020', '6', ''); 
INSERT INTO `c_battle_soldier` VALUES('292', '64', '2', '15001', '4', ''); 
INSERT INTO `c_battle_soldier` VALUES('293', '64', '3', '15009', '4', ''); 
INSERT INTO `c_battle_soldier` VALUES('294', '64', '4', '15011', '4', ''); 
INSERT INTO `c_battle_soldier` VALUES('295', '64', '5', '15005', '4', ''); 
INSERT INTO `c_battle_soldier` VALUES('296', '64', '6', '15027', '6', ''); 
INSERT INTO `c_battle_soldier` VALUES('297', '65', '0', '15036', '4', ''); 
INSERT INTO `c_battle_soldier` VALUES('298', '65', '2', '15027', '4', ''); 
INSERT INTO `c_battle_soldier` VALUES('299', '65', '4', '15022', '4', ''); 
INSERT INTO `c_battle_soldier` VALUES('300', '65', '6', '15021', '4', ''); 
INSERT INTO `c_battle_soldier` VALUES('301', '65', '8', '15022', '6', ''); 
INSERT INTO `c_battle_soldier` VALUES('302', '66', '1', '15036', '4', ''); 
INSERT INTO `c_battle_soldier` VALUES('303', '66', '3', '15028', '4', ''); 
INSERT INTO `c_battle_soldier` VALUES('304', '66', '5', '15035', '4', ''); 
INSERT INTO `c_battle_soldier` VALUES('305', '66', '6', '15034', '5', ''); 
INSERT INTO `c_battle_soldier` VALUES('306', '66', '8', '15006', '6', ''); 
INSERT INTO `c_battle_soldier` VALUES('307', '67', '2', '15007', '4', ''); 
INSERT INTO `c_battle_soldier` VALUES('308', '67', '3', '15007', '4', ''); 
INSERT INTO `c_battle_soldier` VALUES('309', '67', '4', '15026', '4', ''); 
INSERT INTO `c_battle_soldier` VALUES('310', '67', '5', '15022', '5', ''); 
INSERT INTO `c_battle_soldier` VALUES('311', '67', '6', '15030', '6', ''); 
INSERT INTO `c_battle_soldier` VALUES('312', '68', '1', '15020', '4', ''); 
INSERT INTO `c_battle_soldier` VALUES('313', '68', '3', '15019', '4', ''); 
INSERT INTO `c_battle_soldier` VALUES('314', '68', '5', '15010', '4', ''); 
INSERT INTO `c_battle_soldier` VALUES('315', '68', '6', '15014', '5', ''); 
INSERT INTO `c_battle_soldier` VALUES('316', '68', '8', '15022', '6', ''); 
INSERT INTO `c_battle_soldier` VALUES('317', '69', '0', '15023', '4', ''); 
INSERT INTO `c_battle_soldier` VALUES('318', '69', '2', '15031', '4', ''); 
INSERT INTO `c_battle_soldier` VALUES('319', '69', '4', '15013', '5', ''); 
INSERT INTO `c_battle_soldier` VALUES('320', '69', '6', '15031', '5', ''); 
INSERT INTO `c_battle_soldier` VALUES('321', '69', '8', '15021', '6', ''); 
INSERT INTO `c_battle_soldier` VALUES('322', '70', '1', '15015', '4', ''); 
INSERT INTO `c_battle_soldier` VALUES('323', '70', '3', '15013', '4', ''); 
INSERT INTO `c_battle_soldier` VALUES('324', '70', '4', '15009', '5', ''); 
INSERT INTO `c_battle_soldier` VALUES('325', '70', '5', '15023', '5', ''); 
INSERT INTO `c_battle_soldier` VALUES('326', '70', '7', '15005', '6', ''); 
INSERT INTO `c_battle_soldier` VALUES('327', '71', '0', '15022', '4', ''); 
INSERT INTO `c_battle_soldier` VALUES('328', '71', '2', '15009', '5', ''); 
INSERT INTO `c_battle_soldier` VALUES('329', '71', '4', '15030', '5', ''); 
INSERT INTO `c_battle_soldier` VALUES('330', '71', '6', '15017', '5', ''); 
INSERT INTO `c_battle_soldier` VALUES('331', '71', '8', '15029', '6', ''); 
INSERT INTO `c_battle_soldier` VALUES('332', '72', '1', '15028', '4', ''); 
INSERT INTO `c_battle_soldier` VALUES('333', '72', '3', '15017', '5', ''); 
INSERT INTO `c_battle_soldier` VALUES('334', '72', '5', '15028', '5', ''); 
INSERT INTO `c_battle_soldier` VALUES('335', '72', '6', '15004', '5', ''); 
INSERT INTO `c_battle_soldier` VALUES('336', '72', '8', '15034', '6', ''); 
INSERT INTO `c_battle_soldier` VALUES('337', '73', '1', '15011', '5', ''); 
INSERT INTO `c_battle_soldier` VALUES('338', '73', '3', '15002', '5', ''); 
INSERT INTO `c_battle_soldier` VALUES('339', '73', '5', '15033', '5', ''); 
INSERT INTO `c_battle_soldier` VALUES('340', '73', '6', '15001', '5', ''); 
INSERT INTO `c_battle_soldier` VALUES('341', '73', '8', '15006', '6', ''); 
INSERT INTO `c_battle_soldier` VALUES('342', '74', '0', '15027', '5', ''); 
INSERT INTO `c_battle_soldier` VALUES('343', '74', '2', '15026', '5', ''); 
INSERT INTO `c_battle_soldier` VALUES('344', '74', '4', '15007', '5', ''); 
INSERT INTO `c_battle_soldier` VALUES('345', '74', '6', '15025', '5', ''); 
INSERT INTO `c_battle_soldier` VALUES('346', '74', '8', '15006', '6', ''); 
INSERT INTO `c_battle_soldier` VALUES('347', '75', '0', '15036', '5', ''); 
INSERT INTO `c_battle_soldier` VALUES('348', '75', '2', '15012', '5', ''); 
INSERT INTO `c_battle_soldier` VALUES('349', '75', '4', '15006', '5', ''); 
INSERT INTO `c_battle_soldier` VALUES('350', '75', '6', '15003', '6', ''); 
INSERT INTO `c_battle_soldier` VALUES('351', '75', '8', '15021', '6', ''); 
INSERT INTO `c_battle_soldier` VALUES('352', '76', '0', '15006', '5', ''); 
INSERT INTO `c_battle_soldier` VALUES('353', '76', '1', '15023', '5', ''); 
INSERT INTO `c_battle_soldier` VALUES('354', '76', '2', '15024', '5', ''); 
INSERT INTO `c_battle_soldier` VALUES('355', '76', '4', '15024', '6', ''); 
INSERT INTO `c_battle_soldier` VALUES('356', '76', '7', '15028', '6', ''); 
INSERT INTO `c_battle_soldier` VALUES('357', '77', '0', '15034', '5', ''); 
INSERT INTO `c_battle_soldier` VALUES('358', '77', '2', '15008', '5', ''); 
INSERT INTO `c_battle_soldier` VALUES('359', '77', '4', '15007', '6', ''); 
INSERT INTO `c_battle_soldier` VALUES('360', '77', '6', '15003', '6', ''); 
INSERT INTO `c_battle_soldier` VALUES('361', '77', '8', '15016', '6', ''); 
INSERT INTO `c_battle_soldier` VALUES('362', '78', '2', '15029', '5', ''); 
INSERT INTO `c_battle_soldier` VALUES('363', '78', '3', '15033', '5', ''); 
INSERT INTO `c_battle_soldier` VALUES('364', '78', '4', '15014', '6', ''); 
INSERT INTO `c_battle_soldier` VALUES('365', '78', '5', '15028', '6', ''); 
INSERT INTO `c_battle_soldier` VALUES('366', '78', '6', '15013', '6', ''); 
INSERT INTO `c_battle_soldier` VALUES('367', '79', '0', '15015', '5', ''); 
INSERT INTO `c_battle_soldier` VALUES('368', '79', '2', '15032', '6', ''); 
INSERT INTO `c_battle_soldier` VALUES('369', '79', '4', '15011', '6', ''); 
INSERT INTO `c_battle_soldier` VALUES('370', '79', '6', '15031', '6', ''); 
INSERT INTO `c_battle_soldier` VALUES('371', '79', '8', '15011', '6', ''); 
INSERT INTO `c_battle_soldier` VALUES('372', '80', '0', '15026', '5', ''); 
INSERT INTO `c_battle_soldier` VALUES('373', '80', '1', '15025', '6', ''); 
INSERT INTO `c_battle_soldier` VALUES('374', '80', '2', '15008', '6', ''); 
INSERT INTO `c_battle_soldier` VALUES('375', '80', '4', '15002', '6', ''); 
INSERT INTO `c_battle_soldier` VALUES('376', '80', '7', '15019', '6', ''); 
INSERT INTO `c_battle_soldier` VALUES('377', '81', '1', '15030', '6', ''); 
INSERT INTO `c_battle_soldier` VALUES('378', '81', '3', '15009', '6', ''); 
INSERT INTO `c_battle_soldier` VALUES('379', '81', '5', '15027', '6', ''); 
INSERT INTO `c_battle_soldier` VALUES('380', '81', '6', '15006', '6', ''); 
INSERT INTO `c_battle_soldier` VALUES('381', '81', '8', '15001', '6', ''); 
INSERT INTO `c_battle_soldier` VALUES('382', '82', '1', '15025', '6', ''); 
INSERT INTO `c_battle_soldier` VALUES('383', '82', '3', '15015', '6', ''); 
INSERT INTO `c_battle_soldier` VALUES('384', '82', '4', '15018', '6', ''); 
INSERT INTO `c_battle_soldier` VALUES('385', '82', '5', '15029', '6', ''); 
INSERT INTO `c_battle_soldier` VALUES('386', '82', '7', '15014', '6', ''); 
INSERT INTO `c_battle_soldier` VALUES('387', '83', '0', '15005', '6', ''); 
INSERT INTO `c_battle_soldier` VALUES('388', '83', '1', '15033', '6', ''); 
INSERT INTO `c_battle_soldier` VALUES('389', '83', '2', '15031', '6', ''); 
INSERT INTO `c_battle_soldier` VALUES('390', '83', '4', '15010', '6', ''); 
INSERT INTO `c_battle_soldier` VALUES('391', '83', '7', '15022', '7', ''); 
INSERT INTO `c_battle_soldier` VALUES('392', '84', '1', '15025', '6', ''); 
INSERT INTO `c_battle_soldier` VALUES('393', '84', '3', '15013', '6', ''); 
INSERT INTO `c_battle_soldier` VALUES('394', '84', '5', '15013', '6', ''); 
INSERT INTO `c_battle_soldier` VALUES('395', '84', '6', '15030', '6', ''); 
INSERT INTO `c_battle_soldier` VALUES('396', '84', '8', '15016', '7', ''); 
INSERT INTO `c_battle_soldier` VALUES('397', '85', '1', '15009', '6', ''); 
INSERT INTO `c_battle_soldier` VALUES('398', '85', '3', '15022', '6', ''); 
INSERT INTO `c_battle_soldier` VALUES('399', '85', '5', '15034', '6', ''); 
INSERT INTO `c_battle_soldier` VALUES('400', '85', '6', '15019', '7', ''); 
INSERT INTO `c_battle_soldier` VALUES('401', '85', '8', '15006', '8', ''); 
INSERT INTO `c_battle_soldier` VALUES('402', '86', '2', '15013', '6', ''); 
INSERT INTO `c_battle_soldier` VALUES('403', '86', '3', '15003', '6', ''); 
INSERT INTO `c_battle_soldier` VALUES('404', '86', '4', '15025', '6', ''); 
INSERT INTO `c_battle_soldier` VALUES('405', '86', '5', '15007', '7', ''); 
INSERT INTO `c_battle_soldier` VALUES('406', '86', '6', '15030', '8', ''); 
INSERT INTO `c_battle_soldier` VALUES('407', '87', '1', '15005', '6', ''); 
INSERT INTO `c_battle_soldier` VALUES('408', '87', '3', '15024', '6', ''); 
INSERT INTO `c_battle_soldier` VALUES('409', '87', '5', '15018', '7', ''); 
INSERT INTO `c_battle_soldier` VALUES('410', '87', '6', '15002', '7', ''); 
INSERT INTO `c_battle_soldier` VALUES('411', '87', '8', '15032', '8', ''); 
INSERT INTO `c_battle_soldier` VALUES('412', '88', '1', '15033', '6', ''); 
INSERT INTO `c_battle_soldier` VALUES('413', '88', '3', '15030', '6', ''); 
INSERT INTO `c_battle_soldier` VALUES('414', '88', '5', '15003', '7', ''); 
INSERT INTO `c_battle_soldier` VALUES('415', '88', '6', '15005', '7', ''); 
INSERT INTO `c_battle_soldier` VALUES('416', '88', '8', '15026', '8', ''); 
INSERT INTO `c_battle_soldier` VALUES('417', '89', '1', '15005', '6', ''); 
INSERT INTO `c_battle_soldier` VALUES('418', '89', '3', '15028', '7', ''); 
INSERT INTO `c_battle_soldier` VALUES('419', '89', '5', '15003', '7', ''); 
INSERT INTO `c_battle_soldier` VALUES('420', '89', '6', '15005', '7', ''); 
INSERT INTO `c_battle_soldier` VALUES('421', '89', '8', '15007', '8', ''); 
INSERT INTO `c_battle_soldier` VALUES('422', '90', '1', '15016', '6', ''); 
INSERT INTO `c_battle_soldier` VALUES('423', '90', '3', '15027', '7', ''); 
INSERT INTO `c_battle_soldier` VALUES('424', '90', '5', '15027', '7', ''); 
INSERT INTO `c_battle_soldier` VALUES('425', '90', '6', '15016', '7', ''); 
INSERT INTO `c_battle_soldier` VALUES('426', '90', '8', '15010', '8', ''); 
INSERT INTO `c_battle_soldier` VALUES('427', '91', '0', '15022', '7', ''); 
INSERT INTO `c_battle_soldier` VALUES('428', '91', '1', '15005', '7', ''); 
INSERT INTO `c_battle_soldier` VALUES('429', '91', '2', '15031', '7', ''); 
INSERT INTO `c_battle_soldier` VALUES('430', '91', '4', '15006', '7', ''); 
INSERT INTO `c_battle_soldier` VALUES('431', '91', '7', '15008', '8', ''); 
INSERT INTO `c_battle_soldier` VALUES('432', '92', '0', '15020', '7', ''); 
INSERT INTO `c_battle_soldier` VALUES('433', '92', '1', '15012', '7', ''); 
INSERT INTO `c_battle_soldier` VALUES('434', '92', '2', '15011', '7', ''); 
INSERT INTO `c_battle_soldier` VALUES('435', '92', '4', '15030', '7', ''); 
INSERT INTO `c_battle_soldier` VALUES('436', '92', '7', '15025', '8', ''); 
INSERT INTO `c_battle_soldier` VALUES('437', '93', '1', '15009', '7', ''); 
INSERT INTO `c_battle_soldier` VALUES('438', '93', '3', '15016', '7', ''); 
INSERT INTO `c_battle_soldier` VALUES('439', '93', '5', '15022', '7', ''); 
INSERT INTO `c_battle_soldier` VALUES('440', '93', '6', '15031', '7', ''); 
INSERT INTO `c_battle_soldier` VALUES('441', '93', '8', '15021', '9', ''); 
INSERT INTO `c_battle_soldier` VALUES('442', '94', '1', '15026', '7', ''); 
INSERT INTO `c_battle_soldier` VALUES('443', '94', '3', '15018', '7', ''); 
INSERT INTO `c_battle_soldier` VALUES('444', '94', '5', '15033', '7', ''); 
INSERT INTO `c_battle_soldier` VALUES('445', '94', '6', '15009', '7', ''); 
INSERT INTO `c_battle_soldier` VALUES('446', '94', '8', '15012', '9', ''); 
INSERT INTO `c_battle_soldier` VALUES('447', '95', '0', '15010', '7', ''); 
INSERT INTO `c_battle_soldier` VALUES('448', '95', '1', '15025', '7', ''); 
INSERT INTO `c_battle_soldier` VALUES('449', '95', '2', '15023', '8', ''); 
INSERT INTO `c_battle_soldier` VALUES('450', '95', '4', '15028', '8', ''); 
INSERT INTO `c_battle_soldier` VALUES('451', '95', '7', '15019', '8', ''); 
INSERT INTO `c_battle_soldier` VALUES('452', '96', '1', '15033', '7', ''); 
INSERT INTO `c_battle_soldier` VALUES('453', '96', '3', '15002', '7', ''); 
INSERT INTO `c_battle_soldier` VALUES('454', '96', '5', '15029', '8', ''); 
INSERT INTO `c_battle_soldier` VALUES('455', '96', '6', '15022', '8', ''); 
INSERT INTO `c_battle_soldier` VALUES('456', '96', '8', '15026', '8', ''); 
INSERT INTO `c_battle_soldier` VALUES('457', '97', '1', '15009', '7', ''); 
INSERT INTO `c_battle_soldier` VALUES('458', '97', '3', '15003', '8', ''); 
INSERT INTO `c_battle_soldier` VALUES('459', '97', '5', '15006', '8', ''); 
INSERT INTO `c_battle_soldier` VALUES('460', '97', '6', '15029', '8', ''); 
INSERT INTO `c_battle_soldier` VALUES('461', '97', '8', '15012', '8', ''); 
INSERT INTO `c_battle_soldier` VALUES('462', '98', '1', '15016', '7', ''); 
INSERT INTO `c_battle_soldier` VALUES('463', '98', '3', '15030', '8', ''); 
INSERT INTO `c_battle_soldier` VALUES('464', '98', '4', '15035', '8', ''); 
INSERT INTO `c_battle_soldier` VALUES('465', '98', '5', '15019', '8', ''); 
INSERT INTO `c_battle_soldier` VALUES('466', '98', '7', '15008', '8', ''); 
INSERT INTO `c_battle_soldier` VALUES('467', '99', '0', '15014', '8', ''); 
INSERT INTO `c_battle_soldier` VALUES('468', '99', '1', '15011', '8', ''); 
INSERT INTO `c_battle_soldier` VALUES('469', '99', '2', '15018', '8', ''); 
INSERT INTO `c_battle_soldier` VALUES('470', '99', '4', '15021', '8', ''); 
INSERT INTO `c_battle_soldier` VALUES('471', '99', '7', '15020', '8', ''); 
INSERT INTO `c_battle_soldier` VALUES('472', '100', '1', '15011', '8', ''); 
INSERT INTO `c_battle_soldier` VALUES('473', '100', '3', '15020', '8', ''); 
INSERT INTO `c_battle_soldier` VALUES('474', '100', '4', '15008', '8', ''); 
INSERT INTO `c_battle_soldier` VALUES('475', '100', '5', '15027', '8', ''); 
INSERT INTO `c_battle_soldier` VALUES('476', '100', '7', '15009', '8', ''); 
INSERT INTO `c_battle_soldier` VALUES('477', '101', '1', '15006', '8', ''); 
INSERT INTO `c_battle_soldier` VALUES('478', '101', '3', '15036', '8', ''); 
INSERT INTO `c_battle_soldier` VALUES('479', '101', '4', '15027', '8', ''); 
INSERT INTO `c_battle_soldier` VALUES('480', '101', '5', '15004', '8', ''); 
INSERT INTO `c_battle_soldier` VALUES('481', '101', '7', '15012', '9', ''); 
INSERT INTO `c_battle_soldier` VALUES('482', '102', '2', '15021', '8', ''); 
INSERT INTO `c_battle_soldier` VALUES('483', '102', '3', '15017', '8', ''); 
INSERT INTO `c_battle_soldier` VALUES('484', '102', '4', '15005', '8', ''); 
INSERT INTO `c_battle_soldier` VALUES('485', '102', '5', '15036', '8', ''); 
INSERT INTO `c_battle_soldier` VALUES('486', '102', '6', '15014', '9', ''); 
INSERT INTO `c_battle_soldier` VALUES('487', '103', '0', '15007', '8', ''); 
INSERT INTO `c_battle_soldier` VALUES('488', '103', '1', '15036', '8', ''); 
INSERT INTO `c_battle_soldier` VALUES('489', '103', '2', '15005', '8', ''); 
INSERT INTO `c_battle_soldier` VALUES('490', '103', '4', '15009', '9', ''); 
INSERT INTO `c_battle_soldier` VALUES('491', '103', '7', '15033', '9', ''); 
INSERT INTO `c_battle_soldier` VALUES('492', '104', '2', '15014', '8', ''); 
INSERT INTO `c_battle_soldier` VALUES('493', '104', '3', '15025', '8', ''); 
INSERT INTO `c_battle_soldier` VALUES('494', '104', '4', '15035', '8', ''); 
INSERT INTO `c_battle_soldier` VALUES('495', '104', '5', '15012', '9', ''); 
INSERT INTO `c_battle_soldier` VALUES('496', '104', '6', '15001', '9', ''); 
INSERT INTO `c_battle_soldier` VALUES('497', '105', '0', '15015', '8', ''); 
INSERT INTO `c_battle_soldier` VALUES('498', '105', '1', '15028', '8', ''); 
INSERT INTO `c_battle_soldier` VALUES('499', '105', '2', '15015', '9', ''); 
INSERT INTO `c_battle_soldier` VALUES('500', '105', '4', '15022', '9', ''); 
INSERT INTO `c_battle_soldier` VALUES('501', '105', '7', '15001', '10', ''); 
INSERT INTO `c_battle_soldier` VALUES('502', '106', '0', '15008', '8', ''); 
INSERT INTO `c_battle_soldier` VALUES('503', '106', '2', '15034', '8', ''); 
INSERT INTO `c_battle_soldier` VALUES('504', '106', '4', '15019', '9', ''); 
INSERT INTO `c_battle_soldier` VALUES('505', '106', '6', '15033', '9', ''); 
INSERT INTO `c_battle_soldier` VALUES('506', '106', '8', '15008', '10', ''); 
INSERT INTO `c_battle_soldier` VALUES('507', '107', '0', '15034', '8', ''); 
INSERT INTO `c_battle_soldier` VALUES('508', '107', '1', '15022', '9', ''); 
INSERT INTO `c_battle_soldier` VALUES('509', '107', '2', '15017', '9', ''); 
INSERT INTO `c_battle_soldier` VALUES('510', '107', '4', '15036', '9', ''); 
INSERT INTO `c_battle_soldier` VALUES('511', '107', '7', '15029', '10', ''); 
INSERT INTO `c_battle_soldier` VALUES('512', '108', '0', '15012', '8', ''); 
INSERT INTO `c_battle_soldier` VALUES('513', '108', '1', '15024', '9', ''); 
INSERT INTO `c_battle_soldier` VALUES('514', '108', '2', '15036', '9', ''); 
INSERT INTO `c_battle_soldier` VALUES('515', '108', '4', '15015', '9', ''); 
INSERT INTO `c_battle_soldier` VALUES('516', '108', '7', '15023', '10', ''); 
INSERT INTO `c_battle_soldier` VALUES('517', '109', '0', '15013', '9', ''); 
INSERT INTO `c_battle_soldier` VALUES('518', '109', '1', '15027', '9', ''); 
INSERT INTO `c_battle_soldier` VALUES('519', '109', '2', '15017', '9', ''); 
INSERT INTO `c_battle_soldier` VALUES('520', '109', '4', '15019', '9', ''); 
INSERT INTO `c_battle_soldier` VALUES('521', '109', '7', '15005', '10', ''); 
INSERT INTO `c_battle_soldier` VALUES('522', '110', '1', '15007', '9', ''); 
INSERT INTO `c_battle_soldier` VALUES('523', '110', '3', '15002', '9', ''); 
INSERT INTO `c_battle_soldier` VALUES('524', '110', '5', '15035', '9', ''); 
INSERT INTO `c_battle_soldier` VALUES('525', '110', '6', '15022', '9', ''); 
INSERT INTO `c_battle_soldier` VALUES('526', '110', '8', '15024', '10', ''); 
INSERT INTO `c_battle_soldier` VALUES('527', '111', '1', '15004', '9', ''); 
INSERT INTO `c_battle_soldier` VALUES('528', '111', '3', '15035', '9', ''); 
INSERT INTO `c_battle_soldier` VALUES('529', '111', '4', '15036', '9', ''); 
INSERT INTO `c_battle_soldier` VALUES('530', '111', '5', '15021', '9', ''); 
INSERT INTO `c_battle_soldier` VALUES('531', '111', '7', '15003', '11', ''); 
INSERT INTO `c_battle_soldier` VALUES('532', '112', '0', '15008', '9', ''); 
INSERT INTO `c_battle_soldier` VALUES('533', '112', '2', '15028', '9', ''); 
INSERT INTO `c_battle_soldier` VALUES('534', '112', '4', '15012', '9', ''); 
INSERT INTO `c_battle_soldier` VALUES('535', '112', '6', '15004', '9', ''); 
INSERT INTO `c_battle_soldier` VALUES('536', '112', '8', '15028', '11', ''); 
INSERT INTO `c_battle_soldier` VALUES('537', '113', '1', '15003', '9', ''); 
INSERT INTO `c_battle_soldier` VALUES('538', '113', '3', '15002', '9', ''); 
INSERT INTO `c_battle_soldier` VALUES('539', '113', '4', '15035', '9', ''); 
INSERT INTO `c_battle_soldier` VALUES('540', '113', '5', '15007', '10', ''); 
INSERT INTO `c_battle_soldier` VALUES('541', '113', '7', '15021', '11', ''); 
INSERT INTO `c_battle_soldier` VALUES('542', '114', '2', '15012', '9', ''); 
INSERT INTO `c_battle_soldier` VALUES('543', '114', '3', '15022', '9', ''); 
INSERT INTO `c_battle_soldier` VALUES('544', '114', '4', '15003', '9', ''); 
INSERT INTO `c_battle_soldier` VALUES('545', '114', '5', '15021', '10', ''); 
INSERT INTO `c_battle_soldier` VALUES('546', '114', '6', '15006', '11', ''); 
INSERT INTO `c_battle_soldier` VALUES('547', '115', '1', '15013', '9', ''); 
INSERT INTO `c_battle_soldier` VALUES('548', '115', '3', '15033', '10', ''); 
INSERT INTO `c_battle_soldier` VALUES('549', '115', '5', '15012', '10', ''); 
INSERT INTO `c_battle_soldier` VALUES('550', '115', '6', '15030', '10', ''); 
INSERT INTO `c_battle_soldier` VALUES('551', '115', '8', '15027', '10', ''); 
INSERT INTO `c_battle_soldier` VALUES('552', '116', '1', '15001', '9', ''); 
INSERT INTO `c_battle_soldier` VALUES('553', '116', '3', '15026', '10', ''); 
INSERT INTO `c_battle_soldier` VALUES('554', '116', '5', '15004', '10', ''); 
INSERT INTO `c_battle_soldier` VALUES('555', '116', '6', '15010', '10', ''); 
INSERT INTO `c_battle_soldier` VALUES('556', '116', '8', '15022', '10', ''); 
INSERT INTO `c_battle_soldier` VALUES('557', '117', '1', '15002', '10', ''); 
INSERT INTO `c_battle_soldier` VALUES('558', '117', '3', '15019', '10', ''); 
INSERT INTO `c_battle_soldier` VALUES('559', '117', '5', '15013', '10', ''); 
INSERT INTO `c_battle_soldier` VALUES('560', '117', '6', '15024', '10', ''); 
INSERT INTO `c_battle_soldier` VALUES('561', '117', '8', '15004', '10', ''); 
INSERT INTO `c_battle_soldier` VALUES('562', '118', '1', '15028', '10', ''); 
INSERT INTO `c_battle_soldier` VALUES('563', '118', '3', '15029', '10', ''); 
INSERT INTO `c_battle_soldier` VALUES('564', '118', '5', '15036', '10', ''); 
INSERT INTO `c_battle_soldier` VALUES('565', '118', '6', '15001', '10', ''); 
INSERT INTO `c_battle_soldier` VALUES('566', '118', '8', '15034', '10', ''); 
INSERT INTO `c_battle_soldier` VALUES('567', '119', '1', '15025', '10', ''); 
INSERT INTO `c_battle_soldier` VALUES('568', '119', '3', '15016', '10', ''); 
INSERT INTO `c_battle_soldier` VALUES('569', '119', '5', '15012', '10', ''); 
INSERT INTO `c_battle_soldier` VALUES('570', '119', '6', '15029', '10', ''); 
INSERT INTO `c_battle_soldier` VALUES('571', '119', '8', '15035', '11', ''); 
INSERT INTO `c_battle_soldier` VALUES('572', '120', '1', '15032', '10', ''); 
INSERT INTO `c_battle_soldier` VALUES('573', '120', '3', '15012', '10', ''); 
INSERT INTO `c_battle_soldier` VALUES('574', '120', '4', '15013', '10', ''); 
INSERT INTO `c_battle_soldier` VALUES('575', '120', '5', '15025', '10', ''); 
INSERT INTO `c_battle_soldier` VALUES('576', '120', '7', '15025', '11', ''); 
INSERT INTO `c_battle_soldier` VALUES('577', '121', '2', '15010', '10', ''); 
INSERT INTO `c_battle_soldier` VALUES('578', '121', '3', '15008', '10', ''); 
INSERT INTO `c_battle_soldier` VALUES('579', '121', '4', '15006', '10', ''); 
INSERT INTO `c_battle_soldier` VALUES('580', '121', '5', '15036', '11', ''); 
INSERT INTO `c_battle_soldier` VALUES('581', '121', '6', '15015', '11', ''); 
INSERT INTO `c_battle_soldier` VALUES('582', '122', '2', '15016', '10', ''); 
INSERT INTO `c_battle_soldier` VALUES('583', '122', '3', '15034', '10', ''); 
INSERT INTO `c_battle_soldier` VALUES('584', '122', '4', '15018', '10', ''); 
INSERT INTO `c_battle_soldier` VALUES('585', '122', '5', '15034', '11', ''); 
INSERT INTO `c_battle_soldier` VALUES('586', '122', '6', '15014', '11', ''); 
INSERT INTO `c_battle_soldier` VALUES('587', '123', '1', '15001', '10', ''); 
INSERT INTO `c_battle_soldier` VALUES('588', '123', '3', '15032', '10', ''); 
INSERT INTO `c_battle_soldier` VALUES('589', '123', '5', '15036', '11', ''); 
INSERT INTO `c_battle_soldier` VALUES('590', '123', '6', '15018', '11', ''); 
INSERT INTO `c_battle_soldier` VALUES('591', '123', '8', '15008', '11', ''); 
INSERT INTO `c_battle_soldier` VALUES('592', '124', '2', '15014', '10', ''); 
INSERT INTO `c_battle_soldier` VALUES('593', '124', '3', '15036', '10', ''); 
INSERT INTO `c_battle_soldier` VALUES('594', '124', '4', '15032', '11', ''); 
INSERT INTO `c_battle_soldier` VALUES('595', '124', '5', '15008', '11', ''); 
INSERT INTO `c_battle_soldier` VALUES('596', '124', '6', '15002', '11', ''); 
INSERT INTO `c_battle_soldier` VALUES('597', '125', '0', '15001', '10', ''); 
INSERT INTO `c_battle_soldier` VALUES('598', '125', '1', '15019', '11', ''); 
INSERT INTO `c_battle_soldier` VALUES('599', '125', '2', '15019', '11', ''); 
INSERT INTO `c_battle_soldier` VALUES('600', '125', '4', '15023', '11', ''); 
INSERT INTO `c_battle_soldier` VALUES('601', '125', '7', '15029', '12', ''); 
INSERT INTO `c_battle_soldier` VALUES('602', '126', '1', '15026', '10', ''); 
INSERT INTO `c_battle_soldier` VALUES('603', '126', '3', '15013', '11', ''); 
INSERT INTO `c_battle_soldier` VALUES('604', '126', '4', '15021', '11', ''); 
INSERT INTO `c_battle_soldier` VALUES('605', '126', '5', '15013', '11', ''); 
INSERT INTO `c_battle_soldier` VALUES('606', '126', '7', '15031', '12', ''); 
INSERT INTO `c_battle_soldier` VALUES('607', '127', '0', '15014', '11', ''); 
INSERT INTO `c_battle_soldier` VALUES('608', '127', '1', '15023', '11', ''); 
INSERT INTO `c_battle_soldier` VALUES('609', '127', '2', '15014', '11', ''); 
INSERT INTO `c_battle_soldier` VALUES('610', '127', '4', '15007', '11', ''); 
INSERT INTO `c_battle_soldier` VALUES('611', '127', '7', '15026', '12', ''); 
INSERT INTO `c_battle_soldier` VALUES('612', '128', '1', '15013', '11', ''); 
INSERT INTO `c_battle_soldier` VALUES('613', '128', '3', '15026', '11', ''); 
INSERT INTO `c_battle_soldier` VALUES('614', '128', '4', '15036', '11', ''); 
INSERT INTO `c_battle_soldier` VALUES('615', '128', '5', '15034', '11', ''); 
INSERT INTO `c_battle_soldier` VALUES('616', '128', '7', '15003', '12', ''); 
INSERT INTO `c_battle_soldier` VALUES('617', '129', '0', '15034', '11', ''); 
INSERT INTO `c_battle_soldier` VALUES('618', '129', '1', '15014', '11', ''); 
INSERT INTO `c_battle_soldier` VALUES('619', '129', '2', '15027', '11', ''); 
INSERT INTO `c_battle_soldier` VALUES('620', '129', '4', '15017', '11', ''); 
INSERT INTO `c_battle_soldier` VALUES('621', '129', '7', '15018', '13', ''); 
INSERT INTO `c_battle_soldier` VALUES('622', '130', '1', '15015', '11', ''); 
INSERT INTO `c_battle_soldier` VALUES('623', '130', '3', '15019', '11', ''); 
INSERT INTO `c_battle_soldier` VALUES('624', '130', '5', '15020', '11', ''); 
INSERT INTO `c_battle_soldier` VALUES('625', '130', '6', '15009', '11', ''); 
INSERT INTO `c_battle_soldier` VALUES('626', '130', '8', '15033', '13', ''); 
INSERT INTO `c_battle_soldier` VALUES('627', '131', '1', '15021', '11', ''); 
INSERT INTO `c_battle_soldier` VALUES('628', '131', '3', '15006', '11', ''); 
INSERT INTO `c_battle_soldier` VALUES('629', '131', '5', '15001', '11', ''); 
INSERT INTO `c_battle_soldier` VALUES('630', '131', '6', '15016', '12', ''); 
INSERT INTO `c_battle_soldier` VALUES('631', '131', '8', '15028', '13', ''); 
INSERT INTO `c_battle_soldier` VALUES('632', '132', '0', '15023', '11', ''); 
INSERT INTO `c_battle_soldier` VALUES('633', '132', '1', '15013', '11', ''); 
INSERT INTO `c_battle_soldier` VALUES('634', '132', '2', '15029', '11', ''); 
INSERT INTO `c_battle_soldier` VALUES('635', '132', '4', '15018', '12', ''); 
INSERT INTO `c_battle_soldier` VALUES('636', '132', '7', '15002', '13', ''); 
INSERT INTO `c_battle_soldier` VALUES('637', '133', '2', '15014', '11', ''); 
INSERT INTO `c_battle_soldier` VALUES('638', '133', '3', '15014', '11', ''); 
INSERT INTO `c_battle_soldier` VALUES('639', '133', '4', '15020', '12', ''); 
INSERT INTO `c_battle_soldier` VALUES('640', '133', '5', '15011', '12', ''); 
INSERT INTO `c_battle_soldier` VALUES('641', '133', '6', '15007', '13', ''); 
INSERT INTO `c_battle_soldier` VALUES('642', '134', '2', '15034', '11', ''); 
INSERT INTO `c_battle_soldier` VALUES('643', '134', '3', '15009', '11', ''); 
INSERT INTO `c_battle_soldier` VALUES('644', '134', '4', '15018', '12', ''); 
INSERT INTO `c_battle_soldier` VALUES('645', '134', '5', '15008', '12', ''); 
INSERT INTO `c_battle_soldier` VALUES('646', '134', '6', '15020', '13', ''); 
INSERT INTO `c_battle_soldier` VALUES('647', '135', '1', '15028', '12', ''); 
INSERT INTO `c_battle_soldier` VALUES('648', '135', '3', '15008', '12', ''); 
INSERT INTO `c_battle_soldier` VALUES('649', '135', '5', '15004', '12', ''); 
INSERT INTO `c_battle_soldier` VALUES('650', '135', '6', '15023', '12', ''); 
INSERT INTO `c_battle_soldier` VALUES('651', '135', '8', '15033', '12', ''); 
INSERT INTO `c_battle_soldier` VALUES('652', '136', '0', '15026', '12', ''); 
INSERT INTO `c_battle_soldier` VALUES('653', '136', '2', '15025', '12', ''); 
INSERT INTO `c_battle_soldier` VALUES('654', '136', '4', '15005', '12', ''); 
INSERT INTO `c_battle_soldier` VALUES('655', '136', '6', '15032', '12', ''); 
INSERT INTO `c_battle_soldier` VALUES('656', '136', '8', '15011', '12', ''); 
INSERT INTO `c_battle_soldier` VALUES('657', '137', '0', '15026', '12', ''); 
INSERT INTO `c_battle_soldier` VALUES('658', '137', '2', '15006', '12', ''); 
INSERT INTO `c_battle_soldier` VALUES('659', '137', '4', '15018', '12', ''); 
INSERT INTO `c_battle_soldier` VALUES('660', '137', '6', '15012', '12', ''); 
INSERT INTO `c_battle_soldier` VALUES('661', '137', '8', '15018', '13', ''); 
INSERT INTO `c_battle_soldier` VALUES('662', '138', '0', '15018', '12', ''); 
INSERT INTO `c_battle_soldier` VALUES('663', '138', '1', '15024', '12', ''); 
INSERT INTO `c_battle_soldier` VALUES('664', '138', '2', '15006', '12', ''); 
INSERT INTO `c_battle_soldier` VALUES('665', '138', '4', '15014', '12', ''); 
INSERT INTO `c_battle_soldier` VALUES('666', '138', '7', '15024', '13', ''); 
INSERT INTO `c_battle_soldier` VALUES('667', '139', '1', '15011', '12', ''); 
INSERT INTO `c_battle_soldier` VALUES('668', '139', '3', '15002', '12', ''); 
INSERT INTO `c_battle_soldier` VALUES('669', '139', '4', '15010', '12', ''); 
INSERT INTO `c_battle_soldier` VALUES('670', '139', '5', '15001', '13', ''); 
INSERT INTO `c_battle_soldier` VALUES('671', '139', '7', '15026', '13', ''); 
INSERT INTO `c_battle_soldier` VALUES('672', '140', '1', '15036', '12', ''); 
INSERT INTO `c_battle_soldier` VALUES('673', '140', '3', '15006', '12', ''); 
INSERT INTO `c_battle_soldier` VALUES('674', '140', '5', '15014', '12', ''); 
INSERT INTO `c_battle_soldier` VALUES('675', '140', '6', '15005', '13', ''); 
INSERT INTO `c_battle_soldier` VALUES('676', '140', '8', '15023', '13', ''); 
INSERT INTO `c_battle_soldier` VALUES('677', '141', '1', '15028', '12', ''); 
INSERT INTO `c_battle_soldier` VALUES('678', '141', '3', '15022', '12', ''); 
INSERT INTO `c_battle_soldier` VALUES('679', '141', '5', '15013', '13', ''); 
INSERT INTO `c_battle_soldier` VALUES('680', '141', '6', '15019', '13', ''); 
INSERT INTO `c_battle_soldier` VALUES('681', '141', '8', '15020', '13', ''); 
INSERT INTO `c_battle_soldier` VALUES('682', '142', '0', '15003', '12', ''); 
INSERT INTO `c_battle_soldier` VALUES('683', '142', '2', '15032', '12', ''); 
INSERT INTO `c_battle_soldier` VALUES('684', '142', '4', '15006', '13', ''); 
INSERT INTO `c_battle_soldier` VALUES('685', '142', '6', '15018', '13', ''); 
INSERT INTO `c_battle_soldier` VALUES('686', '142', '8', '15002', '13', ''); 
INSERT INTO `c_battle_soldier` VALUES('687', '143', '0', '15015', '12', ''); 
INSERT INTO `c_battle_soldier` VALUES('688', '143', '1', '15023', '13', ''); 
INSERT INTO `c_battle_soldier` VALUES('689', '143', '2', '15033', '13', ''); 
INSERT INTO `c_battle_soldier` VALUES('690', '143', '4', '15015', '13', ''); 
INSERT INTO `c_battle_soldier` VALUES('691', '143', '7', '15011', '13', ''); 
INSERT INTO `c_battle_soldier` VALUES('692', '144', '0', '15031', '12', ''); 
INSERT INTO `c_battle_soldier` VALUES('693', '144', '1', '15008', '13', ''); 
INSERT INTO `c_battle_soldier` VALUES('694', '144', '2', '15012', '13', ''); 
INSERT INTO `c_battle_soldier` VALUES('695', '144', '4', '15018', '13', ''); 
INSERT INTO `c_battle_soldier` VALUES('696', '144', '7', '15002', '13', ''); 
INSERT INTO `c_battle_soldier` VALUES('697', '145', '0', '15026', '13', ''); 
INSERT INTO `c_battle_soldier` VALUES('698', '145', '1', '15028', '13', ''); 
INSERT INTO `c_battle_soldier` VALUES('699', '145', '2', '15019', '13', ''); 
INSERT INTO `c_battle_soldier` VALUES('700', '145', '4', '15002', '13', ''); 
INSERT INTO `c_battle_soldier` VALUES('701', '145', '7', '15011', '14', ''); 
INSERT INTO `c_battle_soldier` VALUES('702', '146', '2', '15027', '13', ''); 
INSERT INTO `c_battle_soldier` VALUES('703', '146', '3', '15020', '13', ''); 
INSERT INTO `c_battle_soldier` VALUES('704', '146', '4', '15007', '13', ''); 
INSERT INTO `c_battle_soldier` VALUES('705', '146', '5', '15034', '13', ''); 
INSERT INTO `c_battle_soldier` VALUES('706', '146', '6', '15033', '14', ''); 
INSERT INTO `c_battle_soldier` VALUES('707', '147', '1', '15011', '13', ''); 
INSERT INTO `c_battle_soldier` VALUES('708', '147', '3', '15002', '13', ''); 
INSERT INTO `c_battle_soldier` VALUES('709', '147', '5', '15025', '13', ''); 
INSERT INTO `c_battle_soldier` VALUES('710', '147', '6', '15009', '13', ''); 
INSERT INTO `c_battle_soldier` VALUES('711', '147', '8', '15026', '15', ''); 
INSERT INTO `c_battle_soldier` VALUES('712', '148', '2', '15011', '13', ''); 
INSERT INTO `c_battle_soldier` VALUES('713', '148', '3', '15018', '13', ''); 
INSERT INTO `c_battle_soldier` VALUES('714', '148', '4', '15027', '13', ''); 
INSERT INTO `c_battle_soldier` VALUES('715', '148', '5', '15030', '13', ''); 
INSERT INTO `c_battle_soldier` VALUES('716', '148', '6', '15027', '15', ''); 
INSERT INTO `c_battle_soldier` VALUES('717', '149', '2', '15004', '13', ''); 
INSERT INTO `c_battle_soldier` VALUES('718', '149', '3', '15010', '13', ''); 
INSERT INTO `c_battle_soldier` VALUES('719', '149', '4', '15007', '13', ''); 
INSERT INTO `c_battle_soldier` VALUES('720', '149', '5', '15005', '14', ''); 
INSERT INTO `c_battle_soldier` VALUES('721', '149', '6', '15020', '15', ''); 
INSERT INTO `c_battle_soldier` VALUES('722', '150', '2', '15009', '13', ''); 
INSERT INTO `c_battle_soldier` VALUES('723', '150', '3', '15011', '13', ''); 
INSERT INTO `c_battle_soldier` VALUES('724', '150', '4', '15026', '13', ''); 
INSERT INTO `c_battle_soldier` VALUES('725', '150', '5', '15033', '14', ''); 
INSERT INTO `c_battle_soldier` VALUES('726', '150', '6', '15010', '15', ''); 
INSERT INTO `c_battle_soldier` VALUES('727', '151', '1', '15013', '13', ''); 
INSERT INTO `c_battle_soldier` VALUES('728', '151', '3', '15032', '13', ''); 
INSERT INTO `c_battle_soldier` VALUES('729', '151', '4', '15003', '14', ''); 
INSERT INTO `c_battle_soldier` VALUES('730', '151', '5', '15016', '14', ''); 
INSERT INTO `c_battle_soldier` VALUES('731', '151', '7', '15030', '15', ''); 
INSERT INTO `c_battle_soldier` VALUES('732', '152', '2', '15010', '13', ''); 
INSERT INTO `c_battle_soldier` VALUES('733', '152', '3', '15007', '13', ''); 
INSERT INTO `c_battle_soldier` VALUES('734', '152', '4', '15013', '14', ''); 
INSERT INTO `c_battle_soldier` VALUES('735', '152', '5', '15026', '14', ''); 
INSERT INTO `c_battle_soldier` VALUES('736', '152', '6', '15009', '15', ''); 
INSERT INTO `c_battle_soldier` VALUES('737', '153', '1', '15036', '13', ''); 
INSERT INTO `c_battle_soldier` VALUES('738', '153', '3', '15020', '14', ''); 
INSERT INTO `c_battle_soldier` VALUES('739', '153', '4', '15015', '14', ''); 
INSERT INTO `c_battle_soldier` VALUES('740', '153', '5', '15025', '14', ''); 
INSERT INTO `c_battle_soldier` VALUES('741', '153', '7', '15014', '15', ''); 
INSERT INTO `c_battle_soldier` VALUES('742', '154', '1', '15001', '13', ''); 
INSERT INTO `c_battle_soldier` VALUES('743', '154', '3', '15002', '14', ''); 
INSERT INTO `c_battle_soldier` VALUES('744', '154', '5', '15021', '14', ''); 
INSERT INTO `c_battle_soldier` VALUES('745', '154', '6', '15026', '14', ''); 
INSERT INTO `c_battle_soldier` VALUES('746', '154', '8', '15019', '15', ''); 
INSERT INTO `c_battle_soldier` VALUES('747', '155', '2', '15020', '14', ''); 
INSERT INTO `c_battle_soldier` VALUES('748', '155', '3', '15035', '14', ''); 
INSERT INTO `c_battle_soldier` VALUES('749', '155', '4', '15005', '14', ''); 
INSERT INTO `c_battle_soldier` VALUES('750', '155', '5', '15014', '14', ''); 
INSERT INTO `c_battle_soldier` VALUES('751', '155', '6', '15018', '15', ''); 
INSERT INTO `c_battle_soldier` VALUES('752', '156', '0', '15007', '14', ''); 
INSERT INTO `c_battle_soldier` VALUES('753', '156', '1', '15005', '14', ''); 
INSERT INTO `c_battle_soldier` VALUES('754', '156', '2', '15013', '14', ''); 
INSERT INTO `c_battle_soldier` VALUES('755', '156', '4', '15033', '14', ''); 
INSERT INTO `c_battle_soldier` VALUES('756', '156', '7', '15010', '15', ''); 
INSERT INTO `c_battle_soldier` VALUES('757', '157', '0', '15019', '14', ''); 
INSERT INTO `c_battle_soldier` VALUES('758', '157', '1', '15016', '14', ''); 
INSERT INTO `c_battle_soldier` VALUES('759', '157', '2', '15016', '14', ''); 
INSERT INTO `c_battle_soldier` VALUES('760', '157', '4', '15001', '15', ''); 
INSERT INTO `c_battle_soldier` VALUES('761', '157', '7', '15036', '15', ''); 
INSERT INTO `c_battle_soldier` VALUES('762', '158', '1', '15033', '14', ''); 
INSERT INTO `c_battle_soldier` VALUES('763', '158', '3', '15031', '14', ''); 
INSERT INTO `c_battle_soldier` VALUES('764', '158', '4', '15025', '14', ''); 
INSERT INTO `c_battle_soldier` VALUES('765', '158', '5', '15005', '15', ''); 
INSERT INTO `c_battle_soldier` VALUES('766', '158', '7', '15021', '15', ''); 
INSERT INTO `c_battle_soldier` VALUES('767', '159', '0', '15032', '14', ''); 
INSERT INTO `c_battle_soldier` VALUES('768', '159', '1', '15031', '14', ''); 
INSERT INTO `c_battle_soldier` VALUES('769', '159', '2', '15021', '15', ''); 
INSERT INTO `c_battle_soldier` VALUES('770', '159', '4', '15036', '15', ''); 
INSERT INTO `c_battle_soldier` VALUES('771', '159', '7', '15018', '15', ''); 
INSERT INTO `c_battle_soldier` VALUES('772', '160', '0', '15020', '14', ''); 
INSERT INTO `c_battle_soldier` VALUES('773', '160', '2', '15014', '14', ''); 
INSERT INTO `c_battle_soldier` VALUES('774', '160', '4', '15003', '15', ''); 
INSERT INTO `c_battle_soldier` VALUES('775', '160', '6', '15024', '15', ''); 
INSERT INTO `c_battle_soldier` VALUES('776', '160', '8', '15026', '15', ''); 
INSERT INTO `c_battle_soldier` VALUES('777', '161', '2', '15023', '14', ''); 
INSERT INTO `c_battle_soldier` VALUES('778', '161', '3', '15009', '15', ''); 
INSERT INTO `c_battle_soldier` VALUES('779', '161', '4', '15034', '15', ''); 
INSERT INTO `c_battle_soldier` VALUES('780', '161', '5', '15020', '15', ''); 
INSERT INTO `c_battle_soldier` VALUES('781', '161', '6', '15001', '15', ''); 
INSERT INTO `c_battle_soldier` VALUES('782', '162', '1', '15016', '14', ''); 
INSERT INTO `c_battle_soldier` VALUES('783', '162', '3', '15017', '15', ''); 
INSERT INTO `c_battle_soldier` VALUES('784', '162', '5', '15002', '15', ''); 
INSERT INTO `c_battle_soldier` VALUES('785', '162', '6', '15013', '15', ''); 
INSERT INTO `c_battle_soldier` VALUES('786', '162', '8', '15024', '15', ''); 
INSERT INTO `c_battle_soldier` VALUES('787', '163', '0', '15015', '15', ''); 
INSERT INTO `c_battle_soldier` VALUES('788', '163', '1', '15022', '15', ''); 
INSERT INTO `c_battle_soldier` VALUES('789', '163', '2', '15028', '15', ''); 
INSERT INTO `c_battle_soldier` VALUES('790', '163', '4', '15001', '15', ''); 
INSERT INTO `c_battle_soldier` VALUES('791', '163', '7', '15019', '15', ''); 
INSERT INTO `c_battle_soldier` VALUES('792', '164', '0', '15006', '15', ''); 
INSERT INTO `c_battle_soldier` VALUES('793', '164', '1', '15010', '15', ''); 
INSERT INTO `c_battle_soldier` VALUES('794', '164', '2', '15025', '15', ''); 
INSERT INTO `c_battle_soldier` VALUES('795', '164', '4', '15032', '15', ''); 
INSERT INTO `c_battle_soldier` VALUES('796', '164', '7', '15002', '15', ''); 
INSERT INTO `c_battle_soldier` VALUES('797', '165', '2', '15020', '15', ''); 
INSERT INTO `c_battle_soldier` VALUES('798', '165', '3', '15022', '15', ''); 
INSERT INTO `c_battle_soldier` VALUES('799', '165', '4', '15030', '15', ''); 
INSERT INTO `c_battle_soldier` VALUES('800', '165', '5', '15004', '15', ''); 
INSERT INTO `c_battle_soldier` VALUES('801', '165', '6', '15001', '17', ''); 
INSERT INTO `c_battle_soldier` VALUES('802', '166', '0', '15008', '15', ''); 
INSERT INTO `c_battle_soldier` VALUES('803', '166', '2', '15016', '15', ''); 
INSERT INTO `c_battle_soldier` VALUES('804', '166', '4', '15009', '15', ''); 
INSERT INTO `c_battle_soldier` VALUES('805', '166', '6', '15003', '15', ''); 
INSERT INTO `c_battle_soldier` VALUES('806', '166', '8', '15001', '17', ''); 
INSERT INTO `c_battle_soldier` VALUES('807', '167', '1', '15011', '15', ''); 
INSERT INTO `c_battle_soldier` VALUES('808', '167', '3', '15001', '15', ''); 
INSERT INTO `c_battle_soldier` VALUES('809', '167', '4', '15028', '15', ''); 
INSERT INTO `c_battle_soldier` VALUES('810', '167', '5', '15025', '16', ''); 
INSERT INTO `c_battle_soldier` VALUES('811', '167', '7', '15023', '17', ''); 
INSERT INTO `c_battle_soldier` VALUES('812', '168', '1', '15024', '15', ''); 
INSERT INTO `c_battle_soldier` VALUES('813', '168', '3', '15022', '15', ''); 
INSERT INTO `c_battle_soldier` VALUES('814', '168', '4', '15002', '15', ''); 
INSERT INTO `c_battle_soldier` VALUES('815', '168', '5', '15015', '16', ''); 
INSERT INTO `c_battle_soldier` VALUES('816', '168', '7', '15028', '17', ''); 
INSERT INTO `c_battle_soldier` VALUES('817', '169', '0', '15011', '15', ''); 
INSERT INTO `c_battle_soldier` VALUES('818', '169', '2', '15032', '15', ''); 
INSERT INTO `c_battle_soldier` VALUES('819', '169', '4', '15010', '16', ''); 
INSERT INTO `c_battle_soldier` VALUES('820', '169', '6', '15010', '16', ''); 
INSERT INTO `c_battle_soldier` VALUES('821', '169', '8', '15017', '17', ''); 
INSERT INTO `c_battle_soldier` VALUES('822', '170', '0', '15013', '15', ''); 
INSERT INTO `c_battle_soldier` VALUES('823', '170', '2', '15024', '15', ''); 
INSERT INTO `c_battle_soldier` VALUES('824', '170', '4', '15001', '16', ''); 
INSERT INTO `c_battle_soldier` VALUES('825', '170', '6', '15014', '16', ''); 
INSERT INTO `c_battle_soldier` VALUES('826', '170', '8', '15022', '17', ''); 
INSERT INTO `c_battle_soldier` VALUES('827', '171', '0', '15025', '15', ''); 
INSERT INTO `c_battle_soldier` VALUES('828', '171', '1', '15004', '16', ''); 
INSERT INTO `c_battle_soldier` VALUES('829', '171', '2', '15023', '16', ''); 
INSERT INTO `c_battle_soldier` VALUES('830', '171', '4', '15012', '16', ''); 
INSERT INTO `c_battle_soldier` VALUES('831', '171', '7', '15019', '17', ''); 
INSERT INTO `c_battle_soldier` VALUES('832', '172', '1', '15026', '15', ''); 
INSERT INTO `c_battle_soldier` VALUES('833', '172', '3', '15028', '16', ''); 
INSERT INTO `c_battle_soldier` VALUES('834', '172', '5', '15025', '16', ''); 
INSERT INTO `c_battle_soldier` VALUES('835', '172', '6', '15001', '16', ''); 
INSERT INTO `c_battle_soldier` VALUES('836', '172', '8', '15007', '17', ''); 
INSERT INTO `c_battle_soldier` VALUES('837', '173', '1', '15033', '16', ''); 
INSERT INTO `c_battle_soldier` VALUES('838', '173', '3', '15019', '16', ''); 
INSERT INTO `c_battle_soldier` VALUES('839', '173', '5', '15004', '16', ''); 
INSERT INTO `c_battle_soldier` VALUES('840', '173', '6', '15014', '16', ''); 
INSERT INTO `c_battle_soldier` VALUES('841', '173', '8', '15020', '17', ''); 
INSERT INTO `c_battle_soldier` VALUES('842', '174', '2', '15036', '16', ''); 
INSERT INTO `c_battle_soldier` VALUES('843', '174', '3', '15027', '16', ''); 
INSERT INTO `c_battle_soldier` VALUES('844', '174', '4', '15011', '16', ''); 
INSERT INTO `c_battle_soldier` VALUES('845', '174', '5', '15011', '16', ''); 
INSERT INTO `c_battle_soldier` VALUES('846', '174', '6', '15008', '17', ''); 
INSERT INTO `c_battle_soldier` VALUES('847', '175', '1', '15022', '16', ''); 
INSERT INTO `c_battle_soldier` VALUES('848', '175', '3', '15030', '16', ''); 
INSERT INTO `c_battle_soldier` VALUES('849', '175', '4', '15002', '16', ''); 
INSERT INTO `c_battle_soldier` VALUES('850', '175', '5', '15017', '17', ''); 
INSERT INTO `c_battle_soldier` VALUES('851', '175', '7', '15024', '17', ''); 
INSERT INTO `c_battle_soldier` VALUES('852', '176', '0', '15029', '16', ''); 
INSERT INTO `c_battle_soldier` VALUES('853', '176', '2', '15025', '16', ''); 
INSERT INTO `c_battle_soldier` VALUES('854', '176', '4', '15010', '16', ''); 
INSERT INTO `c_battle_soldier` VALUES('855', '176', '6', '15022', '17', ''); 
INSERT INTO `c_battle_soldier` VALUES('856', '176', '8', '15018', '17', ''); 
INSERT INTO `c_battle_soldier` VALUES('857', '177', '1', '15013', '16', ''); 
INSERT INTO `c_battle_soldier` VALUES('858', '177', '3', '15002', '16', ''); 
INSERT INTO `c_battle_soldier` VALUES('859', '177', '5', '15007', '17', ''); 
INSERT INTO `c_battle_soldier` VALUES('860', '177', '6', '15024', '17', ''); 
INSERT INTO `c_battle_soldier` VALUES('861', '177', '8', '15012', '17', ''); 
INSERT INTO `c_battle_soldier` VALUES('862', '178', '0', '15003', '16', ''); 
INSERT INTO `c_battle_soldier` VALUES('863', '178', '1', '15024', '16', ''); 
INSERT INTO `c_battle_soldier` VALUES('864', '178', '2', '15016', '17', ''); 
INSERT INTO `c_battle_soldier` VALUES('865', '178', '4', '15013', '17', ''); 
INSERT INTO `c_battle_soldier` VALUES('866', '178', '7', '15005', '17', ''); 
INSERT INTO `c_battle_soldier` VALUES('867', '179', '0', '15004', '16', ''); 
INSERT INTO `c_battle_soldier` VALUES('868', '179', '1', '15036', '17', ''); 
INSERT INTO `c_battle_soldier` VALUES('869', '179', '2', '15009', '17', ''); 
INSERT INTO `c_battle_soldier` VALUES('870', '179', '4', '15036', '17', ''); 
INSERT INTO `c_battle_soldier` VALUES('871', '179', '7', '15024', '17', ''); 
INSERT INTO `c_battle_soldier` VALUES('872', '180', '2', '15022', '16', ''); 
INSERT INTO `c_battle_soldier` VALUES('873', '180', '3', '15001', '17', ''); 
INSERT INTO `c_battle_soldier` VALUES('874', '180', '4', '15028', '17', ''); 
INSERT INTO `c_battle_soldier` VALUES('875', '180', '5', '15019', '17', ''); 
INSERT INTO `c_battle_soldier` VALUES('876', '180', '6', '15028', '17', ''); 
INSERT INTO `c_battle_soldier` VALUES('877', '181', '0', '15021', '17', ''); 
INSERT INTO `c_battle_soldier` VALUES('878', '181', '2', '15036', '17', ''); 
INSERT INTO `c_battle_soldier` VALUES('879', '181', '4', '15008', '17', ''); 
INSERT INTO `c_battle_soldier` VALUES('880', '181', '6', '15034', '17', ''); 
INSERT INTO `c_battle_soldier` VALUES('881', '181', '8', '15031', '17', ''); 
INSERT INTO `c_battle_soldier` VALUES('882', '182', '0', '15033', '17', ''); 
INSERT INTO `c_battle_soldier` VALUES('883', '182', '2', '15032', '17', ''); 
INSERT INTO `c_battle_soldier` VALUES('884', '182', '4', '15003', '17', ''); 
INSERT INTO `c_battle_soldier` VALUES('885', '182', '6', '15020', '17', ''); 
INSERT INTO `c_battle_soldier` VALUES('886', '182', '8', '15005', '17', ''); 
INSERT INTO `c_battle_soldier` VALUES('887', '183', '0', '15016', '17', ''); 
INSERT INTO `c_battle_soldier` VALUES('888', '183', '2', '15008', '17', ''); 
INSERT INTO `c_battle_soldier` VALUES('889', '183', '4', '15005', '17', ''); 
INSERT INTO `c_battle_soldier` VALUES('890', '183', '6', '15003', '17', ''); 
INSERT INTO `c_battle_soldier` VALUES('891', '183', '8', '15002', '18', ''); 
INSERT INTO `c_battle_soldier` VALUES('892', '184', '2', '15024', '17', ''); 
INSERT INTO `c_battle_soldier` VALUES('893', '184', '3', '15004', '17', ''); 
INSERT INTO `c_battle_soldier` VALUES('894', '184', '4', '15016', '17', ''); 
INSERT INTO `c_battle_soldier` VALUES('895', '184', '5', '15012', '17', ''); 
INSERT INTO `c_battle_soldier` VALUES('896', '184', '6', '15030', '18', ''); 
INSERT INTO `c_battle_soldier` VALUES('897', '185', '1', '15036', '17', ''); 
INSERT INTO `c_battle_soldier` VALUES('898', '185', '3', '15010', '17', ''); 
INSERT INTO `c_battle_soldier` VALUES('899', '185', '5', '15013', '17', ''); 
INSERT INTO `c_battle_soldier` VALUES('900', '185', '6', '15022', '18', ''); 
INSERT INTO `c_battle_soldier` VALUES('901', '185', '8', '15026', '18', ''); 
INSERT INTO `c_battle_soldier` VALUES('902', '186', '2', '15005', '17', ''); 
INSERT INTO `c_battle_soldier` VALUES('903', '186', '3', '15020', '17', ''); 
INSERT INTO `c_battle_soldier` VALUES('904', '186', '4', '15025', '17', ''); 
INSERT INTO `c_battle_soldier` VALUES('905', '186', '5', '15030', '18', ''); 
INSERT INTO `c_battle_soldier` VALUES('906', '186', '6', '15029', '18', ''); 
INSERT INTO `c_battle_soldier` VALUES('907', '187', '0', '15028', '17', ''); 
INSERT INTO `c_battle_soldier` VALUES('908', '187', '1', '15001', '17', ''); 
INSERT INTO `c_battle_soldier` VALUES('909', '187', '2', '15024', '18', ''); 
INSERT INTO `c_battle_soldier` VALUES('910', '187', '4', '15031', '18', ''); 
INSERT INTO `c_battle_soldier` VALUES('911', '187', '7', '15034', '19', ''); 
INSERT INTO `c_battle_soldier` VALUES('912', '188', '1', '15029', '17', ''); 
INSERT INTO `c_battle_soldier` VALUES('913', '188', '3', '15011', '17', ''); 
INSERT INTO `c_battle_soldier` VALUES('914', '188', '5', '15023', '18', ''); 
INSERT INTO `c_battle_soldier` VALUES('915', '188', '6', '15008', '18', ''); 
INSERT INTO `c_battle_soldier` VALUES('916', '188', '8', '15009', '19', ''); 
INSERT INTO `c_battle_soldier` VALUES('917', '189', '0', '15001', '17', ''); 
INSERT INTO `c_battle_soldier` VALUES('918', '189', '1', '15023', '18', ''); 
INSERT INTO `c_battle_soldier` VALUES('919', '189', '2', '15010', '18', ''); 
INSERT INTO `c_battle_soldier` VALUES('920', '189', '4', '15031', '18', ''); 
INSERT INTO `c_battle_soldier` VALUES('921', '189', '7', '15031', '19', ''); 
INSERT INTO `c_battle_soldier` VALUES('922', '190', '2', '15010', '17', ''); 
INSERT INTO `c_battle_soldier` VALUES('923', '190', '3', '15032', '18', ''); 
INSERT INTO `c_battle_soldier` VALUES('924', '190', '4', '15006', '18', ''); 
INSERT INTO `c_battle_soldier` VALUES('925', '190', '5', '15015', '18', ''); 
INSERT INTO `c_battle_soldier` VALUES('926', '190', '6', '15003', '19', ''); 
INSERT INTO `c_battle_soldier` VALUES('927', '191', '0', '15001', '18', ''); 
INSERT INTO `c_battle_soldier` VALUES('928', '191', '1', '15020', '18', ''); 
INSERT INTO `c_battle_soldier` VALUES('929', '191', '2', '15007', '18', ''); 
INSERT INTO `c_battle_soldier` VALUES('930', '191', '4', '15026', '18', ''); 
INSERT INTO `c_battle_soldier` VALUES('931', '191', '7', '15010', '19', ''); 
INSERT INTO `c_battle_soldier` VALUES('932', '192', '1', '15031', '18', ''); 
INSERT INTO `c_battle_soldier` VALUES('933', '192', '3', '15015', '18', ''); 
INSERT INTO `c_battle_soldier` VALUES('934', '192', '4', '15015', '18', ''); 
INSERT INTO `c_battle_soldier` VALUES('935', '192', '5', '15012', '18', ''); 
INSERT INTO `c_battle_soldier` VALUES('936', '192', '7', '15003', '19', ''); 
INSERT INTO `c_battle_soldier` VALUES('937', '193', '2', '15006', '18', ''); 
INSERT INTO `c_battle_soldier` VALUES('938', '193', '3', '15018', '18', ''); 
INSERT INTO `c_battle_soldier` VALUES('939', '193', '4', '15007', '18', ''); 
INSERT INTO `c_battle_soldier` VALUES('940', '193', '5', '15016', '18', ''); 
INSERT INTO `c_battle_soldier` VALUES('941', '193', '6', '15016', '20', ''); 
INSERT INTO `c_battle_soldier` VALUES('942', '194', '0', '15025', '18', ''); 
INSERT INTO `c_battle_soldier` VALUES('943', '194', '1', '15003', '18', ''); 
INSERT INTO `c_battle_soldier` VALUES('944', '194', '2', '15035', '18', ''); 
INSERT INTO `c_battle_soldier` VALUES('945', '194', '4', '15035', '18', ''); 
INSERT INTO `c_battle_soldier` VALUES('946', '194', '7', '15006', '20', ''); 
INSERT INTO `c_battle_soldier` VALUES('947', '195', '1', '15012', '18', ''); 
INSERT INTO `c_battle_soldier` VALUES('948', '195', '3', '15001', '18', ''); 
INSERT INTO `c_battle_soldier` VALUES('949', '195', '4', '15033', '19', ''); 
INSERT INTO `c_battle_soldier` VALUES('950', '195', '5', '15004', '19', ''); 
INSERT INTO `c_battle_soldier` VALUES('951', '195', '7', '15036', '19', ''); 
INSERT INTO `c_battle_soldier` VALUES('952', '196', '1', '15031', '18', ''); 
INSERT INTO `c_battle_soldier` VALUES('953', '196', '3', '15034', '18', ''); 
INSERT INTO `c_battle_soldier` VALUES('954', '196', '5', '15023', '19', ''); 
INSERT INTO `c_battle_soldier` VALUES('955', '196', '6', '15013', '19', ''); 
INSERT INTO `c_battle_soldier` VALUES('956', '196', '8', '15003', '19', ''); 
INSERT INTO `c_battle_soldier` VALUES('957', '197', '2', '15030', '18', ''); 
INSERT INTO `c_battle_soldier` VALUES('958', '197', '3', '15027', '19', ''); 
INSERT INTO `c_battle_soldier` VALUES('959', '197', '4', '15025', '19', ''); 
INSERT INTO `c_battle_soldier` VALUES('960', '197', '5', '15018', '19', ''); 
INSERT INTO `c_battle_soldier` VALUES('961', '197', '6', '15036', '19', ''); 
INSERT INTO `c_battle_soldier` VALUES('962', '198', '0', '15026', '18', ''); 
INSERT INTO `c_battle_soldier` VALUES('963', '198', '1', '15018', '19', ''); 
INSERT INTO `c_battle_soldier` VALUES('964', '198', '2', '15001', '19', ''); 
INSERT INTO `c_battle_soldier` VALUES('965', '198', '4', '15028', '19', ''); 
INSERT INTO `c_battle_soldier` VALUES('966', '198', '7', '15013', '19', ''); 
INSERT INTO `c_battle_soldier` VALUES('967', '199', '0', '15036', '19', ''); 
INSERT INTO `c_battle_soldier` VALUES('968', '199', '1', '15023', '19', ''); 
INSERT INTO `c_battle_soldier` VALUES('969', '199', '2', '15015', '19', ''); 
INSERT INTO `c_battle_soldier` VALUES('970', '199', '4', '15011', '19', ''); 
INSERT INTO `c_battle_soldier` VALUES('971', '199', '7', '15023', '19', ''); 
INSERT INTO `c_battle_soldier` VALUES('972', '200', '1', '15031', '19', ''); 
INSERT INTO `c_battle_soldier` VALUES('973', '200', '3', '15013', '19', ''); 
INSERT INTO `c_battle_soldier` VALUES('974', '200', '4', '15006', '19', ''); 
INSERT INTO `c_battle_soldier` VALUES('975', '200', '5', '15015', '19', ''); 
INSERT INTO `c_battle_soldier` VALUES('976', '200', '7', '15002', '19', ''); 
INSERT INTO `c_battle_soldier` VALUES('977', '201', '2', '15026', '19', ''); 
INSERT INTO `c_battle_soldier` VALUES('978', '201', '3', '15001', '19', ''); 
INSERT INTO `c_battle_soldier` VALUES('979', '201', '4', '15019', '19', ''); 
INSERT INTO `c_battle_soldier` VALUES('980', '201', '5', '15011', '19', ''); 
INSERT INTO `c_battle_soldier` VALUES('981', '201', '6', '15001', '20', ''); 
INSERT INTO `c_battle_soldier` VALUES('982', '202', '1', '15018', '19', ''); 
INSERT INTO `c_battle_soldier` VALUES('983', '202', '3', '15020', '19', ''); 
INSERT INTO `c_battle_soldier` VALUES('984', '202', '5', '15015', '19', ''); 
INSERT INTO `c_battle_soldier` VALUES('985', '202', '6', '15003', '19', ''); 
INSERT INTO `c_battle_soldier` VALUES('986', '202', '8', '15027', '20', ''); 
INSERT INTO `c_battle_soldier` VALUES('987', '203', '1', '15036', '19', ''); 
INSERT INTO `c_battle_soldier` VALUES('988', '203', '3', '15002', '19', ''); 
INSERT INTO `c_battle_soldier` VALUES('989', '203', '5', '15025', '19', ''); 
INSERT INTO `c_battle_soldier` VALUES('990', '203', '6', '15007', '20', ''); 
INSERT INTO `c_battle_soldier` VALUES('991', '203', '8', '15012', '20', ''); 
INSERT INTO `c_battle_soldier` VALUES('992', '204', '0', '15006', '19', ''); 
INSERT INTO `c_battle_soldier` VALUES('993', '204', '2', '15031', '19', ''); 
INSERT INTO `c_battle_soldier` VALUES('994', '204', '4', '15022', '19', ''); 
INSERT INTO `c_battle_soldier` VALUES('995', '204', '6', '15005', '20', ''); 
INSERT INTO `c_battle_soldier` VALUES('996', '204', '8', '15014', '20', ''); 
INSERT INTO `c_battle_soldier` VALUES('997', '205', '0', '15001', '19', ''); 
INSERT INTO `c_battle_soldier` VALUES('998', '205', '1', '15034', '19', ''); 
INSERT INTO `c_battle_soldier` VALUES('999', '205', '2', '15024', '20', ''); 
INSERT INTO `c_battle_soldier` VALUES('1000', '205', '4', '15023', '20', ''); 
INSERT INTO `c_battle_soldier` VALUES('1001', '205', '7', '15027', '20', ''); 
INSERT INTO `c_battle_soldier` VALUES('1002', '206', '1', '15026', '19', ''); 
INSERT INTO `c_battle_soldier` VALUES('1003', '206', '3', '15013', '19', ''); 
INSERT INTO `c_battle_soldier` VALUES('1004', '206', '5', '15030', '20', ''); 
INSERT INTO `c_battle_soldier` VALUES('1005', '206', '6', '15027', '20', ''); 
INSERT INTO `c_battle_soldier` VALUES('1006', '206', '8', '15028', '20', ''); 
INSERT INTO `c_battle_soldier` VALUES('1007', '207', '2', '15001', '19', ''); 
INSERT INTO `c_battle_soldier` VALUES('1008', '207', '3', '15002', '20', ''); 
INSERT INTO `c_battle_soldier` VALUES('1009', '207', '4', '15034', '20', ''); 
INSERT INTO `c_battle_soldier` VALUES('1010', '207', '5', '15012', '20', ''); 
INSERT INTO `c_battle_soldier` VALUES('1011', '207', '6', '15013', '21', ''); 
INSERT INTO `c_battle_soldier` VALUES('1012', '208', '2', '15025', '19', ''); 
INSERT INTO `c_battle_soldier` VALUES('1013', '208', '3', '15011', '20', ''); 
INSERT INTO `c_battle_soldier` VALUES('1014', '208', '4', '15023', '20', ''); 
INSERT INTO `c_battle_soldier` VALUES('1015', '208', '5', '15026', '20', ''); 
INSERT INTO `c_battle_soldier` VALUES('1016', '208', '6', '15019', '21', ''); 
INSERT INTO `c_battle_soldier` VALUES('1017', '209', '2', '15029', '20', ''); 
INSERT INTO `c_battle_soldier` VALUES('1018', '209', '3', '15034', '20', ''); 
INSERT INTO `c_battle_soldier` VALUES('1019', '209', '4', '15021', '20', ''); 
INSERT INTO `c_battle_soldier` VALUES('1020', '209', '5', '15001', '20', ''); 
INSERT INTO `c_battle_soldier` VALUES('1021', '209', '6', '15026', '21', ''); 
INSERT INTO `c_battle_soldier` VALUES('1022', '210', '0', '15002', '20', ''); 
INSERT INTO `c_battle_soldier` VALUES('1023', '210', '1', '15018', '20', ''); 
INSERT INTO `c_battle_soldier` VALUES('1024', '210', '2', '15017', '20', ''); 
INSERT INTO `c_battle_soldier` VALUES('1025', '210', '4', '15006', '20', ''); 
INSERT INTO `c_battle_soldier` VALUES('1026', '210', '7', '15006', '21', ''); 
INSERT INTO `c_battle_soldier` VALUES('1027', '211', '0', '15014', '20', ''); 
INSERT INTO `c_battle_soldier` VALUES('1028', '211', '1', '15021', '20', ''); 
INSERT INTO `c_battle_soldier` VALUES('1029', '211', '2', '15023', '20', ''); 
INSERT INTO `c_battle_soldier` VALUES('1030', '211', '4', '15033', '20', ''); 
INSERT INTO `c_battle_soldier` VALUES('1031', '211', '7', '15001', '22', ''); 
INSERT INTO `c_battle_soldier` VALUES('1032', '212', '1', '15005', '20', ''); 
INSERT INTO `c_battle_soldier` VALUES('1033', '212', '3', '15036', '20', ''); 
INSERT INTO `c_battle_soldier` VALUES('1034', '212', '4', '15025', '20', ''); 
INSERT INTO `c_battle_soldier` VALUES('1035', '212', '5', '15015', '20', ''); 
INSERT INTO `c_battle_soldier` VALUES('1036', '212', '7', '15010', '22', ''); 
INSERT INTO `c_battle_soldier` VALUES('1037', '213', '0', '15022', '20', ''); 
INSERT INTO `c_battle_soldier` VALUES('1038', '213', '1', '15024', '20', ''); 
INSERT INTO `c_battle_soldier` VALUES('1039', '213', '2', '15013', '20', ''); 
INSERT INTO `c_battle_soldier` VALUES('1040', '213', '4', '15031', '21', ''); 
INSERT INTO `c_battle_soldier` VALUES('1041', '213', '7', '15013', '22', ''); 
INSERT INTO `c_award_type` VALUES('1', 'Gold'); 
INSERT INTO `c_award_type` VALUES('2', ' Exp'); 
INSERT INTO `c_award_type` VALUES('3', 'Item'); 
INSERT INTO `c_award_type` VALUES('4', 'Iron'); 
INSERT INTO `c_award_type` VALUES('5', 'Wood'); 
INSERT INTO `c_award` VALUES('1', '1', '1', '100'); 
INSERT INTO `c_award` VALUES('2', '1', '5', '10'); 
INSERT INTO `c_award` VALUES('3', '1', '4', '10'); 
INSERT INTO `c_award` VALUES('4', '2', '1', '100'); 
INSERT INTO `c_award` VALUES('5', '2', '5', '10'); 
INSERT INTO `c_award` VALUES('6', '2', '4', '10'); 
INSERT INTO `c_award` VALUES('7', '3', '1', '100'); 
INSERT INTO `c_award` VALUES('8', '3', '5', '10'); 
INSERT INTO `c_award` VALUES('9', '3', '4', '10'); 
INSERT INTO `c_award` VALUES('10', '4', '1', '100'); 
INSERT INTO `c_award` VALUES('11', '4', '5', '10'); 
INSERT INTO `c_award` VALUES('12', '4', '4', '10'); 
INSERT INTO `c_award` VALUES('13', '5', '1', '100'); 
INSERT INTO `c_award` VALUES('14', '5', '5', '10'); 
INSERT INTO `c_award` VALUES('15', '5', '4', '10'); 
INSERT INTO `c_award` VALUES('16', '6', '1', '100'); 
INSERT INTO `c_award` VALUES('17', '6', '5', '10'); 
INSERT INTO `c_award` VALUES('18', '6', '4', '10'); 
INSERT INTO `c_award` VALUES('19', '7', '1', '100'); 
INSERT INTO `c_award` VALUES('20', '7', '5', '10'); 
INSERT INTO `c_award` VALUES('21', '7', '4', '10'); 
INSERT INTO `c_award` VALUES('22', '8', '1', '100'); 
INSERT INTO `c_award` VALUES('23', '8', '5', '10'); 
INSERT INTO `c_award` VALUES('24', '8', '4', '10'); 
INSERT INTO `c_award` VALUES('25', '9', '1', '100'); 
INSERT INTO `c_award` VALUES('26', '9', '5', '10'); 
INSERT INTO `c_award` VALUES('27', '9', '4', '10'); 
INSERT INTO `c_award` VALUES('28', '10', '1', '100'); 
INSERT INTO `c_award` VALUES('29', '10', '5', '10'); 
INSERT INTO `c_award` VALUES('30', '10', '4', '10'); 
INSERT INTO `c_award` VALUES('31', '11', '1', '100'); 
INSERT INTO `c_award` VALUES('32', '11', '5', '10'); 
INSERT INTO `c_award` VALUES('33', '11', '4', '10'); 
INSERT INTO `c_award` VALUES('34', '12', '1', '100'); 
INSERT INTO `c_award` VALUES('35', '12', '5', '10'); 
INSERT INTO `c_award` VALUES('36', '12', '4', '10'); 
INSERT INTO `c_award` VALUES('37', '13', '1', '100'); 
INSERT INTO `c_award` VALUES('38', '13', '5', '10'); 
INSERT INTO `c_award` VALUES('39', '13', '4', '10'); 
INSERT INTO `c_award` VALUES('40', '14', '1', '100'); 
INSERT INTO `c_award` VALUES('41', '14', '5', '10'); 
INSERT INTO `c_award` VALUES('42', '14', '4', '10'); 
INSERT INTO `c_award` VALUES('43', '15', '1', '100'); 
INSERT INTO `c_award` VALUES('44', '15', '5', '10'); 
INSERT INTO `c_award` VALUES('45', '15', '4', '10'); 
INSERT INTO `c_award` VALUES('46', '16', '1', '100'); 
INSERT INTO `c_award` VALUES('47', '16', '5', '10'); 
INSERT INTO `c_award` VALUES('48', '16', '4', '10'); 
INSERT INTO `c_award` VALUES('49', '17', '1', '100'); 
INSERT INTO `c_award` VALUES('50', '17', '5', '10'); 
INSERT INTO `c_award` VALUES('51', '17', '4', '10'); 
INSERT INTO `c_award` VALUES('52', '18', '1', '100'); 
INSERT INTO `c_award` VALUES('53', '18', '5', '10'); 
INSERT INTO `c_award` VALUES('54', '18', '4', '10'); 
INSERT INTO `c_award` VALUES('55', '19', '1', '100'); 
INSERT INTO `c_award` VALUES('56', '19', '5', '10'); 
INSERT INTO `c_award` VALUES('57', '19', '4', '10'); 
INSERT INTO `c_award` VALUES('58', '20', '1', '100'); 
INSERT INTO `c_award` VALUES('59', '20', '5', '10'); 
INSERT INTO `c_award` VALUES('60', '20', '4', '10'); 
INSERT INTO `c_award` VALUES('61', '21', '1', '100'); 
INSERT INTO `c_award` VALUES('62', '21', '5', '10'); 
INSERT INTO `c_award` VALUES('63', '21', '4', '10'); 
INSERT INTO `c_award` VALUES('64', '22', '1', '100'); 
INSERT INTO `c_award` VALUES('65', '22', '5', '10'); 
INSERT INTO `c_award` VALUES('66', '22', '4', '10'); 
INSERT INTO `c_award` VALUES('67', '23', '1', '100'); 
INSERT INTO `c_award` VALUES('68', '23', '5', '10'); 
INSERT INTO `c_award` VALUES('69', '23', '4', '10'); 
INSERT INTO `c_award` VALUES('70', '24', '1', '100'); 
INSERT INTO `c_award` VALUES('71', '24', '5', '10'); 
INSERT INTO `c_award` VALUES('72', '24', '4', '10'); 
INSERT INTO `c_award` VALUES('73', '25', '1', '100'); 
INSERT INTO `c_award` VALUES('74', '25', '5', '10'); 
INSERT INTO `c_award` VALUES('75', '25', '4', '10'); 
INSERT INTO `c_award` VALUES('76', '26', '1', '100'); 
INSERT INTO `c_award` VALUES('77', '26', '5', '10'); 
INSERT INTO `c_award` VALUES('78', '26', '4', '10'); 
INSERT INTO `c_award` VALUES('79', '27', '1', '100'); 
INSERT INTO `c_award` VALUES('80', '27', '5', '10'); 
INSERT INTO `c_award` VALUES('81', '27', '4', '10'); 
INSERT INTO `c_award` VALUES('82', '28', '1', '100'); 
INSERT INTO `c_award` VALUES('83', '28', '5', '10'); 
INSERT INTO `c_award` VALUES('84', '28', '4', '10'); 
INSERT INTO `c_award` VALUES('85', '29', '1', '100'); 
INSERT INTO `c_award` VALUES('86', '29', '5', '10'); 
INSERT INTO `c_award` VALUES('87', '29', '4', '10'); 
INSERT INTO `c_award` VALUES('88', '30', '1', '100'); 
INSERT INTO `c_award` VALUES('89', '30', '5', '10'); 
INSERT INTO `c_award` VALUES('90', '30', '4', '10'); 
INSERT INTO `c_award` VALUES('91', '31', '1', '100'); 
INSERT INTO `c_award` VALUES('92', '31', '5', '10'); 
INSERT INTO `c_award` VALUES('93', '31', '4', '10'); 
INSERT INTO `c_award` VALUES('94', '32', '1', '100'); 
INSERT INTO `c_award` VALUES('95', '32', '5', '10'); 
INSERT INTO `c_award` VALUES('96', '32', '4', '10'); 
INSERT INTO `c_award` VALUES('97', '33', '1', '100'); 
INSERT INTO `c_award` VALUES('98', '33', '5', '10'); 
INSERT INTO `c_award` VALUES('99', '33', '4', '10'); 
INSERT INTO `c_award` VALUES('100', '34', '1', '100'); 
INSERT INTO `c_award` VALUES('101', '34', '5', '10'); 
INSERT INTO `c_award` VALUES('102', '34', '4', '10'); 
INSERT INTO `c_award` VALUES('103', '35', '1', '100'); 
INSERT INTO `c_award` VALUES('104', '35', '5', '10'); 
INSERT INTO `c_award` VALUES('105', '35', '4', '10'); 
INSERT INTO `c_award` VALUES('106', '36', '1', '100'); 
INSERT INTO `c_award` VALUES('107', '36', '5', '10'); 
INSERT INTO `c_award` VALUES('108', '36', '4', '10'); 
INSERT INTO `c_award` VALUES('109', '37', '1', '100'); 
INSERT INTO `c_award` VALUES('110', '37', '5', '10'); 
INSERT INTO `c_award` VALUES('111', '37', '4', '10'); 
INSERT INTO `c_award` VALUES('112', '38', '1', '100'); 
INSERT INTO `c_award` VALUES('113', '38', '5', '10'); 
INSERT INTO `c_award` VALUES('114', '38', '4', '10'); 
INSERT INTO `c_award` VALUES('115', '39', '1', '100'); 
INSERT INTO `c_award` VALUES('116', '39', '5', '10'); 
INSERT INTO `c_award` VALUES('117', '39', '4', '10'); 
INSERT INTO `c_award` VALUES('118', '40', '1', '100'); 
INSERT INTO `c_award` VALUES('119', '40', '5', '10'); 
INSERT INTO `c_award` VALUES('120', '40', '4', '10'); 
INSERT INTO `c_award` VALUES('121', '41', '1', '100'); 
INSERT INTO `c_award` VALUES('122', '41', '5', '10'); 
INSERT INTO `c_award` VALUES('123', '41', '4', '10'); 
INSERT INTO `c_award` VALUES('124', '42', '1', '100'); 
INSERT INTO `c_award` VALUES('125', '42', '5', '10'); 
INSERT INTO `c_award` VALUES('126', '42', '4', '10'); 
INSERT INTO `c_award` VALUES('127', '43', '1', '100'); 
INSERT INTO `c_award` VALUES('128', '43', '5', '10'); 
INSERT INTO `c_award` VALUES('129', '43', '4', '10'); 
INSERT INTO `c_award` VALUES('130', '44', '1', '100'); 
INSERT INTO `c_award` VALUES('131', '44', '5', '10'); 
INSERT INTO `c_award` VALUES('132', '44', '4', '10'); 
INSERT INTO `c_award` VALUES('133', '45', '1', '100'); 
INSERT INTO `c_award` VALUES('134', '45', '5', '10'); 
INSERT INTO `c_award` VALUES('135', '45', '4', '10'); 
INSERT INTO `c_award` VALUES('136', '46', '1', '100'); 
INSERT INTO `c_award` VALUES('137', '46', '5', '10'); 
INSERT INTO `c_award` VALUES('138', '46', '4', '10'); 
INSERT INTO `c_award` VALUES('139', '47', '1', '100'); 
INSERT INTO `c_award` VALUES('140', '47', '5', '10'); 
INSERT INTO `c_award` VALUES('141', '47', '4', '10'); 
INSERT INTO `c_award` VALUES('142', '48', '1', '100'); 
INSERT INTO `c_award` VALUES('143', '48', '5', '10'); 
INSERT INTO `c_award` VALUES('144', '48', '4', '10'); 
INSERT INTO `c_award` VALUES('145', '49', '1', '100'); 
INSERT INTO `c_award` VALUES('146', '49', '5', '10'); 
INSERT INTO `c_award` VALUES('147', '49', '4', '10'); 
INSERT INTO `c_award` VALUES('148', '50', '1', '100'); 
INSERT INTO `c_award` VALUES('149', '50', '5', '10'); 
INSERT INTO `c_award` VALUES('150', '50', '4', '10'); 
INSERT INTO `c_award` VALUES('151', '51', '1', '100'); 
INSERT INTO `c_award` VALUES('152', '51', '5', '10'); 
INSERT INTO `c_award` VALUES('153', '51', '4', '10'); 
INSERT INTO `c_award` VALUES('154', '52', '1', '100'); 
INSERT INTO `c_award` VALUES('155', '52', '5', '10'); 
INSERT INTO `c_award` VALUES('156', '52', '4', '10'); 
INSERT INTO `c_award` VALUES('157', '53', '1', '100'); 
INSERT INTO `c_award` VALUES('158', '53', '5', '10'); 
INSERT INTO `c_award` VALUES('159', '53', '4', '10'); 
INSERT INTO `c_award` VALUES('160', '54', '1', '100'); 
INSERT INTO `c_award` VALUES('161', '54', '5', '10'); 
INSERT INTO `c_award` VALUES('162', '54', '4', '10'); 
INSERT INTO `c_award` VALUES('163', '55', '1', '100'); 
INSERT INTO `c_award` VALUES('164', '55', '5', '10'); 
INSERT INTO `c_award` VALUES('165', '55', '4', '10'); 
INSERT INTO `c_award` VALUES('166', '56', '1', '100'); 
INSERT INTO `c_award` VALUES('167', '56', '5', '10'); 
INSERT INTO `c_award` VALUES('168', '56', '4', '10'); 
INSERT INTO `c_award` VALUES('169', '57', '1', '100'); 
INSERT INTO `c_award` VALUES('170', '57', '5', '10'); 
INSERT INTO `c_award` VALUES('171', '57', '4', '10'); 
INSERT INTO `c_award` VALUES('172', '58', '1', '100'); 
INSERT INTO `c_award` VALUES('173', '58', '5', '10'); 
INSERT INTO `c_award` VALUES('174', '58', '4', '10'); 
INSERT INTO `c_award` VALUES('175', '59', '1', '100'); 
INSERT INTO `c_award` VALUES('176', '59', '5', '10'); 
INSERT INTO `c_award` VALUES('177', '59', '4', '10'); 
INSERT INTO `c_award` VALUES('178', '60', '1', '100'); 
INSERT INTO `c_award` VALUES('179', '60', '5', '10'); 
INSERT INTO `c_award` VALUES('180', '60', '4', '10'); 
INSERT INTO `c_award` VALUES('181', '61', '1', '100'); 
INSERT INTO `c_award` VALUES('182', '61', '5', '10'); 
INSERT INTO `c_award` VALUES('183', '61', '4', '10'); 
INSERT INTO `c_award` VALUES('184', '62', '1', '100'); 
INSERT INTO `c_award` VALUES('185', '62', '5', '10'); 
INSERT INTO `c_award` VALUES('186', '62', '4', '10'); 
INSERT INTO `c_award` VALUES('187', '63', '1', '100'); 
INSERT INTO `c_award` VALUES('188', '63', '5', '10'); 
INSERT INTO `c_award` VALUES('189', '63', '4', '10'); 
INSERT INTO `c_award` VALUES('190', '64', '1', '100'); 
INSERT INTO `c_award` VALUES('191', '64', '5', '10'); 
INSERT INTO `c_award` VALUES('192', '64', '4', '10'); 
INSERT INTO `c_award` VALUES('193', '65', '1', '100'); 
INSERT INTO `c_award` VALUES('194', '65', '5', '10'); 
INSERT INTO `c_award` VALUES('195', '65', '4', '10'); 
INSERT INTO `c_award` VALUES('196', '66', '1', '100'); 
INSERT INTO `c_award` VALUES('197', '66', '5', '10'); 
INSERT INTO `c_award` VALUES('198', '66', '4', '10'); 
INSERT INTO `c_award` VALUES('199', '67', '1', '100'); 
INSERT INTO `c_award` VALUES('200', '67', '5', '10'); 
INSERT INTO `c_award` VALUES('201', '67', '4', '10'); 
INSERT INTO `c_award` VALUES('202', '68', '1', '100'); 
INSERT INTO `c_award` VALUES('203', '68', '5', '10'); 
INSERT INTO `c_award` VALUES('204', '68', '4', '10'); 
INSERT INTO `c_award` VALUES('205', '69', '1', '100'); 
INSERT INTO `c_award` VALUES('206', '69', '5', '10'); 
INSERT INTO `c_award` VALUES('207', '69', '4', '10'); 
INSERT INTO `c_award` VALUES('208', '70', '1', '100'); 
INSERT INTO `c_award` VALUES('209', '70', '5', '10'); 
INSERT INTO `c_award` VALUES('210', '70', '4', '10'); 
INSERT INTO `c_award` VALUES('211', '71', '1', '100'); 
INSERT INTO `c_award` VALUES('212', '71', '5', '10'); 
INSERT INTO `c_award` VALUES('213', '71', '4', '10'); 
INSERT INTO `c_award` VALUES('214', '72', '1', '100'); 
INSERT INTO `c_award` VALUES('215', '72', '5', '10'); 
INSERT INTO `c_award` VALUES('216', '72', '4', '10'); 
INSERT INTO `c_award` VALUES('217', '73', '1', '100'); 
INSERT INTO `c_award` VALUES('218', '73', '5', '10'); 
INSERT INTO `c_award` VALUES('219', '73', '4', '10'); 
INSERT INTO `c_award` VALUES('220', '74', '1', '100'); 
INSERT INTO `c_award` VALUES('221', '74', '5', '10'); 
INSERT INTO `c_award` VALUES('222', '74', '4', '10'); 
INSERT INTO `c_award` VALUES('223', '75', '1', '100'); 
INSERT INTO `c_award` VALUES('224', '75', '5', '10'); 
INSERT INTO `c_award` VALUES('225', '75', '4', '10'); 
INSERT INTO `c_award` VALUES('226', '76', '1', '100'); 
INSERT INTO `c_award` VALUES('227', '76', '5', '10'); 
INSERT INTO `c_award` VALUES('228', '76', '4', '10'); 
INSERT INTO `c_award` VALUES('229', '77', '1', '100'); 
INSERT INTO `c_award` VALUES('230', '77', '5', '10'); 
INSERT INTO `c_award` VALUES('231', '77', '4', '10'); 
INSERT INTO `c_award` VALUES('232', '78', '1', '100'); 
INSERT INTO `c_award` VALUES('233', '78', '5', '10'); 
INSERT INTO `c_award` VALUES('234', '78', '4', '10'); 
INSERT INTO `c_award` VALUES('235', '79', '1', '100'); 
INSERT INTO `c_award` VALUES('236', '79', '5', '10'); 
INSERT INTO `c_award` VALUES('237', '79', '4', '10'); 
INSERT INTO `c_award` VALUES('238', '80', '1', '100'); 
INSERT INTO `c_award` VALUES('239', '80', '5', '10'); 
INSERT INTO `c_award` VALUES('240', '80', '4', '10'); 
INSERT INTO `c_award` VALUES('241', '81', '1', '100'); 
INSERT INTO `c_award` VALUES('242', '81', '5', '10'); 
INSERT INTO `c_award` VALUES('243', '81', '4', '10'); 
INSERT INTO `c_award` VALUES('244', '82', '1', '100'); 
INSERT INTO `c_award` VALUES('245', '82', '5', '10'); 
INSERT INTO `c_award` VALUES('246', '82', '4', '10'); 
INSERT INTO `c_award` VALUES('247', '83', '1', '100'); 
INSERT INTO `c_award` VALUES('248', '83', '5', '10'); 
INSERT INTO `c_award` VALUES('249', '83', '4', '10'); 
INSERT INTO `c_award` VALUES('250', '84', '1', '100'); 
INSERT INTO `c_award` VALUES('251', '84', '5', '10'); 
INSERT INTO `c_award` VALUES('252', '84', '4', '10'); 
INSERT INTO `c_award` VALUES('253', '85', '1', '100'); 
INSERT INTO `c_award` VALUES('254', '85', '5', '10'); 
INSERT INTO `c_award` VALUES('255', '85', '4', '10'); 
INSERT INTO `c_award` VALUES('256', '86', '1', '100'); 
INSERT INTO `c_award` VALUES('257', '86', '5', '10'); 
INSERT INTO `c_award` VALUES('258', '86', '4', '10'); 
INSERT INTO `c_award` VALUES('259', '87', '1', '100'); 
INSERT INTO `c_award` VALUES('260', '87', '5', '10'); 
INSERT INTO `c_award` VALUES('261', '87', '4', '10'); 
INSERT INTO `c_award` VALUES('262', '88', '1', '100'); 
INSERT INTO `c_award` VALUES('263', '88', '5', '10'); 
INSERT INTO `c_award` VALUES('264', '88', '4', '10'); 
INSERT INTO `c_award` VALUES('265', '89', '1', '100'); 
INSERT INTO `c_award` VALUES('266', '89', '5', '10'); 
INSERT INTO `c_award` VALUES('267', '89', '4', '10'); 
INSERT INTO `c_award` VALUES('268', '90', '1', '100'); 
INSERT INTO `c_award` VALUES('269', '90', '5', '10'); 
INSERT INTO `c_award` VALUES('270', '90', '4', '10'); 
INSERT INTO `c_award` VALUES('271', '91', '1', '100'); 
INSERT INTO `c_award` VALUES('272', '91', '5', '10'); 
INSERT INTO `c_award` VALUES('273', '91', '4', '10'); 
INSERT INTO `c_award` VALUES('274', '92', '1', '100'); 
INSERT INTO `c_award` VALUES('275', '92', '5', '10'); 
INSERT INTO `c_award` VALUES('276', '92', '4', '10'); 
INSERT INTO `c_award` VALUES('277', '93', '1', '100'); 
INSERT INTO `c_award` VALUES('278', '93', '5', '10'); 
INSERT INTO `c_award` VALUES('279', '93', '4', '10'); 
INSERT INTO `c_award` VALUES('280', '94', '1', '100'); 
INSERT INTO `c_award` VALUES('281', '94', '5', '10'); 
INSERT INTO `c_award` VALUES('282', '94', '4', '10'); 
INSERT INTO `c_award` VALUES('283', '95', '1', '100'); 
INSERT INTO `c_award` VALUES('284', '95', '5', '10'); 
INSERT INTO `c_award` VALUES('285', '95', '4', '10'); 
INSERT INTO `c_award` VALUES('286', '96', '1', '100'); 
INSERT INTO `c_award` VALUES('287', '96', '5', '10'); 
INSERT INTO `c_award` VALUES('288', '96', '4', '10'); 
INSERT INTO `c_award` VALUES('289', '97', '1', '100'); 
INSERT INTO `c_award` VALUES('290', '97', '5', '10'); 
INSERT INTO `c_award` VALUES('291', '97', '4', '10'); 
INSERT INTO `c_award` VALUES('292', '98', '1', '100'); 
INSERT INTO `c_award` VALUES('293', '98', '5', '10'); 
INSERT INTO `c_award` VALUES('294', '98', '4', '10'); 
INSERT INTO `c_award` VALUES('295', '99', '1', '100'); 
INSERT INTO `c_award` VALUES('296', '99', '5', '10'); 
INSERT INTO `c_award` VALUES('297', '99', '4', '10'); 
INSERT INTO `c_award` VALUES('298', '100', '1', '100'); 
INSERT INTO `c_award` VALUES('299', '100', '5', '10'); 
INSERT INTO `c_award` VALUES('300', '100', '4', '10'); 
INSERT INTO `c_award` VALUES('301', '101', '1', '100'); 
INSERT INTO `c_award` VALUES('302', '101', '5', '10'); 
INSERT INTO `c_award` VALUES('303', '101', '4', '10'); 
INSERT INTO `c_award` VALUES('304', '102', '1', '100'); 
INSERT INTO `c_award` VALUES('305', '102', '5', '10'); 
INSERT INTO `c_award` VALUES('306', '102', '4', '10'); 
INSERT INTO `c_award` VALUES('307', '103', '1', '100'); 
INSERT INTO `c_award` VALUES('308', '103', '5', '10'); 
INSERT INTO `c_award` VALUES('309', '103', '4', '10'); 
INSERT INTO `c_award` VALUES('310', '104', '1', '100'); 
INSERT INTO `c_award` VALUES('311', '104', '5', '10'); 
INSERT INTO `c_award` VALUES('312', '104', '4', '10'); 
INSERT INTO `c_award` VALUES('313', '105', '1', '100'); 
INSERT INTO `c_award` VALUES('314', '105', '5', '10'); 
INSERT INTO `c_award` VALUES('315', '105', '4', '10'); 
INSERT INTO `c_award` VALUES('316', '106', '1', '100'); 
INSERT INTO `c_award` VALUES('317', '106', '5', '10'); 
INSERT INTO `c_award` VALUES('318', '106', '4', '10'); 
INSERT INTO `c_award` VALUES('319', '107', '1', '100'); 
INSERT INTO `c_award` VALUES('320', '107', '5', '10'); 
INSERT INTO `c_award` VALUES('321', '107', '4', '10'); 
INSERT INTO `c_award` VALUES('322', '108', '1', '100'); 
INSERT INTO `c_award` VALUES('323', '108', '5', '10'); 
INSERT INTO `c_award` VALUES('324', '108', '4', '10'); 
INSERT INTO `c_award` VALUES('325', '109', '1', '100'); 
INSERT INTO `c_award` VALUES('326', '109', '5', '10'); 
INSERT INTO `c_award` VALUES('327', '109', '4', '10'); 
INSERT INTO `c_award` VALUES('328', '110', '1', '100'); 
INSERT INTO `c_award` VALUES('329', '110', '5', '10'); 
INSERT INTO `c_award` VALUES('330', '110', '4', '10'); 
INSERT INTO `c_award` VALUES('331', '111', '1', '100'); 
INSERT INTO `c_award` VALUES('332', '111', '5', '10'); 
INSERT INTO `c_award` VALUES('333', '111', '4', '10'); 
INSERT INTO `c_award` VALUES('334', '112', '1', '100'); 
INSERT INTO `c_award` VALUES('335', '112', '5', '10'); 
INSERT INTO `c_award` VALUES('336', '112', '4', '10'); 
INSERT INTO `c_award` VALUES('337', '113', '1', '100'); 
INSERT INTO `c_award` VALUES('338', '113', '5', '10'); 
INSERT INTO `c_award` VALUES('339', '113', '4', '10'); 
INSERT INTO `c_award` VALUES('340', '114', '1', '100'); 
INSERT INTO `c_award` VALUES('341', '114', '5', '10'); 
INSERT INTO `c_award` VALUES('342', '114', '4', '10'); 
INSERT INTO `c_award` VALUES('343', '115', '1', '100'); 
INSERT INTO `c_award` VALUES('344', '115', '5', '10'); 
INSERT INTO `c_award` VALUES('345', '115', '4', '10'); 
INSERT INTO `c_award` VALUES('346', '116', '1', '100'); 
INSERT INTO `c_award` VALUES('347', '116', '5', '10'); 
INSERT INTO `c_award` VALUES('348', '116', '4', '10'); 
INSERT INTO `c_award` VALUES('349', '117', '1', '100'); 
INSERT INTO `c_award` VALUES('350', '117', '5', '10'); 
INSERT INTO `c_award` VALUES('351', '117', '4', '10'); 
INSERT INTO `c_award` VALUES('352', '118', '1', '100'); 
INSERT INTO `c_award` VALUES('353', '118', '5', '10'); 
INSERT INTO `c_award` VALUES('354', '118', '4', '10'); 
INSERT INTO `c_award` VALUES('355', '119', '1', '100'); 
INSERT INTO `c_award` VALUES('356', '119', '5', '10'); 
INSERT INTO `c_award` VALUES('357', '119', '4', '10'); 
INSERT INTO `c_award` VALUES('358', '120', '1', '100'); 
INSERT INTO `c_award` VALUES('359', '120', '5', '10'); 
INSERT INTO `c_award` VALUES('360', '120', '4', '10'); 
INSERT INTO `c_award` VALUES('361', '121', '1', '100'); 
INSERT INTO `c_award` VALUES('362', '121', '5', '10'); 
INSERT INTO `c_award` VALUES('363', '121', '4', '10'); 
INSERT INTO `c_award` VALUES('364', '122', '1', '100'); 
INSERT INTO `c_award` VALUES('365', '122', '5', '10'); 
INSERT INTO `c_award` VALUES('366', '122', '4', '10'); 
INSERT INTO `c_award` VALUES('367', '123', '1', '100'); 
INSERT INTO `c_award` VALUES('368', '123', '5', '10'); 
INSERT INTO `c_award` VALUES('369', '123', '4', '10'); 
INSERT INTO `c_award` VALUES('370', '124', '1', '100'); 
INSERT INTO `c_award` VALUES('371', '124', '5', '10'); 
INSERT INTO `c_award` VALUES('372', '124', '4', '10'); 
INSERT INTO `c_award` VALUES('373', '125', '1', '100'); 
INSERT INTO `c_award` VALUES('374', '125', '5', '10'); 
INSERT INTO `c_award` VALUES('375', '125', '4', '10'); 
INSERT INTO `c_award` VALUES('376', '126', '1', '100'); 
INSERT INTO `c_award` VALUES('377', '126', '5', '10'); 
INSERT INTO `c_award` VALUES('378', '126', '4', '10'); 
INSERT INTO `c_award` VALUES('379', '127', '1', '100'); 
INSERT INTO `c_award` VALUES('380', '127', '5', '10'); 
INSERT INTO `c_award` VALUES('381', '127', '4', '10'); 
INSERT INTO `c_award` VALUES('382', '128', '1', '100'); 
INSERT INTO `c_award` VALUES('383', '128', '5', '10'); 
INSERT INTO `c_award` VALUES('384', '128', '4', '10'); 
INSERT INTO `c_award` VALUES('385', '129', '1', '100'); 
INSERT INTO `c_award` VALUES('386', '129', '5', '10'); 
INSERT INTO `c_award` VALUES('387', '129', '4', '10'); 
INSERT INTO `c_award` VALUES('388', '130', '1', '100'); 
INSERT INTO `c_award` VALUES('389', '130', '5', '10'); 
INSERT INTO `c_award` VALUES('390', '130', '4', '10'); 
INSERT INTO `c_award` VALUES('391', '131', '1', '100'); 
INSERT INTO `c_award` VALUES('392', '131', '5', '10'); 
INSERT INTO `c_award` VALUES('393', '131', '4', '10'); 
INSERT INTO `c_award` VALUES('394', '132', '1', '100'); 
INSERT INTO `c_award` VALUES('395', '132', '5', '10'); 
INSERT INTO `c_award` VALUES('396', '132', '4', '10'); 
INSERT INTO `c_award` VALUES('397', '133', '1', '100'); 
INSERT INTO `c_award` VALUES('398', '133', '5', '10'); 
INSERT INTO `c_award` VALUES('399', '133', '4', '10'); 
INSERT INTO `c_award` VALUES('400', '134', '1', '100'); 
INSERT INTO `c_award` VALUES('401', '134', '5', '10'); 
INSERT INTO `c_award` VALUES('402', '134', '4', '10'); 
INSERT INTO `c_award` VALUES('403', '135', '1', '100'); 
INSERT INTO `c_award` VALUES('404', '135', '5', '10'); 
INSERT INTO `c_award` VALUES('405', '135', '4', '10'); 
INSERT INTO `c_award` VALUES('406', '136', '1', '100'); 
INSERT INTO `c_award` VALUES('407', '136', '5', '10'); 
INSERT INTO `c_award` VALUES('408', '136', '4', '10'); 
INSERT INTO `c_award` VALUES('409', '137', '1', '100'); 
INSERT INTO `c_award` VALUES('410', '137', '5', '10'); 
INSERT INTO `c_award` VALUES('411', '137', '4', '10'); 
INSERT INTO `c_award` VALUES('412', '138', '1', '100'); 
INSERT INTO `c_award` VALUES('413', '138', '5', '10'); 
INSERT INTO `c_award` VALUES('414', '138', '4', '10'); 
INSERT INTO `c_award` VALUES('415', '139', '1', '100'); 
INSERT INTO `c_award` VALUES('416', '139', '5', '10'); 
INSERT INTO `c_award` VALUES('417', '139', '4', '10'); 
INSERT INTO `c_award` VALUES('418', '140', '1', '100'); 
INSERT INTO `c_award` VALUES('419', '140', '5', '10'); 
INSERT INTO `c_award` VALUES('420', '140', '4', '10'); 
INSERT INTO `c_award` VALUES('421', '141', '1', '100'); 
INSERT INTO `c_award` VALUES('422', '141', '5', '10'); 
INSERT INTO `c_award` VALUES('423', '141', '4', '10'); 
INSERT INTO `c_award` VALUES('424', '142', '1', '100'); 
INSERT INTO `c_award` VALUES('425', '142', '5', '10'); 
INSERT INTO `c_award` VALUES('426', '142', '4', '10'); 
INSERT INTO `c_award` VALUES('427', '143', '1', '100'); 
INSERT INTO `c_award` VALUES('428', '143', '5', '10'); 
INSERT INTO `c_award` VALUES('429', '143', '4', '10'); 
INSERT INTO `c_award` VALUES('430', '144', '1', '100'); 
INSERT INTO `c_award` VALUES('431', '144', '5', '10'); 
INSERT INTO `c_award` VALUES('432', '144', '4', '10'); 
INSERT INTO `c_award` VALUES('433', '145', '1', '100'); 
INSERT INTO `c_award` VALUES('434', '145', '5', '10'); 
INSERT INTO `c_award` VALUES('435', '145', '4', '10'); 
INSERT INTO `c_award` VALUES('436', '146', '1', '100'); 
INSERT INTO `c_award` VALUES('437', '146', '5', '10'); 
INSERT INTO `c_award` VALUES('438', '146', '4', '10'); 
INSERT INTO `c_award` VALUES('439', '147', '1', '100'); 
INSERT INTO `c_award` VALUES('440', '147', '5', '10'); 
INSERT INTO `c_award` VALUES('441', '147', '4', '10'); 
INSERT INTO `c_award` VALUES('442', '148', '1', '100'); 
INSERT INTO `c_award` VALUES('443', '148', '5', '10'); 
INSERT INTO `c_award` VALUES('444', '148', '4', '10'); 
INSERT INTO `c_award` VALUES('445', '149', '1', '100'); 
INSERT INTO `c_award` VALUES('446', '149', '5', '10'); 
INSERT INTO `c_award` VALUES('447', '149', '4', '10'); 
INSERT INTO `c_award` VALUES('448', '150', '1', '100'); 
INSERT INTO `c_award` VALUES('449', '150', '5', '10'); 
INSERT INTO `c_award` VALUES('450', '150', '4', '10'); 
INSERT INTO `c_award` VALUES('451', '151', '1', '100'); 
INSERT INTO `c_award` VALUES('452', '151', '5', '10'); 
INSERT INTO `c_award` VALUES('453', '151', '4', '10'); 
INSERT INTO `c_award` VALUES('454', '152', '1', '100'); 
INSERT INTO `c_award` VALUES('455', '152', '5', '10'); 
INSERT INTO `c_award` VALUES('456', '152', '4', '10'); 
INSERT INTO `c_award` VALUES('457', '153', '1', '100'); 
INSERT INTO `c_award` VALUES('458', '153', '5', '10'); 
INSERT INTO `c_award` VALUES('459', '153', '4', '10'); 
INSERT INTO `c_award` VALUES('460', '154', '1', '100'); 
INSERT INTO `c_award` VALUES('461', '154', '5', '10'); 
INSERT INTO `c_award` VALUES('462', '154', '4', '10'); 
INSERT INTO `c_award` VALUES('463', '155', '1', '100'); 
INSERT INTO `c_award` VALUES('464', '155', '5', '10'); 
INSERT INTO `c_award` VALUES('465', '155', '4', '10'); 
INSERT INTO `c_award` VALUES('466', '156', '1', '100'); 
INSERT INTO `c_award` VALUES('467', '156', '5', '10'); 
INSERT INTO `c_award` VALUES('468', '156', '4', '10'); 
INSERT INTO `c_award` VALUES('469', '157', '1', '100'); 
INSERT INTO `c_award` VALUES('470', '157', '5', '10'); 
INSERT INTO `c_award` VALUES('471', '157', '4', '10'); 
INSERT INTO `c_award` VALUES('472', '158', '1', '100'); 
INSERT INTO `c_award` VALUES('473', '158', '5', '10'); 
INSERT INTO `c_award` VALUES('474', '158', '4', '10'); 
INSERT INTO `c_award` VALUES('475', '159', '1', '100'); 
INSERT INTO `c_award` VALUES('476', '159', '5', '10'); 
INSERT INTO `c_award` VALUES('477', '159', '4', '10'); 
INSERT INTO `c_award` VALUES('478', '160', '1', '100'); 
INSERT INTO `c_award` VALUES('479', '160', '5', '10'); 
INSERT INTO `c_award` VALUES('480', '160', '4', '10'); 
INSERT INTO `c_award` VALUES('481', '161', '1', '100'); 
INSERT INTO `c_award` VALUES('482', '161', '5', '10'); 
INSERT INTO `c_award` VALUES('483', '161', '4', '10'); 
INSERT INTO `c_award` VALUES('484', '162', '1', '100'); 
INSERT INTO `c_award` VALUES('485', '162', '5', '10'); 
INSERT INTO `c_award` VALUES('486', '162', '4', '10'); 
INSERT INTO `c_award` VALUES('487', '163', '1', '100'); 
INSERT INTO `c_award` VALUES('488', '163', '5', '10'); 
INSERT INTO `c_award` VALUES('489', '163', '4', '10'); 
INSERT INTO `c_award` VALUES('490', '164', '1', '100'); 
INSERT INTO `c_award` VALUES('491', '164', '5', '10'); 
INSERT INTO `c_award` VALUES('492', '164', '4', '10'); 
INSERT INTO `c_award` VALUES('493', '165', '1', '100'); 
INSERT INTO `c_award` VALUES('494', '165', '5', '10'); 
INSERT INTO `c_award` VALUES('495', '165', '4', '10'); 
INSERT INTO `c_award` VALUES('496', '166', '1', '100'); 
INSERT INTO `c_award` VALUES('497', '166', '5', '10'); 
INSERT INTO `c_award` VALUES('498', '166', '4', '10'); 
INSERT INTO `c_award` VALUES('499', '167', '1', '100'); 
INSERT INTO `c_award` VALUES('500', '167', '5', '10'); 
INSERT INTO `c_award` VALUES('501', '167', '4', '10'); 
INSERT INTO `c_award` VALUES('502', '168', '1', '100'); 
INSERT INTO `c_award` VALUES('503', '168', '5', '10'); 
INSERT INTO `c_award` VALUES('504', '168', '4', '10'); 
INSERT INTO `c_award` VALUES('505', '169', '1', '100'); 
INSERT INTO `c_award` VALUES('506', '169', '5', '10'); 
INSERT INTO `c_award` VALUES('507', '169', '4', '10'); 
INSERT INTO `c_award` VALUES('508', '170', '1', '100'); 
INSERT INTO `c_award` VALUES('509', '170', '5', '10'); 
INSERT INTO `c_award` VALUES('510', '170', '4', '10'); 
INSERT INTO `c_award` VALUES('511', '171', '1', '100'); 
INSERT INTO `c_award` VALUES('512', '171', '5', '10'); 
INSERT INTO `c_award` VALUES('513', '171', '4', '10'); 
INSERT INTO `c_award` VALUES('514', '172', '1', '100'); 
INSERT INTO `c_award` VALUES('515', '172', '5', '10'); 
INSERT INTO `c_award` VALUES('516', '172', '4', '10'); 
INSERT INTO `c_award` VALUES('517', '173', '1', '100'); 
INSERT INTO `c_award` VALUES('518', '173', '5', '10'); 
INSERT INTO `c_award` VALUES('519', '173', '4', '10'); 
INSERT INTO `c_award` VALUES('520', '174', '1', '100'); 
INSERT INTO `c_award` VALUES('521', '174', '5', '10'); 
INSERT INTO `c_award` VALUES('522', '174', '4', '10'); 
INSERT INTO `c_award` VALUES('523', '175', '1', '100'); 
INSERT INTO `c_award` VALUES('524', '175', '5', '10'); 
INSERT INTO `c_award` VALUES('525', '175', '4', '10'); 
INSERT INTO `c_award` VALUES('526', '176', '1', '100'); 
INSERT INTO `c_award` VALUES('527', '176', '5', '10'); 
INSERT INTO `c_award` VALUES('528', '176', '4', '10'); 
INSERT INTO `c_award` VALUES('529', '177', '1', '100'); 
INSERT INTO `c_award` VALUES('530', '177', '5', '10'); 
INSERT INTO `c_award` VALUES('531', '177', '4', '10'); 
INSERT INTO `c_award` VALUES('532', '178', '1', '100'); 
INSERT INTO `c_award` VALUES('533', '178', '5', '10'); 
INSERT INTO `c_award` VALUES('534', '178', '4', '10'); 
INSERT INTO `c_award` VALUES('535', '179', '1', '100'); 
INSERT INTO `c_award` VALUES('536', '179', '5', '10'); 
INSERT INTO `c_award` VALUES('537', '179', '4', '10'); 
INSERT INTO `c_award` VALUES('538', '180', '1', '100'); 
INSERT INTO `c_award` VALUES('539', '180', '5', '10'); 
INSERT INTO `c_award` VALUES('540', '180', '4', '10'); 
INSERT INTO `c_award` VALUES('541', '181', '1', '100'); 
INSERT INTO `c_award` VALUES('542', '181', '5', '10'); 
INSERT INTO `c_award` VALUES('543', '181', '4', '10'); 
INSERT INTO `c_award` VALUES('544', '182', '1', '100'); 
INSERT INTO `c_award` VALUES('545', '182', '5', '10'); 
INSERT INTO `c_award` VALUES('546', '182', '4', '10'); 
INSERT INTO `c_award` VALUES('547', '183', '1', '100'); 
INSERT INTO `c_award` VALUES('548', '183', '5', '10'); 
INSERT INTO `c_award` VALUES('549', '183', '4', '10'); 
INSERT INTO `c_award` VALUES('550', '184', '1', '100'); 
INSERT INTO `c_award` VALUES('551', '184', '5', '10'); 
INSERT INTO `c_award` VALUES('552', '184', '4', '10'); 
INSERT INTO `c_award` VALUES('553', '185', '1', '100'); 
INSERT INTO `c_award` VALUES('554', '185', '5', '10'); 
INSERT INTO `c_award` VALUES('555', '185', '4', '10'); 
INSERT INTO `c_award` VALUES('556', '186', '1', '100'); 
INSERT INTO `c_award` VALUES('557', '186', '5', '10'); 
INSERT INTO `c_award` VALUES('558', '186', '4', '10'); 
INSERT INTO `c_award` VALUES('559', '187', '1', '100'); 
INSERT INTO `c_award` VALUES('560', '187', '5', '10'); 
INSERT INTO `c_award` VALUES('561', '187', '4', '10'); 
INSERT INTO `c_award` VALUES('562', '188', '1', '100'); 
INSERT INTO `c_award` VALUES('563', '188', '5', '10'); 
INSERT INTO `c_award` VALUES('564', '188', '4', '10'); 
INSERT INTO `c_award` VALUES('565', '189', '1', '100'); 
INSERT INTO `c_award` VALUES('566', '189', '5', '10'); 
INSERT INTO `c_award` VALUES('567', '189', '4', '10'); 
INSERT INTO `c_award` VALUES('568', '190', '1', '100'); 
INSERT INTO `c_award` VALUES('569', '190', '5', '10'); 
INSERT INTO `c_award` VALUES('570', '190', '4', '10'); 
INSERT INTO `c_award` VALUES('571', '191', '1', '100'); 
INSERT INTO `c_award` VALUES('572', '191', '5', '10'); 
INSERT INTO `c_award` VALUES('573', '191', '4', '10'); 
INSERT INTO `c_award` VALUES('574', '192', '1', '100'); 
INSERT INTO `c_award` VALUES('575', '192', '5', '10'); 
INSERT INTO `c_award` VALUES('576', '192', '4', '10'); 
INSERT INTO `c_award` VALUES('577', '193', '1', '100'); 
INSERT INTO `c_award` VALUES('578', '193', '5', '10'); 
INSERT INTO `c_award` VALUES('579', '193', '4', '10'); 
INSERT INTO `c_award` VALUES('580', '194', '1', '100'); 
INSERT INTO `c_award` VALUES('581', '194', '5', '10'); 
INSERT INTO `c_award` VALUES('582', '194', '4', '10'); 
INSERT INTO `c_award` VALUES('583', '195', '1', '100'); 
INSERT INTO `c_award` VALUES('584', '195', '5', '10'); 
INSERT INTO `c_award` VALUES('585', '195', '4', '10'); 
INSERT INTO `c_award` VALUES('586', '196', '1', '100'); 
INSERT INTO `c_award` VALUES('587', '196', '5', '10'); 
INSERT INTO `c_award` VALUES('588', '196', '4', '10'); 
INSERT INTO `c_award` VALUES('589', '197', '1', '100'); 
INSERT INTO `c_award` VALUES('590', '197', '5', '10'); 
INSERT INTO `c_award` VALUES('591', '197', '4', '10'); 
INSERT INTO `c_award` VALUES('592', '198', '1', '100'); 
INSERT INTO `c_award` VALUES('593', '198', '5', '10'); 
INSERT INTO `c_award` VALUES('594', '198', '4', '10'); 
INSERT INTO `c_award` VALUES('595', '199', '1', '100'); 
INSERT INTO `c_award` VALUES('596', '199', '5', '10'); 
INSERT INTO `c_award` VALUES('597', '199', '4', '10'); 
INSERT INTO `c_award` VALUES('598', '200', '1', '100'); 
INSERT INTO `c_award` VALUES('599', '200', '5', '10'); 
INSERT INTO `c_award` VALUES('600', '200', '4', '10'); 
INSERT INTO `c_award` VALUES('601', '201', '1', '100'); 
INSERT INTO `c_award` VALUES('602', '201', '5', '10'); 
INSERT INTO `c_award` VALUES('603', '201', '4', '10'); 
INSERT INTO `c_award` VALUES('604', '202', '1', '100'); 
INSERT INTO `c_award` VALUES('605', '202', '5', '10'); 
INSERT INTO `c_award` VALUES('606', '202', '4', '10'); 
INSERT INTO `c_award` VALUES('607', '203', '1', '100'); 
INSERT INTO `c_award` VALUES('608', '203', '5', '10'); 
INSERT INTO `c_award` VALUES('609', '203', '4', '10'); 
INSERT INTO `c_award` VALUES('610', '204', '1', '100'); 
INSERT INTO `c_award` VALUES('611', '204', '5', '10'); 
INSERT INTO `c_award` VALUES('612', '204', '4', '10'); 
INSERT INTO `c_award` VALUES('613', '205', '1', '100'); 
INSERT INTO `c_award` VALUES('614', '205', '5', '10'); 
INSERT INTO `c_award` VALUES('615', '205', '4', '10'); 
INSERT INTO `c_award` VALUES('616', '206', '1', '100'); 
INSERT INTO `c_award` VALUES('617', '206', '5', '10'); 
INSERT INTO `c_award` VALUES('618', '206', '4', '10'); 
INSERT INTO `c_award` VALUES('619', '207', '1', '100'); 
INSERT INTO `c_award` VALUES('620', '207', '5', '10'); 
INSERT INTO `c_award` VALUES('621', '207', '4', '10'); 
INSERT INTO `c_award` VALUES('622', '208', '1', '100'); 
INSERT INTO `c_award` VALUES('623', '208', '5', '10'); 
INSERT INTO `c_award` VALUES('624', '208', '4', '10'); 
INSERT INTO `c_award` VALUES('625', '209', '1', '100'); 
INSERT INTO `c_award` VALUES('626', '209', '5', '10'); 
INSERT INTO `c_award` VALUES('627', '209', '4', '10'); 
INSERT INTO `c_award` VALUES('628', '210', '1', '100'); 
INSERT INTO `c_award` VALUES('629', '210', '5', '10'); 
INSERT INTO `c_award` VALUES('630', '210', '4', '10'); 
INSERT INTO `c_award` VALUES('631', '211', '1', '100'); 
INSERT INTO `c_award` VALUES('632', '211', '5', '10'); 
INSERT INTO `c_award` VALUES('633', '211', '4', '10'); 
INSERT INTO `c_award` VALUES('634', '212', '1', '100'); 
INSERT INTO `c_award` VALUES('635', '212', '5', '10'); 
INSERT INTO `c_award` VALUES('636', '212', '4', '10'); 
INSERT INTO `c_award` VALUES('637', '213', '1', '100'); 
INSERT INTO `c_award` VALUES('638', '213', '5', '10'); 
INSERT INTO `c_award` VALUES('639', '213', '4', '10'); 
INSERT INTO `c_award` VALUES('640', '214', '1', '100'); 
INSERT INTO `c_award` VALUES('641', '214', '5', '10'); 
INSERT INTO `c_award` VALUES('642', '214', '4', '10'); 
